-- MySQL dump 10.13  Distrib 5.5.49, for debian-linux-gnu (x86_64)
--
-- Host: localhost    Database: education_compete_production
-- ------------------------------------------------------
-- Server version	5.5.49-0ubuntu0.14.04.1

/*!40101 SET @OLD_CHARACTER_SET_CLIENT=@@CHARACTER_SET_CLIENT */;
/*!40101 SET @OLD_CHARACTER_SET_RESULTS=@@CHARACTER_SET_RESULTS */;
/*!40101 SET @OLD_COLLATION_CONNECTION=@@COLLATION_CONNECTION */;
/*!40101 SET NAMES utf8 */;
/*!40103 SET @OLD_TIME_ZONE=@@TIME_ZONE */;
/*!40103 SET TIME_ZONE='+00:00' */;
/*!40014 SET @OLD_UNIQUE_CHECKS=@@UNIQUE_CHECKS, UNIQUE_CHECKS=0 */;
/*!40014 SET @OLD_FOREIGN_KEY_CHECKS=@@FOREIGN_KEY_CHECKS, FOREIGN_KEY_CHECKS=0 */;
/*!40101 SET @OLD_SQL_MODE=@@SQL_MODE, SQL_MODE='NO_AUTO_VALUE_ON_ZERO' */;
/*!40111 SET @OLD_SQL_NOTES=@@SQL_NOTES, SQL_NOTES=0 */;

--
-- Table structure for table `activities`
--

DROP TABLE IF EXISTS `activities`;
/*!40101 SET @saved_cs_client     = @@character_set_client */;
/*!40101 SET character_set_client = utf8 */;
CREATE TABLE `activities` (
  `id` int(11) NOT NULL AUTO_INCREMENT,
  `name` varchar(255) COLLATE utf8_unicode_ci NOT NULL,
  `start_time` datetime DEFAULT NULL,
  `end_time` datetime DEFAULT NULL,
  `created_at` datetime NOT NULL,
  `updated_at` datetime NOT NULL,
  `status` int(11) DEFAULT '0',
  `type` varchar(255) COLLATE utf8_unicode_ci DEFAULT NULL,
  `short_name` varchar(255) COLLATE utf8_unicode_ci DEFAULT NULL,
  `offline` tinyint(1) DEFAULT NULL,
  PRIMARY KEY (`id`)
) ENGINE=InnoDB AUTO_INCREMENT=9 DEFAULT CHARSET=utf8 COLLATE=utf8_unicode_ci;
/*!40101 SET character_set_client = @saved_cs_client */;

--
-- Dumping data for table `activities`
--

LOCK TABLES `activities` WRITE;
/*!40000 ALTER TABLE `activities` DISABLE KEYS */;
INSERT INTO `activities` VALUES (1,'2016年上海市高等职业院校信息化教学大赛暨2016年全国职业院校信息化教学大赛上海市选拔赛',NULL,'2016-08-10 08:00:00','2016-07-07 23:20:33','2016-07-18 09:29:21',0,'InfoCompetition::Activity','2016上海高职院校信息化教学大赛',NULL),(2,'2016年上海高等职业院校电子信息大类教师说课比赛',NULL,'2016-08-31 08:00:00','2016-07-07 23:20:33','2016-07-18 09:34:14',0,'TalkCompetition::Activity','2016上海高职院校电子信息说课比赛',NULL),(3,'2016年上海市高等职业院校信息化教学大赛信息化教学设计赛项','2016-08-24 04:36:00','2016-08-29 04:36:00','2016-08-24 04:37:09','2016-09-08 17:41:42',1,'InfoCompetition::Activity','信息化教学设计赛项（8月25日）',1),(4,'2016年上海市高等职业院校信息化教学大赛信息化实训教学赛项','2016-08-24 14:49:00','2016-08-31 14:49:00','2016-08-24 14:50:00','2016-09-08 17:41:49',1,'InfoCompetition::Activity','信息化实训教学赛项（8月26日）',1),(5,'2016上海高职院校电子信息说课比赛（9月10日下午）','2016-08-31 11:05:00','2016-09-15 11:05:00','2016-08-31 11:06:43','2016-10-15 15:30:58',1,'TalkCompetition::Activity','电子信息大类说课比赛（9月10日下午）',1),(6,'其他类说课比赛（9月10日上午）','2016-09-07 12:13:00','2016-09-07 12:13:00','2016-09-07 12:13:23','2016-10-15 15:31:03',1,'TalkCompetition::Activity','其他类说课比赛（9月10日上午）',1),(7,'2016年上海市高等职业院校教师说课大赛（决赛）','2016-10-15 15:31:00','2016-10-20 15:31:00','2016-10-15 15:32:35','2016-10-31 08:17:39',0,'TalkCompetition::Activity','2016年上海市高职说课大赛决赛',0),(8,'2016年上海市高职说课大赛决赛10-31','2016-10-31 08:11:00','2016-10-31 21:11:00','2016-10-31 08:12:07','2016-10-31 08:26:00',0,'TalkCompetition::Activity','2016年上海市高职说课大赛决赛(10月31日)',1);
/*!40000 ALTER TABLE `activities` ENABLE KEYS */;
UNLOCK TABLES;

--
-- Table structure for table `bulletins`
--

DROP TABLE IF EXISTS `bulletins`;
/*!40101 SET @saved_cs_client     = @@character_set_client */;
/*!40101 SET character_set_client = utf8 */;
CREATE TABLE `bulletins` (
  `id` int(11) NOT NULL AUTO_INCREMENT,
  `title` varchar(255) COLLATE utf8_unicode_ci DEFAULT NULL,
  `content` text COLLATE utf8_unicode_ci,
  `activity_id` int(11) DEFAULT NULL,
  `created_at` datetime NOT NULL,
  `updated_at` datetime NOT NULL,
  PRIMARY KEY (`id`),
  KEY `index_bulletins_on_activity_id` (`activity_id`)
) ENGINE=InnoDB AUTO_INCREMENT=9 DEFAULT CHARSET=utf8 COLLATE=utf8_unicode_ci;
/*!40101 SET character_set_client = @saved_cs_client */;

--
-- Dumping data for table `bulletins`
--

LOCK TABLES `bulletins` WRITE;
/*!40000 ALTER TABLE `bulletins` DISABLE KEYS */;
INSERT INTO `bulletins` VALUES (1,'【公告】2016年上海市高等职业院校信息化教学大赛暨2016年全国职业院校信息化教学大赛上海市选拔赛','2016年上海市高等职业院校信息化教学大赛暨2016年全国职业院校信息化教学大赛上海市选拔赛，比赛时间:2016 年 8 月 22 日， 比赛地点:上海电子信息职业技术学院徐汇校区，比赛项目分为信息化教学设计比赛、信息化教学设计比赛、信息化实训教学比赛。参赛内容为高等职业学校公共基础课的,应参照相关课程“十二 五”职业教育国家规划教材(版本不限)进行制作和设计。参赛作品为职业生涯规划、职业礼仪、职业素质教育、心理健康教 育、就业与创业指导等课程教学内容的,可参加职业素养与就业创业能力 课程组比赛。参赛内容为专业技能课内容的,应依据教育部已发布的《高等职业 学校专业教学标准(试行)》的教学要求,参照相关课程“十二五”职业教 育国家规划教材(版本不限)进行制作和设计。',1,'2016-07-07 23:20:33','2016-07-07 23:20:33'),(2,'【公告】2016年上海高等职业院校电子信息大类教师说课比赛','2016年上海高等职业院校电子信息大类教师说课比赛方案，比赛时间:决赛:2016 年 9 月,具体时间另行通知，比赛地点:初赛:各校自行举办，决赛:上海电子信息职业技术学院徐汇校区。参赛教师对某门课程设计的理念与思路,课程改革的逻辑起点,课程的 创新点,课程建设的预期成果等内容的总体设计,含课程定位、课程目标、 学生情况、教法学法、教材学材,教学过程、教学效果的评价等方面的分析, 体现教师的课程设计与实施能力;重点厘清“教学目标与教学内容、教学目 标与教学重点、教学目标与教学方法、教学目标与教学评价”等关系。',2,'2016-07-07 23:20:33','2016-07-07 23:20:33'),(8,'【公告】2016年上海高等职员院校教师说课大赛（决赛）','2016年上海高等职员院校教师说课大赛（决赛）',7,'2016-10-15 15:41:30','2016-10-15 15:41:30');
/*!40000 ALTER TABLE `bulletins` ENABLE KEYS */;
UNLOCK TABLES;

--
-- Table structure for table `departments`
--

DROP TABLE IF EXISTS `departments`;
/*!40101 SET @saved_cs_client     = @@character_set_client */;
/*!40101 SET character_set_client = utf8 */;
CREATE TABLE `departments` (
  `id` int(11) NOT NULL AUTO_INCREMENT,
  `name` varchar(255) COLLATE utf8_unicode_ci DEFAULT NULL,
  `school_id` int(11) DEFAULT NULL,
  `created_at` datetime NOT NULL,
  `updated_at` datetime NOT NULL,
  PRIMARY KEY (`id`),
  KEY `index_departments_on_school_id` (`school_id`)
) ENGINE=InnoDB DEFAULT CHARSET=utf8 COLLATE=utf8_unicode_ci;
/*!40101 SET character_set_client = @saved_cs_client */;

--
-- Dumping data for table `departments`
--

LOCK TABLES `departments` WRITE;
/*!40000 ALTER TABLE `departments` DISABLE KEYS */;
/*!40000 ALTER TABLE `departments` ENABLE KEYS */;
UNLOCK TABLES;

--
-- Table structure for table `images`
--

DROP TABLE IF EXISTS `images`;
/*!40101 SET @saved_cs_client     = @@character_set_client */;
/*!40101 SET character_set_client = utf8 */;
CREATE TABLE `images` (
  `id` int(11) NOT NULL AUTO_INCREMENT,
  `type` varchar(255) COLLATE utf8_unicode_ci DEFAULT NULL,
  `photo_type` varchar(255) COLLATE utf8_unicode_ci DEFAULT NULL,
  `imageable_id` int(11) DEFAULT NULL,
  `imageable_type` varchar(255) COLLATE utf8_unicode_ci DEFAULT NULL,
  `file_file_name` varchar(255) COLLATE utf8_unicode_ci DEFAULT NULL,
  `file_content_type` varchar(255) COLLATE utf8_unicode_ci DEFAULT NULL,
  `file_file_size` int(11) DEFAULT NULL,
  `file_updated_at` datetime DEFAULT NULL,
  `created_at` datetime NOT NULL,
  `updated_at` datetime NOT NULL,
  PRIMARY KEY (`id`),
  KEY `index_images_on_imageable_type_and_imageable_id` (`imageable_type`,`imageable_id`)
) ENGINE=InnoDB DEFAULT CHARSET=utf8 COLLATE=utf8_unicode_ci;
/*!40101 SET character_set_client = @saved_cs_client */;

--
-- Dumping data for table `images`
--

LOCK TABLES `images` WRITE;
/*!40000 ALTER TABLE `images` DISABLE KEYS */;
/*!40000 ALTER TABLE `images` ENABLE KEYS */;
UNLOCK TABLES;

--
-- Table structure for table `info_competition_opuses`
--

DROP TABLE IF EXISTS `info_competition_opuses`;
/*!40101 SET @saved_cs_client     = @@character_set_client */;
/*!40101 SET character_set_client = utf8 */;
CREATE TABLE `info_competition_opuses` (
  `id` int(11) NOT NULL AUTO_INCREMENT,
  `recruit_id` int(11) DEFAULT NULL,
  `created_at` datetime NOT NULL,
  `updated_at` datetime NOT NULL,
  `content` varchar(255) COLLATE utf8_unicode_ci DEFAULT NULL,
  PRIMARY KEY (`id`),
  KEY `index_info_competition_opuses_on_recruit_id` (`recruit_id`)
) ENGINE=InnoDB AUTO_INCREMENT=59 DEFAULT CHARSET=utf8 COLLATE=utf8_unicode_ci;
/*!40101 SET character_set_client = @saved_cs_client */;

--
-- Dumping data for table `info_competition_opuses`
--

LOCK TABLES `info_competition_opuses` WRITE;
/*!40000 ALTER TABLE `info_competition_opuses` DISABLE KEYS */;
INSERT INTO `info_competition_opuses` VALUES (2,30,'2016-08-01 09:26:35','2016-08-01 09:26:35','体验式教学——模拟面试'),(3,27,'2016-08-02 07:16:58','2016-08-02 07:16:58','简易数字电压表的装配与调试'),(4,28,'2016-08-02 09:21:52','2016-08-02 09:21:52','使用Adobe Flash CS4制作引导层动画'),(5,29,'2016-08-03 03:54:05','2016-08-03 03:54:05','数码构图'),(6,24,'2016-08-03 05:49:19','2016-08-03 05:49:19','平面加工的数控铣削工艺编制---项目式教学法'),(7,40,'2016-08-03 07:40:03','2016-08-03 07:40:03','盗窃案件侦查单元——信息化教学设计'),(8,41,'2016-08-04 16:08:00','2016-08-04 16:08:00','信息化课程设计'),(9,12,'2016-08-05 12:24:54','2016-08-05 12:24:54','《录音工作流程》信息化教学设计'),(10,19,'2016-08-05 13:07:40','2016-08-05 13:07:40','个性解析'),(11,44,'2016-08-06 06:35:10','2016-08-06 06:35:10','信息化教学设计大赛'),(12,NULL,'2016-08-07 13:27:26','2016-08-07 13:29:32','机动车路口让行规则解析'),(13,38,'2016-08-07 13:29:38','2016-08-07 13:29:38','机动车路口让行规则解析'),(14,33,'2016-08-08 07:25:35','2016-08-08 07:25:35','信息化课堂教学比赛-认识印制电路板'),(15,31,'2016-08-08 08:01:54','2016-08-08 08:01:54','乘务英语口语教学设计'),(16,43,'2016-08-08 08:22:40','2016-08-08 08:22:40','镜头的组接方式与应用'),(17,10,'2016-08-08 09:46:29','2016-08-08 09:46:29','《简易数字电压表的装配与调试》信息化实训教学比赛'),(18,32,'2016-08-08 10:12:27','2016-08-08 10:12:27','C&C08程控交换机主控框配置'),(19,NULL,'2016-08-09 02:05:12','2016-08-09 02:09:59','信息化教学设计比赛'),(20,14,'2016-08-09 02:10:03','2016-08-09 02:10:03','双向课堂、三方联动、平台支撑——信息化环境下的《招贴设计》课程设计'),(21,34,'2016-08-09 07:53:37','2016-08-09 07:53:37','单元2_面向对象程序设计 教学设计'),(22,20,'2016-08-09 11:28:12','2016-08-09 11:28:12','三相异步电机启动控制线路分析与装调'),(23,13,'2016-08-09 13:06:41','2016-08-09 13:06:41','a1'),(24,9,'2016-08-09 13:17:36','2016-08-09 13:17:36','文化创意与策划'),(25,45,'2016-08-09 15:20:34','2016-08-09 15:20:34','感知世界-传感器在物联网中的应用'),(26,11,'2016-08-09 18:30:09','2016-08-09 18:30:09','灯光技术基础 信息化教学设计'),(27,21,'2016-08-10 05:02:04','2016-08-10 05:02:04','西门子数控车床切削液冷却控制系统装调'),(28,37,'2016-08-10 06:57:15','2016-08-10 06:57:15','认识视频监控系统'),(29,36,'2016-08-10 07:08:35','2016-08-10 07:08:35','《中国环境资源卫星图像的预处理--几何校正》'),(30,46,'2016-08-10 08:56:46','2016-08-10 08:56:46','信息化教学设计'),(31,47,'2016-08-10 13:29:47','2016-08-10 13:29:47','实训竞赛'),(32,48,'2016-08-19 11:00:18','2016-08-19 11:00:18','信息化技术教学设计'),(33,50,'2016-08-24 04:38:25','2016-08-24 04:38:25','文化创意与策划'),(34,NULL,'2016-08-24 14:51:57','2016-08-24 14:51:57','文化创意与策划'),(35,51,'2016-08-24 14:52:10','2016-08-24 14:52:10','灯光技术基础 信息化教学设计'),(36,52,'2016-08-24 14:54:08','2016-08-24 14:54:08','《录音工作流程》信息化教学设计'),(37,53,'2016-08-24 14:54:19','2016-08-24 14:54:19','a1'),(38,54,'2016-08-24 14:54:34','2016-08-24 14:54:34','双向课堂、三方联动、平台支撑——信息化环境下的《招贴设计》课程设计'),(39,55,'2016-08-24 14:54:44','2016-08-24 14:54:44','个性解析'),(40,56,'2016-08-24 14:55:00','2016-08-24 14:55:00','西门子数控车床切削液冷却控制系统装调'),(41,57,'2016-08-24 14:55:12','2016-08-24 14:55:12','平面加工的数控铣削工艺编制---项目式教学法'),(42,58,'2016-08-24 14:55:34','2016-08-24 14:55:34','使用Adobe Flash CS4制作引导层动画'),(43,59,'2016-08-24 14:55:45','2016-08-24 14:55:45','体验式教学——模拟面试'),(44,60,'2016-08-24 14:56:02','2016-08-24 14:56:02','单元2_面向对象程序设计 教学设计'),(45,62,'2016-08-24 14:56:24','2016-08-24 14:56:24','《中国环境资源卫星图像的预处理--几何校正》'),(46,63,'2016-08-24 14:56:37','2016-08-24 14:56:37','认识视频监控系统'),(47,64,'2016-08-24 14:57:08','2016-08-24 14:57:08','信息化教学设计'),(48,65,'2016-08-24 14:57:19','2016-08-24 14:57:19','信息化课程设计'),(49,66,'2016-08-24 14:57:59','2016-08-24 14:57:59','盗窃案件侦查单元——信息化教学设计'),(50,NULL,'2016-08-24 14:58:50','2016-08-24 14:58:50','西门子数控车床切削液冷却控制系统装调'),(51,NULL,'2016-08-24 14:59:09','2016-08-24 14:59:09','体验式教学——模拟面试'),(52,67,'2016-08-24 15:01:19','2016-08-24 15:01:19','乘务英语口语教学设计'),(53,68,'2016-08-24 15:03:06','2016-08-24 15:03:06','简易数字电压表的装配与调试'),(54,69,'2016-08-24 15:03:33','2016-08-24 15:03:33','《简易数字电压表的装配与调试》信息化实训教学比赛'),(55,70,'2016-08-24 15:03:54','2016-08-24 15:03:54','实训竞赛'),(56,49,'2016-08-25 18:18:26','2016-08-25 18:18:26','信息化实训教学'),(57,NULL,'2016-08-26 08:10:42','2016-08-26 08:10:42','信息化实训教学'),(58,71,'2016-08-26 08:13:09','2016-08-26 08:13:09','简易数字万用表');
/*!40000 ALTER TABLE `info_competition_opuses` ENABLE KEYS */;
UNLOCK TABLES;

--
-- Table structure for table `info_competition_recruits`
--

DROP TABLE IF EXISTS `info_competition_recruits`;
/*!40101 SET @saved_cs_client     = @@character_set_client */;
/*!40101 SET character_set_client = utf8 */;
CREATE TABLE `info_competition_recruits` (
  `id` int(11) NOT NULL AUTO_INCREMENT,
  `player_id` int(11) DEFAULT NULL,
  `school_id` int(11) DEFAULT NULL,
  `activity_id` int(11) DEFAULT NULL,
  `created_at` datetime NOT NULL,
  `updated_at` datetime NOT NULL,
  `project` varchar(255) COLLATE utf8_unicode_ci DEFAULT NULL,
  `name` varchar(255) COLLATE utf8_unicode_ci DEFAULT NULL,
  `version` varchar(255) COLLATE utf8_unicode_ci DEFAULT NULL,
  `comment` text COLLATE utf8_unicode_ci,
  `cooperater_1` varchar(255) COLLATE utf8_unicode_ci DEFAULT NULL,
  `school_1` varchar(255) COLLATE utf8_unicode_ci DEFAULT NULL,
  `course_1` varchar(255) COLLATE utf8_unicode_ci DEFAULT NULL,
  `cooperater_2` varchar(255) COLLATE utf8_unicode_ci DEFAULT NULL,
  `school_2` varchar(255) COLLATE utf8_unicode_ci DEFAULT NULL,
  `course_2` varchar(255) COLLATE utf8_unicode_ci DEFAULT NULL,
  `cooperater_3` varchar(255) COLLATE utf8_unicode_ci DEFAULT NULL,
  `school_3` varchar(255) COLLATE utf8_unicode_ci DEFAULT NULL,
  `course_3` varchar(255) COLLATE utf8_unicode_ci DEFAULT NULL,
  `school_person` varchar(255) COLLATE utf8_unicode_ci DEFAULT NULL,
  `school_phone` varchar(255) COLLATE utf8_unicode_ci DEFAULT NULL,
  `total_score` int(11) DEFAULT '0',
  `avg_score` float DEFAULT NULL,
  `score_count` int(11) DEFAULT NULL,
  `position` int(11) DEFAULT NULL,
  PRIMARY KEY (`id`),
  KEY `index_info_competition_recruits_on_player_id` (`player_id`),
  KEY `index_info_competition_recruits_on_school_id` (`school_id`),
  KEY `index_info_competition_recruits_on_activity_id` (`activity_id`),
  CONSTRAINT `fk_rails_4d26a3dde0` FOREIGN KEY (`activity_id`) REFERENCES `activities` (`id`),
  CONSTRAINT `fk_rails_e9f4dc1858` FOREIGN KEY (`player_id`) REFERENCES `players` (`id`),
  CONSTRAINT `fk_rails_f14689aa2f` FOREIGN KEY (`school_id`) REFERENCES `schools` (`id`)
) ENGINE=InnoDB AUTO_INCREMENT=72 DEFAULT CHARSET=utf8 COLLATE=utf8_unicode_ci;
/*!40101 SET character_set_client = @saved_cs_client */;

--
-- Dumping data for table `info_competition_recruits`
--

LOCK TABLES `info_competition_recruits` WRITE;
/*!40000 ALTER TABLE `info_competition_recruits` DISABLE KEYS */;
INSERT INTO `info_competition_recruits` VALUES (9,12,2,1,'2016-07-08 01:36:48','2016-07-08 01:36:48','信息化教学设计比赛','文化创意与策划','文化产业创意与策划','《文化创意与策划》是应当前文化产业大力发展阶段设置的一门专业基础课程，我国文化产业管理和经营正处于一个前所未有的战略机遇期，因此文化产业的策划、管理人才非常缺乏。通过这门课程的学习，让学生建立文化产业的观念，了解文化产业化的发展现状，通过这门课程让学生较熟练地掌握文化活动的创意策划方案的攥写能力，艺术文化鉴赏能力，文化行业的观察和把握能力，初步掌握文化项目的创意、策划和经营能力，文化项目和企业的管理能力和团队协作能力。本门课程是实践性较强的理论课程，因此在教学过程中会紧密联系文化圈的事件和项目，多以课堂讲授、讨论为主。','','','','','','','','','','周樊华','13321833668',0,NULL,NULL,NULL),(10,17,8,1,'2016-07-08 02:09:20','2016-08-18 22:11:03','信息化实训教学比赛','单片机技术与应用','C51单片机应用设计与技能训练','简易数字电压表的装配与调试','','','','','','','','','','胡琛','13611929466',0,NULL,NULL,NULL),(11,22,2,1,'2016-07-08 03:34:03','2016-07-08 03:34:03','信息化教学设计比赛','灯光技术基础','《舞台灯光设计》徐明 著','《灯光技术基础》是影视多媒体技术专业的重要专业课程，是课内讲授与课内练习兼有，结合实践的课程。本课程通过教授与实践操作，使学生熟悉和了解灯光技术的基础概念、基本知识和基本技能，为专业学习打下基础。介于本课程有较高的科学技术含量和行业专业性，因此在本课程的教学设计中，将大量使用信息化教学方法，如多媒体教学、模拟软件教学、视频教学等，通过教师示范，引导学生运用信息化的学习方法。本次信息化教学设计比赛中，本人将就“伦布朗布光法”一个知识点，运用信息化教学手段进行展示。\r\n','吴鑫婧','上海出版印刷高等专科学校','灯光技术基础','','','','','','','吴鑫婧','13641637625',0,NULL,NULL,NULL),(12,20,2,1,'2016-07-08 05:08:39','2016-07-08 05:08:39','信息化教学设计比赛','声音设计','《声音设计》作者: (美) 索南夏因  出版社: 浙江大学出版社','1.教学思想设计\r\n课程的教学思想是模块化教学，以声音工作流程为导向，对涉及的岗位职业需求进行调研，并从知识、技能、素质三方面对岗位职业能力进行详细分析，从而制定课程教学内容模块。同时，通过案例、任务及项目驱动来体现相关理论及技能。模块化教学改变了传统的章节教学模式，以工作流程为线索，行业规范为基准，通过情境教学，模拟任务或项目来模拟行业的实际制作情境。每个模块都有相应的模拟任务，包括任务背景、任务要求、任务分析、重点难点、技术要领、解决问题。最后通过一个项目将这些被划分的模块串联起来，成为有机的整体。我们在每个情境教学模块中，增加了知识点拓展和职业技能知识点考核部分，通过这一环节，可进一步巩固知识点的掌握，并促进技巧的熟练化，以满足个性化的发展需求，使每个学生都有最大的发展空间。\r\n2.教学实践\r\n教师为主导角色，学生为主体角色，引入企业项目案例，通过集体课与分组课相结合的教学模式进行授课。首先，教师对每个模块所涉及的实践内容进行流程示范带动学生，学习新内容。其次，通过分组练习，学生结合自身问题或技术难点时进行课内外同步练习，提高技能技术水平。\r\n3.教学方法及手段\r\n录音棚：提供真实的工作环境 ；一体化电子教室：有效地控制各个教学环节；\r\nCAI课件：生动直观、激发学生学习兴趣。\r\n微信二维码：提供分享资料与学生优秀作品，充实课堂内容。\r\n课程教学资源网站：课程的教学内容、优秀作品、教学录像等，为学生提供了丰富的教学资源、网络课程。\r\n工作室：为学生提供相互学习、交流、制作和锻炼的机会\r\nQQ群及微信群：提供师生互相交流及自主学习的网络平台\r\n','','','','','','','','','','胡悦琳','13801802224',0,NULL,NULL,NULL),(13,23,8,1,'2016-07-08 05:11:07','2016-08-18 14:06:20','信息化教学设计比赛','编排设计','编排设计','编排设计在广告设计与制作专业中是一门传统的设计课程。但由于信息化的发展和设计行业的整体发展，在编排设计的内容侧重点上有所不同。所以本人在课程设计中试图利用信息化的教学手段将真实的课堂与虚拟的课堂相结合的方式进一步提高教学的质量和效率。','徐宸熹','上海行健职业学院','编排设计','','','','','','','胡老师','13611929466',0,NULL,NULL,NULL),(14,19,8,1,'2016-07-08 05:31:20','2016-08-18 14:06:20','信息化教学设计比赛','招贴设计','《招贴设计与制作》2016年武汉大学出版','《招贴设计》课程是广告设计相关专业的核心课程，该课程80课时，4个学分，以实训为主要授课内容。本课程综合性强，结合了先修课程-《版式设计》、《字体设计》、《图形创意》等先修课程。融合了平面构成美学、版式与字体设计、图形图像创意等设计技能。强调通过教学与实训培养学生良好的学习喜欢、设计思维、设计执行能力及设计创意能力。本课程设计方案阐述如何通过信息化手段使课堂教学与企业实训课程有效地结合，信息化载体如何优化课程教学，如何培养学生自我管理、自我约束的学习模式及习惯。','蒋可扬','上海行健职业学院','招贴设计','','','','','','','胡琛','13611929466',0,NULL,NULL,NULL),(19,31,12,1,'2016-07-10 04:27:47','2016-08-18 14:06:20','信息化教学设计比赛','自我认知与企业认知','自编校本教材','本院构建了一个阶梯式的实践教学建设体系，首先是针对大一新生的自我认知和企业认知训练，接着是专业技能应用训练和跨专业综合实训，最后是企业定岗实践。通过这种阶梯式的训练培养学生的综合职业素质和专业技能。《自我认知与企业认知》课程是经管类专业的一门通识类课程，该课程定位于阶梯式训练的起点，对于整个经管专业类综合素质培养起着至关重要的作用。该课程面向商贸管理学院十大专业开课，分布在大一第一学期和第二学期。因为课程开设的广泛覆盖性，本课程的相关教学资源都放在课程网站和教学APP上，学生可在电脑上方便的查阅相关资料，也可通过手机扫码直接查看教学资源和老师讲解视频，相关的测评题目和案例可直接通过学生的手机终端进行操作，方便教学。','王晶晶','上海科学技术职业学院','自我认知与企业认知','方佳伟','上海科学技术职业学院','自我认知与企业认知','刘克敏','上海科学技术职业学院','自我认知与企业认知','陈春兰','18916566065',0,NULL,NULL,NULL),(20,24,12,1,'2016-07-10 04:34:54','2016-08-27 18:53:31','信息化课堂教学比赛','电机与电气控制','电机与机床电气控制','讲解基本三相电机控制线路的分析和接线的方法，使用多媒体、仿真软件等教学手段。','','','','','','','','','','陈春兰','18916566065',504,72,7,NULL),(21,30,12,1,'2016-07-10 04:39:33','2016-08-18 14:06:20','信息化教学设计比赛','数控机床控制系统装调','数控机床控制技术应用与实训','作为院级精品课程建设的一部分，对该课程的设计理念、课程内容、课程结构、教学模式、教学手段与形态等进行阐述，着重突出信息化手段在课程教学中的重要作用和使用方法。','王鹏','上海科学技术职业学院','数控机床控制系统装调、电气控制与PLC技术','张俊萍','上海科学技术职业学院','数控机床控制系统装调、电气控制与PLC技术','孙星','上海科学技术职业学院','数控机床故障诊断与维修、机械拆装实训','陈春兰','18916566065',0,NULL,NULL,NULL),(23,34,27,1,'2016-07-11 02:39:27','2016-07-11 02:39:27','信息化课堂教学比赛','国际商务单证实务','2015-02','装船出运流程是国际商务单证流程流程中的一项重要的步骤，该流程中涉及到的海运提单是海运贸易中最重要的结汇单证，因此了解该单据的相关理论知识以及学会缮制海运提单是本课程的重点内容之一。','','','','','','','','','','陈亚琼','13774250408',0,NULL,NULL,NULL),(24,35,27,1,'2016-07-11 03:24:58','2016-07-11 03:24:58','信息化教学设计比赛','数控加工工艺','典型零件数控加工工艺－－－第一版','      本课程以生产第一线所需要的数控人才知识结构和工作能力为目标，突出了职业技术教育的特点，侧重生产技能方面的知识，尤其重点特出了生产过程中数控加工工艺技术所需的知识和技能。本课程结合大量的生产案例，以项目驱动方式阐述数控加工工艺技术的要点，易于培养学生的职业能力和素质。\r\n    本课程打破原有课程的知识结构和顺序，每个项目根据实际加工的工件，结合数控加工工艺分析的过程和顺序，依次分为从图纸识别，机械加工工艺过程卡的编写，数控加工工艺卡的编写，数控加工刀具卡的编写和数控加工进给路线图的编写5个任务。不仅将相关的理论知识分散到各个项目，又能提高学生填写工艺卡片的能力，锻炼了学生的实际动手能力。\r\n','曹永洁','上海工程技术大学高职学院','数控加工工艺、机制工艺与夹具、CAD/CAM','','','','','','','陈亚琼','13774250408',0,NULL,NULL,NULL),(27,38,27,1,'2016-07-12 02:50:33','2016-07-12 02:50:33','信息化实训教学比赛','电子产品设计与制作','自编校本教材','依据职业教育教学改革要求，采用任务驱动教学法，以常用的电子产品为载体进行教学设计，完成电子产品的结构原理的理解、元器件的认识与检测、电子产品的装配与调试完整工作过程。利用QQ群、微信朋友圈提前将上课相关内容进行发布，让学生提前去搜集相关资料，对上课内容做到心中有数。课上以学生为主体，分组分模块讨论相关原理，教师点评补充；对于元器件认识、检测、装配和调试，老师讲解要点，演示难点，以学生动手操作为主，教师巡回指导，随时解决学生遇到的问题，同时进行检查考核；任务完成，利用QQ群、微信朋友圈进行课外评价，两者综合完成对学生的学习成果评价，把整个实训教学过程信息化，使学生有了很好的学习动机，加强了学生的学习互动，明显提高教学效果。','张静','上海工程技术大学高等职业技术学院','低频电子线路板设计实训、电子产品设计与制作实训等','彭远芳','上海工程技术大学高等职业技术学院','低频电子线路板设计、微控制器原理等','','','','陈亚琼','137 7425 0408',0,NULL,NULL,NULL),(28,33,17,1,'2016-07-12 03:48:16','2016-07-12 03:48:16','信息化教学设计比赛','计算机应用基础','《计算机应用基础实验指导》华东师范大学出版社2015版','《计算机应用基础》是高等职业院校公共基础课程必修课，也是为高职院校学生参加“上海市高等学校计算机等级考试（一级）”开设的应试培训课程，旨在提高学生适应信息化职业岗位的能力和提升学生职业素养。本次参赛的信息化教学设计方案是针对本课程中关于动画制作模块单元的“引导层动画制作”知识点所创作。因为在Adobe Flash CS4中新功能“创建补间动画”的出现，使得引导层动画的制作变得简便，故在《计算机应用基础教程》（2015版）中并未对引导层动画制作进行介绍，但是在教程的配套实验指导教材中，仍然出现了旧版软件关于“引导层动画制作”的实训，这使得学生在实训过程中产生疑惑，故本次教学方案设计将就此知识点的不同版本软件的操作方法进行对比分析和整理总结，通过运用信息化教学手段和技术，加深学生对此知识点操作技术的理解。','张居阳','上海东海职业技术学院','计算机应用基础','','','','','','','华丽丽','18017103163',0,NULL,NULL,NULL),(29,36,17,1,'2016-07-12 03:52:49','2016-08-27 18:55:26','信息化课堂教学比赛','数码摄影艺术','大学生摄影教程',' （包括创作思路与作品特色等）\r\n 摄影构图解析 摄影的画面构图，就是把要拍摄的客观对象有机地安排在照片画幅里，使它产生一定的艺术形式，把摄影者的意图和观念表达出来。 通过课堂讲授和作品分析使得学生了解摄影构图的基本概念，了解摄影构图与其他造型艺术构图的关联和差异，了解在摄影构图过程中需要遵循的一般艺术规律，了解评价画面优劣的一般标准，了解不同形式的画幅对于摄影构图的作用，从而建立起关于摄影构图的基本美学观念。 最后通过实践实训操作使得学生掌握基本构图原则，能够正常创作艺术作品。 ','袁佳瑞','上海东海职业技术学院','数码摄影艺术','','','','','','','华丽丽','18017103163',511,73,7,NULL),(30,37,17,1,'2016-07-12 04:00:45','2016-07-12 04:00:45','信息化教学设计比赛','大学生职业规划与就业指导','《大学生职业发展与就业指导》上海锦绣文章出版社2013年版','在前面的课程中已经讲述了“打造简历”和“攻克面试”的理论内容。然而，碎片化的教学难以让同学们形成一个关于“求职面试”的完整印象。所以需要进行一次面试的综合演练。 之所以采用体验式的教学方法，因为心理学研究发现，一个成年人通过阅读能够掌握10%左右的知识，而通过体验，则能够掌握80%以上。本节课的设计目标就是在模拟的情境中，通过体验式教学，让同学们实现对于之前所学知识点的巩固，并能够综合运用。教学难点在于如何让同学熟练掌握面试流程，注意面试细节，回答面试问题。 本节《模拟面试》教学课具体这样展开：首先15分钟进行课程回顾和工作准备。然后50分钟进行2-3轮的模拟面试。模拟面试结束以后，利用15分钟时间进行交流和点评。最后，布置课后作业：撰写心得体会，帮助同学进行巩固和提升。','施晓玮','上海东海职业技术学院','大学生职业规划与就业指导','','','','','','','华丽丽','18017103163',0,NULL,NULL,NULL),(31,26,32,1,'2016-07-12 04:43:12','2016-07-12 04:43:12','信息化教学设计比赛','乘务英语口语','新世纪民航乘务英语（中级）口语教程','本课程以语言交际能力的培养为中心，以客舱服务工作流程为主线，转换教师和学生的传统角色，以教师为观察者，任务引领者，以学生为主体，任务实施者来开展课堂教学。改革以往单一的评价方式，开创以学生自评，同伴互评和教师点评相结合的多元评价模式，促进学生学习的积极性和课堂的参与度。  \r\n','','','','','','','','','','陆周','13671528459',0,NULL,NULL,NULL),(32,42,6,1,'2016-07-12 13:46:35','2016-08-27 18:57:10','信息化课堂教学比赛','《现代交换技术》','自编教材','本次课堂选取传统程控交换机华为商用设备C&C08硬件单板配置作为教学内容。在授课过程中教师首先根据图示讲解各种类型单板的功能与作用，然后学生根据工作任务单完成相应的实训练习，最后教师给出课堂总结。本次课充分体现了教学做一体化，让学生在做中学，学中做。','','','','','','','','','','陈林河','15001710758',475,67.86,7,NULL),(33,41,6,1,'2016-07-12 13:50:15','2016-08-27 18:58:25','信息化课堂教学比赛','通信产品组装与调试','校本教材','《通信产品组装与调试》课程内容主要是进行通信终端产品的印制电路板级的组装、测试、维修；整机级的组装、测试、维护。\r\n 参选的教学内容是课程开始阶段——认识印制电路板。通过动画展示、实物PP投影等多种信息化教学方法开展教学。','朱晓玲','上海电子信息职业技术学院','《通信产品组装与调试》、《电路分析基础》','','','','','','','陈林河','15001710758',529,75.57,7,NULL),(34,43,6,1,'2016-07-12 14:21:51','2016-08-24 04:21:12','信息化教学设计比赛','程序设计基础','Java程序设计_徐红 王灿主编','本课程是由学生走向程序员之路的质变课程，帮助学生理解面向对象的思想，掌握面向对象的基本原则以及 Java 面向对象编程基本实现原理。传统的Java程序设计采用教师在讲台上讲解PPT加上机模式,形式较单一,是面向单一技能的灌输式的培养教育方法，为了引发学生对课程内容的兴趣及深入理解面向对象的三大特性，本课程在信息化教学环境下完成教学任务，针对复杂概念和编程过程的每个环节，引入动画、视频等多媒体手段，帮助学生完成知识的学习，锻炼学生使用信息化技术实现自我学习的能力。','何进松','上海电子信息职业技术学院','程序设计基础','','','','','','','陈林河','15001710758',519,74.14,7,NULL),(35,44,25,1,'2016-07-13 01:37:25','2016-07-13 01:37:25','信息化教学设计比赛','Photoshop入门','Photoshop CS4中文版标准实例教程','在软件教学方面，如何让学生从理解到运用再到内化的学习过程是掌握软件学习的关键，只有将各项指令为己所用，才能融会贯通。本创作讲的是蒙版工具的使用，此工具与在PS里的应用相当广泛，其最大的特点就是可以反复修改，却不会影响到本身图层的任何构造。这里采用现实生活中我们常遇到问题来引入蒙版的学习，并且将ps的界面全部用手绘制，这样打破常规的教学思路可以能够引起学生们得好奇，提起学习的兴趣。','高一方','上海民远职业技术学院','PS、cad、3dmax','','','','','','','黄莹','18621565471',0,NULL,NULL,NULL),(36,45,7,1,'2016-07-13 02:46:32','2016-07-13 02:46:32','信息化教学设计比赛','农业遥感','中国农业科学技术出版社','《农业遥感》是农业信息技术专业专业选修课。农业遥感技术是农业信息化的重要技术。','王妍','上海农林职业技术学院','农业遥感','','','','','','','钱大海','18017900029',0,NULL,NULL,NULL),(37,48,6,1,'2016-07-14 01:48:58','2016-08-24 04:21:12','信息化教学设计比赛','安全防范技术','讲义','本课程是建筑智能化工程技术（楼宇智能化方向）专业职业教育课程，其主要功能是使学生了解安全防范技术的基础知识，具备安全防范系统的安装、调试、运行、维护、故障排除等工作能力。\r\n课程中涉及系统运行原理的知识点或需教师演示的实践操作如使用传统的教学手段，教学效果不佳。为了提高教学效率，本课程引入动画教学或视频教学的信息化教学手段，让学生能够更直观的学习，并培养其自主学习的能力。\r\n','董莹荷','上海电子信息职业技术学院','安全防范技术','','','','','','','陈林河','15001710758',515,73.57,7,NULL),(38,50,3,1,'2016-07-14 02:07:57','2016-08-27 19:00:10','信息化课堂教学比赛','道路交通事故处理','道路交通事故处理','创作思路：\r\n本课程运用信息化教学手段模拟机动车在交叉路口通行过程中，因驾驶人违反路口让行规定而引发的道路交通事故的多种情形，并且运用信息化教学手段来讲解路口让行规定中容易混淆的相关法律概念；让学员在课堂中充分掌握机动车路口让行的法律条文要点，进一步提升学员快速准确认定该类道路交通事故责任的能力。\r\n作品特色：\r\n对机动车路口让行规定进行解析，选用真实路面监控视频，同时利用模拟机动车路口通行的场景进行案例分析，以丰富课堂教训的内容，活跃课堂气氛；利用“交通专业训练系统”，对机动车违反路口让行规则引发的交通事故进行事故责任认定模拟训练，加深学员的知识点理解，巩固课堂所学的技能。\r\n运用“网络学习平台”开展网络教学、布置课后在线作业，简化作业回收、批阅、下发等繁琐的传统教学步骤，分析在线作业完成质量并在课堂教学中予以点评，全面提升课堂教学效率。\r\n','陈泳杰','上海公安高等高等专科学校','道路交通事故处理','刘洋','上海公安高等高等专科学校','道路交通事故处理','王晨耀','上海公安高等高等专科学校','道路交通事故处理、道路交通违法处理','梅智明','13818224790',611,87.29,7,NULL),(40,47,3,1,'2016-07-14 04:31:26','2016-07-14 04:31:26','信息化教学设计比赛','刑事案件侦查	','《刑事案件侦查》中国人民公安大学出版社，张高文、徐公社主编	','创作思路： 刑事案件侦查是公安院校、我校刑事侦查专业的一门主干专业课程，是刑事侦查知识体系的重要组成部分。本课程处于刑事侦查专业学生学习的最后阶段，相对于其他课程，本课程具有综合性、实战性突出的特点，因而其教学核心就是在讲清基本理论、基本程序和规定的基础上，重点训练和培养学生运用理论分析解决问题的能力。 对此，本课程搭建了刑事案件侦查实战训练平台，该平台结合现场勘察系统、信息情报研判系统、实训网办系统、信息查询系统等，将整个平台贯穿刑事案件侦查全过程，提升学生综合运用理论知识、拓展及创新思维的能力。 作品特色： 利用自建的刑事案件侦查实战训练平台，从传统的课堂讲授、案例讨论、模拟情景实训等模式，转变为贯穿刑事案件侦查全过程的综合模拟实战训练，能使学生进一步消化、巩固及运用理论知识。 同时通过学生在该平台的实战训练操作，根据学生学习的时间、驻点、操作轨迹（如选择的侦查措施、法律文书等）、选择的侦查方向等信息，进行大数据分析，能对学生做出每一个过程环节的评价，也能进一步掌握学生的学习重点、难点、疑点等问题，通过每一届学生的数据积累，为下一步教学工作提供依据和指导。','','','','','','','','','','梅智明','13818224790',0,NULL,NULL,NULL),(41,55,6,1,'2016-07-17 13:00:51','2016-08-24 04:21:12','信息化教学设计比赛','实用英语4','新职业英语 IT英语','以学生为主体，结合科技手段贯彻说学做，克服大班上课缺陷，激发学生兴趣，提高课堂效率，当堂学习当堂巩固，对学生进行即时和及时的指导，增加学生课堂习得收获感。','张帆','上海电子信息职业技术学院','','','','','','','','张帆','15021970369',533,76.14,7,NULL),(43,59,6,1,'2016-08-06 00:29:41','2016-08-24 04:21:12','信息化教学设计比赛','影视后期制作','中国林业出版社; 第1版 (2013年10月1日)','影视后期制作课程为理实一体课程，该课理论知识多，并且对实践应用要求教高，为了更好的达到教学目标，通过信息化教学手段整合教学资源，构建了互动教与学和做的数字化环境，提高了教学的质量和效率，也提高了学生的学习效率和自主学习能力。','赵莹','上海电子信息职业技术学院','影视后期制作','','','','','','','赵莹','13636408556',514,73.43,7,NULL),(44,58,6,1,'2016-08-06 04:55:01','2016-08-24 04:21:12','信息化教学设计比赛','动画造型设计','动画造型设计 2013','本设计截取动画造型设计中的第7环节中的第1小节——动画角色上色处理，本课设计时长为2课时，上课地点在动画机房。通过此课程的学习，让同学学会如何用ps为动画角色进行上色处理。本课程是动画角色上色的第一步，所以以熟悉软件工具和临摹为主，主要的目的是勾起同学们的兴趣，对后面的设计动画角色的课程更好继续。','高阿兰','上海电子信息职业技术学院','动画专任教师','','','','','','','高阿兰','15021314101',474,67.71,7,NULL),(45,63,6,1,'2016-08-09 13:01:51','2016-08-27 19:01:00','信息化课堂教学比赛','物联网工程基础','物联网技术导论','传感器数据的采集和处理是《物联网工程基础》的重要课程目标之一，本作品通过老师讲授、学生讨论、学生知识分享、	微课视频指导学生“学中做”、动画视频解析教学难点等教学策略与方法；借助移动教学平台进行作业点评、随堂在线测试、课后拓展作业布置等教学环节实施；贯彻以学生为中心的教学思想；完成了本节课的课堂教学。\r\n\r\n','马光军','上海电子信息职业技术学院','物联网工程基础','','','','','','','周巧婷','18901811810',612,87.43,7,NULL),(46,66,6,1,'2016-08-10 06:27:35','2016-08-24 04:21:12','信息化教学设计比赛','摄影','上海美院版','教学信息化设计不是为了信息化而改变教学，应该是为了解决教学中的难点与痛点去探索使用先进信息技术手段，提升教学质量、提高教学效率、提升教育教学管理水平、降低教学成本、促进教育公平的方法和策略。本案例就是以此思路设计实施的！','王荻','上海电子信息职业技术学院','摄影、摄像等','鲁家皓','上海电子信息职业技术学院','摄像、摄影等','','','','周巧婷','18901811810',548,78.29,7,NULL),(47,65,6,1,'2016-08-10 08:06:13','2016-08-10 08:06:13','信息化实训教学比赛','简易数字电压表的装配与调试','比赛公告中的资料','提交的比赛资料均为原创材料。','','','','','','','','','','陈林河','15001710758',0,NULL,NULL,NULL),(48,70,6,1,'2016-08-10 11:47:27','2016-08-24 04:21:12','信息化教学设计比赛','可编程控制器应用','可编程控制器应用技术','让学生真正的参与的教学中','王瑾','上海电子信息职业技术学院','可编程控制器应用','','','','','','','张亮','18018624692',499,71.29,7,NULL),(49,75,6,1,'2016-08-17 11:14:09','2016-08-17 11:14:09','信息化实训教学比赛','单片机原理及应用','《单片机应用技术》第2版 王静霞 主编 电子工业出版社','引导式教学法，充分运用信息化手段调动同学学习的积极性，教学过程中充分发挥学生的主动性。加强对技术手册的引入和应用，从实际问题出发，让同学在“陷入”问题后指导同学解决问题。注重对学生自主学习能力和信息化手段、资源应用能力的培养。','','','','','','','','','','陈林河','15001710758',0,NULL,NULL,NULL),(50,12,2,3,'2016-08-24 04:38:25','2016-08-25 14:58:42','信息化教学设计比赛','文化创意与策划','文化产业创意与策划','《文化创意与策划》是应当前文化产业大力发展阶段设置的一门专业基础课程，我国文化产业管理和经营正处于一个前所未有的战略机遇期，因此文化产业的策划、管理人才非常缺乏。通过这门课程的学习，让学生建立文化产业的观念，了解文化产业化的发展现状，通过这门课程让学生较熟练地掌握文化活动的创意策划方案的攥写能力，艺术文化鉴赏能力，文化行业的观察和把握能力，初步掌握文化项目的创意、策划和经营能力，文化项目和企业的管理能力和团队协作能力。本门课程是实践性较强的理论课程，因此在教学过程中会紧密联系文化圈的事件和项目，多以课堂讲授、讨论为主。','','','','','','','','','','周樊华','13321833668',643,71.44,9,17),(51,22,2,3,'2016-08-24 14:52:10','2016-08-25 14:54:36','信息化教学设计比赛','灯光技术基础','《舞台灯光设计》徐明 著','《灯光技术基础》是影视多媒体技术专业的重要专业课程，是课内讲授与课内练习兼有，结合实践的课程。本课程通过教授与实践操作，使学生熟悉和了解灯光技术的基础概念、基本知识和基本技能，为专业学习打下基础。介于本课程有较高的科学技术含量和行业专业性，因此在本课程的教学设计中，将大量使用信息化教学方法，如多媒体教学、模拟软件教学、视频教学等，通过教师示范，引导学生运用信息化的学习方法。本次信息化教学设计比赛中，本人将就“伦布朗布光法”一个知识点，运用信息化教学手段进行展示。\r\n','吴鑫婧','上海出版印刷高等专科学校','灯光技术基础','','','','','','','吴鑫婧','13641637625',736,81.78,9,10),(52,20,2,3,'2016-08-24 14:54:08','2016-08-25 14:53:51','信息化教学设计比赛','声音设计','《声音设计》作者: (美) 索南夏因  出版社: 浙江大学出版社','1.教学思想设计\r\n课程的教学思想是模块化教学，以声音工作流程为导向，对涉及的岗位职业需求进行调研，并从知识、技能、素质三方面对岗位职业能力进行详细分析，从而制定课程教学内容模块。同时，通过案例、任务及项目驱动来体现相关理论及技能。模块化教学改变了传统的章节教学模式，以工作流程为线索，行业规范为基准，通过情境教学，模拟任务或项目来模拟行业的实际制作情境。每个模块都有相应的模拟任务，包括任务背景、任务要求、任务分析、重点难点、技术要领、解决问题。最后通过一个项目将这些被划分的模块串联起来，成为有机的整体。我们在每个情境教学模块中，增加了知识点拓展和职业技能知识点考核部分，通过这一环节，可进一步巩固知识点的掌握，并促进技巧的熟练化，以满足个性化的发展需求，使每个学生都有最大的发展空间。\r\n2.教学实践\r\n教师为主导角色，学生为主体角色，引入企业项目案例，通过集体课与分组课相结合的教学模式进行授课。首先，教师对每个模块所涉及的实践内容进行流程示范带动学生，学习新内容。其次，通过分组练习，学生结合自身问题或技术难点时进行课内外同步练习，提高技能技术水平。\r\n3.教学方法及手段\r\n录音棚：提供真实的工作环境 ；一体化电子教室：有效地控制各个教学环节；\r\nCAI课件：生动直观、激发学生学习兴趣。\r\n微信二维码：提供分享资料与学生优秀作品，充实课堂内容。\r\n课程教学资源网站：课程的教学内容、优秀作品、教学录像等，为学生提供了丰富的教学资源、网络课程。\r\n工作室：为学生提供相互学习、交流、制作和锻炼的机会\r\nQQ群及微信群：提供师生互相交流及自主学习的网络平台\r\n','','','','','','','','','','胡悦琳','13801802224',726,80.67,9,9),(53,23,8,3,'2016-08-24 14:54:19','2016-08-25 14:56:18','信息化教学设计比赛','编排设计','编排设计','编排设计在广告设计与制作专业中是一门传统的设计课程。但由于信息化的发展和设计行业的整体发展，在编排设计的内容侧重点上有所不同。所以本人在课程设计中试图利用信息化的教学手段将真实的课堂与虚拟的课堂相结合的方式进一步提高教学的质量和效率。','徐宸熹','上海行健职业学院','编排设计','','','','','','','胡老师','13611929466',699,77.67,9,13),(54,19,8,3,'2016-08-24 14:54:34','2016-08-25 14:48:25','信息化教学设计比赛','招贴设计','《招贴设计与制作》2016年武汉大学出版','《招贴设计》课程是广告设计相关专业的核心课程，该课程80课时，4个学分，以实训为主要授课内容。本课程综合性强，结合了先修课程-《版式设计》、《字体设计》、《图形创意》等先修课程。融合了平面构成美学、版式与字体设计、图形图像创意等设计技能。强调通过教学与实训培养学生良好的学习喜欢、设计思维、设计执行能力及设计创意能力。本课程设计方案阐述如何通过信息化手段使课堂教学与企业实训课程有效地结合，信息化载体如何优化课程教学，如何培养学生自我管理、自我约束的学习模式及习惯。','蒋可扬','上海行健职业学院','招贴设计','','','','','','','胡琛','13611929466',744,82.67,9,1),(55,31,12,3,'2016-08-24 14:54:44','2016-08-25 14:55:09','信息化教学设计比赛','自我认知与企业认知','自编校本教材','本院构建了一个阶梯式的实践教学建设体系，首先是针对大一新生的自我认知和企业认知训练，接着是专业技能应用训练和跨专业综合实训，最后是企业定岗实践。通过这种阶梯式的训练培养学生的综合职业素质和专业技能。《自我认知与企业认知》课程是经管类专业的一门通识类课程，该课程定位于阶梯式训练的起点，对于整个经管专业类综合素质培养起着至关重要的作用。该课程面向商贸管理学院十大专业开课，分布在大一第一学期和第二学期。因为课程开设的广泛覆盖性，本课程的相关教学资源都放在课程网站和教学APP上，学生可在电脑上方便的查阅相关资料，也可通过手机扫码直接查看教学资源和老师讲解视频，相关的测评题目和案例可直接通过学生的手机终端进行操作，方便教学。','王晶晶','上海科学技术职业学院','自我认知与企业认知','方佳伟','上海科学技术职业学院','自我认知与企业认知','刘克敏','上海科学技术职业学院','自我认知与企业认知','陈春兰','18916566065',727,80.78,9,11),(56,30,12,3,'2016-08-24 14:55:00','2016-08-25 14:51:11','信息化教学设计比赛','数控机床控制系统装调','数控机床控制技术应用与实训','作为院级精品课程建设的一部分，对该课程的设计理念、课程内容、课程结构、教学模式、教学手段与形态等进行阐述，着重突出信息化手段在课程教学中的重要作用和使用方法。','王鹏','上海科学技术职业学院','数控机床控制系统装调、电气控制与PLC技术','张俊萍','上海科学技术职业学院','数控机床控制系统装调、电气控制与PLC技术','孙星','上海科学技术职业学院','数控机床故障诊断与维修、机械拆装实训','陈春兰','18916566065',724,80.44,9,4),(57,35,27,3,'2016-08-24 14:55:12','2016-08-25 14:52:14','信息化教学设计比赛','数控加工工艺','典型零件数控加工工艺－－－第一版','      本课程以生产第一线所需要的数控人才知识结构和工作能力为目标，突出了职业技术教育的特点，侧重生产技能方面的知识，尤其重点特出了生产过程中数控加工工艺技术所需的知识和技能。本课程结合大量的生产案例，以项目驱动方式阐述数控加工工艺技术的要点，易于培养学生的职业能力和素质。\r\n    本课程打破原有课程的知识结构和顺序，每个项目根据实际加工的工件，结合数控加工工艺分析的过程和顺序，依次分为从图纸识别，机械加工工艺过程卡的编写，数控加工工艺卡的编写，数控加工刀具卡的编写和数控加工进给路线图的编写5个任务。不仅将相关的理论知识分散到各个项目，又能提高学生填写工艺卡片的能力，锻炼了学生的实际动手能力。\r\n','曹永洁','上海工程技术大学高职学院','数控加工工艺、机制工艺与夹具、CAD/CAM','','','','','','','陈亚琼','13774250408',645,71.67,9,6),(58,33,17,3,'2016-08-24 14:55:34','2016-08-25 14:57:06','信息化教学设计比赛','计算机应用基础','《计算机应用基础实验指导》华东师范大学出版社2015版','《计算机应用基础》是高等职业院校公共基础课程必修课，也是为高职院校学生参加“上海市高等学校计算机等级考试（一级）”开设的应试培训课程，旨在提高学生适应信息化职业岗位的能力和提升学生职业素养。本次参赛的信息化教学设计方案是针对本课程中关于动画制作模块单元的“引导层动画制作”知识点所创作。因为在Adobe Flash CS4中新功能“创建补间动画”的出现，使得引导层动画的制作变得简便，故在《计算机应用基础教程》（2015版）中并未对引导层动画制作进行介绍，但是在教程的配套实验指导教材中，仍然出现了旧版软件关于“引导层动画制作”的实训，这使得学生在实训过程中产生疑惑，故本次教学方案设计将就此知识点的不同版本软件的操作方法进行对比分析和整理总结，通过运用信息化教学手段和技术，加深学生对此知识点操作技术的理解。','张居阳','上海东海职业技术学院','计算机应用基础','','','','','','','华丽丽','18017103163',639,71,9,14),(59,37,17,3,'2016-08-24 14:55:45','2016-08-25 14:57:40','信息化教学设计比赛','大学生职业规划与就业指导','《大学生职业发展与就业指导》上海锦绣文章出版社2013年版','在前面的课程中已经讲述了“打造简历”和“攻克面试”的理论内容。然而，碎片化的教学难以让同学们形成一个关于“求职面试”的完整印象。所以需要进行一次面试的综合演练。 之所以采用体验式的教学方法，因为心理学研究发现，一个成年人通过阅读能够掌握10%左右的知识，而通过体验，则能够掌握80%以上。本节课的设计目标就是在模拟的情境中，通过体验式教学，让同学们实现对于之前所学知识点的巩固，并能够综合运用。教学难点在于如何让同学熟练掌握面试流程，注意面试细节，回答面试问题。 本节《模拟面试》教学课具体这样展开：首先15分钟进行课程回顾和工作准备。然后50分钟进行2-3轮的模拟面试。模拟面试结束以后，利用15分钟时间进行交流和点评。最后，布置课后作业：撰写心得体会，帮助同学进行巩固和提升。','施晓玮','上海东海职业技术学院','大学生职业规划与就业指导','','','','','','','华丽丽','18017103163',643,71.44,9,15),(60,43,6,3,'2016-08-24 14:56:02','2016-08-25 14:58:10','信息化教学设计比赛','程序设计基础','Java程序设计_徐红 王灿主编','本课程是由学生走向程序员之路的质变课程，帮助学生理解面向对象的思想，掌握面向对象的基本原则以及 Java 面向对象编程基本实现原理。传统的Java程序设计采用教师在讲台上讲解PPT加上机模式,形式较单一,是面向单一技能的灌输式的培养教育方法，为了引发学生对课程内容的兴趣及深入理解面向对象的三大特性，本课程在信息化教学环境下完成教学任务，针对复杂概念和编程过程的每个环节，引入动画、视频等多媒体手段，帮助学生完成知识的学习，锻炼学生使用信息化技术实现自我学习的能力。','何进松','上海电子信息职业技术学院','程序设计基础','','','','','','','陈林河','15001710758',737,81.89,9,16),(62,45,7,3,'2016-08-24 14:56:24','2016-08-25 14:53:22','信息化教学设计比赛','农业遥感','中国农业科学技术出版社','《农业遥感》是农业信息技术专业专业选修课。农业遥感技术是农业信息化的重要技术。','王妍','上海农林职业技术学院','农业遥感','','','','','','','钱大海','18017900029',741,82.33,9,8),(63,48,6,3,'2016-08-24 14:56:37','2016-08-25 14:52:52','信息化教学设计比赛','安全防范技术','讲义','本课程是建筑智能化工程技术（楼宇智能化方向）专业职业教育课程，其主要功能是使学生了解安全防范技术的基础知识，具备安全防范系统的安装、调试、运行、维护、故障排除等工作能力。\r\n课程中涉及系统运行原理的知识点或需教师演示的实践操作如使用传统的教学手段，教学效果不佳。为了提高教学效率，本课程引入动画教学或视频教学的信息化教学手段，让学生能够更直观的学习，并培养其自主学习的能力。\r\n','董莹荷','上海电子信息职业技术学院','安全防范技术','','','','','','','陈林河','15001710758',732,81.33,9,7),(64,66,6,3,'2016-08-24 14:57:08','2016-08-25 14:50:19','信息化教学设计比赛','摄影','上海美院版','教学信息化设计不是为了信息化而改变教学，应该是为了解决教学中的难点与痛点去探索使用先进信息技术手段，提升教学质量、提高教学效率、提升教育教学管理水平、降低教学成本、促进教育公平的方法和策略。本案例就是以此思路设计实施的！','王荻','上海电子信息职业技术学院','摄影、摄像等','鲁家皓','上海电子信息职业技术学院','摄像、摄影等','','','','周巧婷','18901811810',720,80,9,3),(65,55,6,3,'2016-08-24 14:57:19','2016-08-25 14:49:09','信息化教学设计比赛','实用英语4','新职业英语 IT英语','以学生为主体，结合科技手段贯彻说学做，克服大班上课缺陷，激发学生兴趣，提高课堂效率，当堂学习当堂巩固，对学生进行即时和及时的指导，增加学生课堂习得收获感。','张帆','上海电子信息职业技术学院','','','','','','','','张帆','15021970369',666,74,9,2),(66,47,3,3,'2016-08-24 14:57:59','2016-08-25 14:55:49','信息化教学设计比赛','刑事案件侦查	','《刑事案件侦查》中国人民公安大学出版社，张高文、徐公社主编	','创作思路： 刑事案件侦查是公安院校、我校刑事侦查专业的一门主干专业课程，是刑事侦查知识体系的重要组成部分。本课程处于刑事侦查专业学生学习的最后阶段，相对于其他课程，本课程具有综合性、实战性突出的特点，因而其教学核心就是在讲清基本理论、基本程序和规定的基础上，重点训练和培养学生运用理论分析解决问题的能力。 对此，本课程搭建了刑事案件侦查实战训练平台，该平台结合现场勘察系统、信息情报研判系统、实训网办系统、信息查询系统等，将整个平台贯穿刑事案件侦查全过程，提升学生综合运用理论知识、拓展及创新思维的能力。 作品特色： 利用自建的刑事案件侦查实战训练平台，从传统的课堂讲授、案例讨论、模拟情景实训等模式，转变为贯穿刑事案件侦查全过程的综合模拟实战训练，能使学生进一步消化、巩固及运用理论知识。 同时通过学生在该平台的实战训练操作，根据学生学习的时间、驻点、操作轨迹（如选择的侦查措施、法律文书等）、选择的侦查方向等信息，进行大数据分析，能对学生做出每一个过程环节的评价，也能进一步掌握学生的学习重点、难点、疑点等问题，通过每一届学生的数据积累，为下一步教学工作提供依据和指导。','','','','','','','','','','梅智明','13818224790',806,89.56,9,12),(67,26,32,3,'2016-08-24 15:01:19','2016-08-25 14:51:43','信息化教学设计比赛','乘务英语口语','新世纪民航乘务英语（中级）口语教程','本课程以语言交际能力的培养为中心，以客舱服务工作流程为主线，转换教师和学生的传统角色，以教师为观察者，任务引领者，以学生为主体，任务实施者来开展课堂教学。改革以往单一的评价方式，开创以学生自评，同伴互评和教师点评相结合的多元评价模式，促进学生学习的积极性和课堂的参与度。  \r\n','','','','','','','','','','陆周','13671528459',727,80.78,9,5),(68,38,27,4,'2016-08-24 15:03:06','2016-08-26 11:08:56','信息化实训教学比赛','电子产品设计与制作','自编校本教材','依据职业教育教学改革要求，采用任务驱动教学法，以常用的电子产品为载体进行教学设计，完成电子产品的结构原理的理解、元器件的认识与检测、电子产品的装配与调试完整工作过程。利用QQ群、微信朋友圈提前将上课相关内容进行发布，让学生提前去搜集相关资料，对上课内容做到心中有数。课上以学生为主体，分组分模块讨论相关原理，教师点评补充；对于元器件认识、检测、装配和调试，老师讲解要点，演示难点，以学生动手操作为主，教师巡回指导，随时解决学生遇到的问题，同时进行检查考核；任务完成，利用QQ群、微信朋友圈进行课外评价，两者综合完成对学生的学习成果评价，把整个实训教学过程信息化，使学生有了很好的学习动机，加强了学生的学习互动，明显提高教学效果。','张静','上海工程技术大学高等职业技术学院','低频电子线路板设计实训、电子产品设计与制作实训等','彭远芳','上海工程技术大学高等职业技术学院','低频电子线路板设计、微控制器原理等','','','','陈亚琼','137 7425 0408',662,82.75,8,2),(69,17,8,4,'2016-08-24 15:03:33','2016-08-26 11:09:25','信息化实训教学比赛','单片机技术与应用','C51单片机应用设计与技能训练','简易数字电压表的装配与调试','','','','','','','','','','胡琛','13611929466',702,87.75,8,3),(70,65,6,4,'2016-08-24 15:03:54','2016-08-26 11:06:36','信息化实训教学比赛','简易数字电压表的装配与调试','比赛公告中的资料','提交的比赛资料均为原创材料。','','','','','','','','','','陈林河','15001710758',610,76.25,8,1),(71,75,6,4,'2016-08-24 15:04:12','2016-08-26 11:09:18','信息化实训教学比赛','单片机原理及应用','《单片机应用技术》第2版 王静霞 主编 电子工业出版社','引导式教学法，充分运用信息化手段调动同学学习的积极性，教学过程中充分发挥学生的主动性。加强对技术手册的引入和应用，从实际问题出发，让同学在“陷入”问题后指导同学解决问题。注重对学生自主学习能力和信息化手段、资源应用能力的培养。','','','','','','','','','','陈林河','15001710758',629,78.63,8,4);
/*!40000 ALTER TABLE `info_competition_recruits` ENABLE KEYS */;
UNLOCK TABLES;

--
-- Table structure for table `marks`
--

DROP TABLE IF EXISTS `marks`;
/*!40101 SET @saved_cs_client     = @@character_set_client */;
/*!40101 SET character_set_client = utf8 */;
CREATE TABLE `marks` (
  `id` int(11) NOT NULL AUTO_INCREMENT,
  `score` float DEFAULT NULL,
  `created_at` datetime NOT NULL,
  `updated_at` datetime NOT NULL,
  `item_array` text COLLATE utf8_unicode_ci,
  `expert_id` int(11) DEFAULT NULL,
  `recruitable_id` int(11) DEFAULT NULL,
  `recruitable_type` varchar(255) COLLATE utf8_unicode_ci DEFAULT NULL,
  PRIMARY KEY (`id`),
  KEY `index_marks_on_expert_id` (`expert_id`),
  KEY `index_marks_on_recruitable_type_and_recruitable_id` (`recruitable_type`,`recruitable_id`)
) ENGINE=InnoDB AUTO_INCREMENT=1420 DEFAULT CHARSET=utf8 COLLATE=utf8_unicode_ci;
/*!40101 SET character_set_client = @saved_cs_client */;

--
-- Dumping data for table `marks`
--

LOCK TABLES `marks` WRITE;
/*!40000 ALTER TABLE `marks` DISABLE KEYS */;
INSERT INTO `marks` VALUES (34,NULL,'2016-08-18 14:31:37','2016-08-24 04:20:07',NULL,42,34,'InfoCompetition::Recruit'),(35,62,'2016-08-18 14:31:37','2016-08-24 04:20:07','---\n- 25\n- 20\n- 9\n- 8\n',43,34,'InfoCompetition::Recruit'),(36,76,'2016-08-18 14:31:37','2016-08-24 04:20:07','---\n- 34\n- 24\n- 12\n- 6\n',44,34,'InfoCompetition::Recruit'),(37,NULL,'2016-08-18 14:31:37','2016-08-24 04:20:07',NULL,45,34,'InfoCompetition::Recruit'),(38,74,'2016-08-18 14:31:37','2016-08-24 04:20:07','---\n- 30\n- 21\n- 11\n- 12\n',46,34,'InfoCompetition::Recruit'),(39,82,'2016-08-18 14:31:37','2016-08-24 04:20:07','---\n- 34\n- 24\n- 12\n- 12\n',47,34,'InfoCompetition::Recruit'),(40,71,'2016-08-18 14:31:37','2016-08-24 04:20:07','---\n- 29\n- 23\n- 10\n- 9\n',48,34,'InfoCompetition::Recruit'),(41,NULL,'2016-08-18 14:31:37','2016-08-24 04:20:07',NULL,49,34,'InfoCompetition::Recruit'),(42,73,'2016-08-18 14:31:37','2016-08-24 04:20:07','---\n- 32\n- 23\n- 10\n- 8\n',50,34,'InfoCompetition::Recruit'),(43,81,'2016-08-18 14:31:37','2016-08-24 04:20:07','---\n- 34\n- 26\n- 13\n- 8\n',51,34,'InfoCompetition::Recruit'),(44,NULL,'2016-08-18 14:46:38','2016-08-24 04:20:07',NULL,42,37,'InfoCompetition::Recruit'),(45,64,'2016-08-18 14:46:38','2016-08-24 04:20:07','---\n- 28\n- 18\n- 10\n- 8\n',43,37,'InfoCompetition::Recruit'),(46,70,'2016-08-18 14:46:38','2016-08-24 04:20:07','---\n- 30\n- 23\n- 10\n- 7\n',44,37,'InfoCompetition::Recruit'),(47,NULL,'2016-08-18 14:46:38','2016-08-24 04:20:07',NULL,45,37,'InfoCompetition::Recruit'),(48,83,'2016-08-18 14:46:38','2016-08-24 04:20:07','---\n- 35\n- 24\n- 12\n- 12\n',46,37,'InfoCompetition::Recruit'),(49,70,'2016-08-18 14:46:38','2016-08-24 04:20:07','---\n- 27\n- 22\n- 13\n- 8\n',47,37,'InfoCompetition::Recruit'),(50,81,'2016-08-18 14:46:38','2016-08-24 04:20:07','---\n- 33\n- 26\n- 12\n- 10\n',48,37,'InfoCompetition::Recruit'),(51,NULL,'2016-08-18 14:46:38','2016-08-24 04:20:07',NULL,49,37,'InfoCompetition::Recruit'),(52,64,'2016-08-18 14:46:38','2016-08-24 04:20:07','---\n- 28\n- 20\n- 9\n- 7\n',50,37,'InfoCompetition::Recruit'),(53,83,'2016-08-18 14:46:38','2016-08-24 04:20:07','---\n- 35\n- 27\n- 13\n- 8\n',51,37,'InfoCompetition::Recruit'),(54,NULL,'2016-08-18 14:46:38','2016-08-24 04:20:07',NULL,42,41,'InfoCompetition::Recruit'),(55,77,'2016-08-18 14:46:38','2016-08-24 04:20:07','---\n- 30\n- 24\n- 12\n- 11\n',43,41,'InfoCompetition::Recruit'),(56,78,'2016-08-18 14:46:38','2016-08-24 04:20:07','---\n- 34\n- 23\n- 10\n- 11\n',44,41,'InfoCompetition::Recruit'),(57,NULL,'2016-08-18 14:46:38','2016-08-24 04:20:07',NULL,45,41,'InfoCompetition::Recruit'),(58,85,'2016-08-18 14:46:38','2016-08-24 04:20:07','---\n- 35\n- 26\n- 12\n- 12\n',46,41,'InfoCompetition::Recruit'),(59,75,'2016-08-18 14:46:38','2016-08-24 04:20:07','---\n- 31\n- 22\n- 11\n- 11\n',47,41,'InfoCompetition::Recruit'),(60,70,'2016-08-18 14:46:38','2016-08-24 04:20:07','---\n- 27\n- 21\n- 11\n- 11\n',48,41,'InfoCompetition::Recruit'),(61,NULL,'2016-08-18 14:46:38','2016-08-24 04:20:07',NULL,49,41,'InfoCompetition::Recruit'),(62,61,'2016-08-18 14:46:38','2016-08-24 04:20:07','---\n- 25\n- 20\n- 10\n- 6\n',50,41,'InfoCompetition::Recruit'),(63,87,'2016-08-18 14:46:38','2016-08-24 04:20:07','---\n- 36\n- 27\n- 14\n- 10\n',51,41,'InfoCompetition::Recruit'),(64,NULL,'2016-08-18 14:46:38','2016-08-24 04:20:07',NULL,42,43,'InfoCompetition::Recruit'),(65,68,'2016-08-18 14:46:38','2016-08-24 04:20:07','---\n- 27\n- 21\n- 11\n- 9\n',43,43,'InfoCompetition::Recruit'),(66,65,'2016-08-18 14:46:38','2016-08-24 04:20:07','---\n- 27\n- 21\n- 9\n- 8\n',44,43,'InfoCompetition::Recruit'),(67,NULL,'2016-08-18 14:46:38','2016-08-24 04:20:07',NULL,45,43,'InfoCompetition::Recruit'),(68,71,'2016-08-18 14:46:38','2016-08-24 04:20:07','---\n- 30\n- 20\n- 10\n- 11\n',46,43,'InfoCompetition::Recruit'),(69,82,'2016-08-18 14:46:38','2016-08-24 04:20:07','---\n- 32\n- 24\n- 12\n- 14\n',47,43,'InfoCompetition::Recruit'),(70,75,'2016-08-18 14:46:38','2016-08-24 04:20:07','---\n- 30\n- 21\n- 11\n- 13\n',48,43,'InfoCompetition::Recruit'),(71,NULL,'2016-08-18 14:46:38','2016-08-24 04:20:07',NULL,49,43,'InfoCompetition::Recruit'),(72,83,'2016-08-18 14:46:38','2016-08-24 04:20:07','---\n- 36\n- 25\n- 12\n- 10\n',50,43,'InfoCompetition::Recruit'),(73,70,'2016-08-18 14:46:38','2016-08-24 04:20:07','---\n- 30\n- 23\n- 11\n- 6\n',51,43,'InfoCompetition::Recruit'),(74,NULL,'2016-08-18 14:46:38','2016-08-24 04:20:07',NULL,42,44,'InfoCompetition::Recruit'),(75,60,'2016-08-18 14:46:38','2016-08-24 04:20:07','---\n- 25\n- 18\n- 8\n- 9\n',43,44,'InfoCompetition::Recruit'),(76,72,'2016-08-18 14:46:38','2016-08-24 04:20:07','---\n- 30\n- 23\n- 10\n- 9\n',44,44,'InfoCompetition::Recruit'),(77,NULL,'2016-08-18 14:46:38','2016-08-24 04:20:07',NULL,45,44,'InfoCompetition::Recruit'),(78,71,'2016-08-18 14:46:38','2016-08-24 04:20:07','---\n- 26\n- 22\n- 12\n- 11\n',46,44,'InfoCompetition::Recruit'),(79,71,'2016-08-18 14:46:38','2016-08-24 04:20:07','---\n- 27\n- 22\n- 11\n- 11\n',47,44,'InfoCompetition::Recruit'),(80,65,'2016-08-18 14:46:38','2016-08-24 04:20:07','---\n- 25\n- 20\n- 10\n- 10\n',48,44,'InfoCompetition::Recruit'),(81,NULL,'2016-08-18 14:46:38','2016-08-24 04:20:07',NULL,49,44,'InfoCompetition::Recruit'),(82,74,'2016-08-18 14:46:38','2016-08-24 04:20:07','---\n- 30\n- 22\n- 12\n- 10\n',50,44,'InfoCompetition::Recruit'),(83,61,'2016-08-18 14:46:38','2016-08-24 04:20:07','---\n- 26\n- 20\n- 10\n- 5\n',51,44,'InfoCompetition::Recruit'),(84,NULL,'2016-08-18 14:46:38','2016-08-24 04:20:07',NULL,42,46,'InfoCompetition::Recruit'),(85,80,'2016-08-18 14:46:38','2016-08-24 04:20:07','---\n- 33\n- 24\n- 11\n- 12\n',43,46,'InfoCompetition::Recruit'),(86,79,'2016-08-18 14:46:38','2016-08-24 04:20:07','---\n- 34\n- 24\n- 11\n- 10\n',44,46,'InfoCompetition::Recruit'),(87,NULL,'2016-08-18 14:46:38','2016-08-24 04:20:07',NULL,45,46,'InfoCompetition::Recruit'),(88,80,'2016-08-18 14:46:38','2016-08-24 04:20:07','---\n- 33\n- 24\n- 12\n- 11\n',46,46,'InfoCompetition::Recruit'),(89,81,'2016-08-18 14:46:38','2016-08-24 04:20:07','---\n- 34\n- 24\n- 11\n- 12\n',47,46,'InfoCompetition::Recruit'),(90,77,'2016-08-18 14:46:38','2016-08-24 04:20:07','---\n- 32\n- 24\n- 10\n- 11\n',48,46,'InfoCompetition::Recruit'),(91,NULL,'2016-08-18 14:46:38','2016-08-24 04:20:07',NULL,49,46,'InfoCompetition::Recruit'),(92,76,'2016-08-18 14:46:38','2016-08-24 04:20:07','---\n- 30\n- 22\n- 12\n- 12\n',50,46,'InfoCompetition::Recruit'),(93,75,'2016-08-18 14:46:38','2016-08-24 04:20:07','---\n- 32\n- 24\n- 12\n- 7\n',51,46,'InfoCompetition::Recruit'),(94,NULL,'2016-08-18 14:46:38','2016-08-24 04:20:07',NULL,42,48,'InfoCompetition::Recruit'),(95,63,'2016-08-18 14:46:38','2016-08-24 04:20:07','---\n- 25\n- 19\n- 10\n- 9\n',43,48,'InfoCompetition::Recruit'),(96,65,'2016-08-18 14:46:38','2016-08-24 04:20:07','---\n- 26\n- 22\n- 10\n- 7\n',44,48,'InfoCompetition::Recruit'),(97,NULL,'2016-08-18 14:46:38','2016-08-24 04:20:07',NULL,45,48,'InfoCompetition::Recruit'),(98,78,'2016-08-18 14:46:38','2016-08-24 04:20:07','---\n- 32\n- 22\n- 12\n- 12\n',46,48,'InfoCompetition::Recruit'),(99,76,'2016-08-18 14:46:38','2016-08-24 04:20:07','---\n- 32\n- 22\n- 10\n- 12\n',47,48,'InfoCompetition::Recruit'),(100,80,'2016-08-18 14:46:38','2016-08-24 04:20:07','---\n- 32\n- 25\n- 12\n- 11\n',48,48,'InfoCompetition::Recruit'),(101,NULL,'2016-08-18 14:46:38','2016-08-24 04:20:07',NULL,49,48,'InfoCompetition::Recruit'),(102,72,'2016-08-18 14:46:38','2016-08-24 04:20:07','---\n- 30\n- 20\n- 12\n- 10\n',50,48,'InfoCompetition::Recruit'),(103,65,'2016-08-18 14:46:38','2016-08-24 04:20:07','---\n- 28\n- 21\n- 11\n- 5\n',51,48,'InfoCompetition::Recruit'),(228,70,'2016-08-22 15:41:56','2016-08-27 18:53:31','---\n- 17\n- 35\n- 12\n- 6\n',57,20,'InfoCompetition::Recruit'),(229,NULL,'2016-08-22 15:47:19','2016-08-24 04:20:07',NULL,42,20,'InfoCompetition::Recruit'),(230,63,'2016-08-22 15:47:19','2016-08-26 08:53:31','---\n- 19\n- 28\n- 10\n- 6\n',52,20,'InfoCompetition::Recruit'),(231,74,'2016-08-22 15:47:19','2016-08-26 10:15:59','---\n- 20\n- 33\n- 12\n- 9\n',53,20,'InfoCompetition::Recruit'),(232,74,'2016-08-22 15:47:19','2016-08-27 10:36:58','---\n- 20\n- 34\n- 10\n- 10\n',54,20,'InfoCompetition::Recruit'),(233,80,'2016-08-22 15:47:19','2016-08-24 04:20:07','---\n- 20\n- 38\n- 11\n- 11\n',55,20,'InfoCompetition::Recruit'),(234,65,'2016-08-22 15:47:19','2016-08-25 10:48:54','---\n- 13\n- 40\n- 7\n- 5\n',56,20,'InfoCompetition::Recruit'),(235,78,'2016-08-22 15:47:20','2016-08-25 21:50:42','---\n- 19\n- 38\n- 11\n- 10\n',58,20,'InfoCompetition::Recruit'),(242,NULL,'2016-08-22 16:13:35','2016-08-24 04:20:07',NULL,42,23,'InfoCompetition::Recruit'),(243,NULL,'2016-08-22 16:13:35','2016-08-24 04:20:07',NULL,52,23,'InfoCompetition::Recruit'),(244,NULL,'2016-08-22 16:13:35','2016-08-24 04:20:07',NULL,53,23,'InfoCompetition::Recruit'),(245,NULL,'2016-08-22 16:13:35','2016-08-24 04:20:07',NULL,54,23,'InfoCompetition::Recruit'),(246,NULL,'2016-08-22 16:13:35','2016-08-24 04:20:07',NULL,55,23,'InfoCompetition::Recruit'),(247,NULL,'2016-08-22 16:13:35','2016-08-24 04:20:07',NULL,56,23,'InfoCompetition::Recruit'),(248,NULL,'2016-08-22 16:13:35','2016-08-24 04:20:07',NULL,57,23,'InfoCompetition::Recruit'),(249,NULL,'2016-08-22 16:13:35','2016-08-24 04:20:07',NULL,58,23,'InfoCompetition::Recruit'),(250,NULL,'2016-08-22 16:13:35','2016-08-24 04:20:07',NULL,42,29,'InfoCompetition::Recruit'),(251,55,'2016-08-22 16:13:35','2016-08-26 08:54:00','---\n- 17\n- 25\n- 8\n- 5\n',52,29,'InfoCompetition::Recruit'),(252,68,'2016-08-22 16:13:35','2016-08-26 10:16:57','---\n- 19\n- 30\n- 10\n- 9\n',53,29,'InfoCompetition::Recruit'),(253,81,'2016-08-22 16:13:35','2016-08-27 10:35:47','---\n- 21\n- 38\n- 12\n- 10\n',54,29,'InfoCompetition::Recruit'),(254,85,'2016-08-22 16:13:35','2016-08-24 04:20:07','---\n- 20\n- 39\n- 13\n- 13\n',55,29,'InfoCompetition::Recruit'),(255,75,'2016-08-22 16:13:35','2016-08-25 10:49:48','---\n- 20\n- 40\n- 10\n- 5\n',56,29,'InfoCompetition::Recruit'),(256,66,'2016-08-22 16:13:35','2016-08-27 18:55:26','---\n- 17\n- 33\n- 11\n- 5\n',57,29,'InfoCompetition::Recruit'),(257,81,'2016-08-22 16:13:35','2016-08-25 21:54:01','---\n- 21\n- 39\n- 11\n- 10\n',58,29,'InfoCompetition::Recruit'),(258,NULL,'2016-08-22 16:13:35','2016-08-24 04:20:07',NULL,42,32,'InfoCompetition::Recruit'),(259,60,'2016-08-22 16:13:35','2016-08-26 08:55:12','---\n- 18\n- 29\n- 9\n- 4\n',52,32,'InfoCompetition::Recruit'),(260,63,'2016-08-22 16:13:35','2016-08-26 10:17:49','---\n- 17\n- 28\n- 9\n- 9\n',53,32,'InfoCompetition::Recruit'),(261,70,'2016-08-22 16:13:35','2016-08-27 10:37:58','---\n- 20\n- 30\n- 10\n- 10\n',54,32,'InfoCompetition::Recruit'),(262,83,'2016-08-22 16:13:35','2016-08-24 04:20:07','---\n- 22\n- 41\n- 11\n- 9\n',55,32,'InfoCompetition::Recruit'),(263,70,'2016-08-22 16:13:35','2016-08-25 10:51:13','---\n- 19\n- 39\n- 7\n- 5\n',56,32,'InfoCompetition::Recruit'),(264,53,'2016-08-22 16:13:35','2016-08-27 18:57:10','---\n- 15\n- 25\n- 9\n- 4\n',57,32,'InfoCompetition::Recruit'),(265,76,'2016-08-22 16:13:35','2016-08-25 21:56:32','---\n- 19\n- 37\n- 10\n- 10\n',58,32,'InfoCompetition::Recruit'),(266,NULL,'2016-08-22 16:13:35','2016-08-24 04:20:07',NULL,42,33,'InfoCompetition::Recruit'),(267,68,'2016-08-22 16:13:35','2016-08-26 08:56:10','---\n- 20\n- 30\n- 11\n- 7\n',52,33,'InfoCompetition::Recruit'),(268,76,'2016-08-22 16:13:35','2016-08-26 10:19:31','---\n- 21\n- 34\n- 12\n- 9\n',53,33,'InfoCompetition::Recruit'),(269,85,'2016-08-22 16:13:35','2016-08-27 10:39:12','---\n- 22\n- 40\n- 12\n- 11\n',54,33,'InfoCompetition::Recruit'),(270,86,'2016-08-22 16:13:35','2016-08-24 04:20:07','---\n- 22\n- 39\n- 13\n- 12\n',55,33,'InfoCompetition::Recruit'),(271,78,'2016-08-22 16:13:35','2016-08-25 10:52:32','---\n- 21\n- 42\n- 8\n- 7\n',56,33,'InfoCompetition::Recruit'),(272,56,'2016-08-22 16:13:35','2016-08-27 18:58:25','---\n- 15\n- 27\n- 9\n- 5\n',57,33,'InfoCompetition::Recruit'),(273,80,'2016-08-22 16:13:35','2016-08-27 10:45:42','---\n- 20\n- 38\n- 11\n- 11\n',58,33,'InfoCompetition::Recruit'),(274,NULL,'2016-08-22 16:13:35','2016-08-24 04:20:07',NULL,42,38,'InfoCompetition::Recruit'),(275,88,'2016-08-22 16:13:35','2016-08-26 08:56:36','---\n- 23\n- 42\n- 14\n- 9\n',52,38,'InfoCompetition::Recruit'),(276,85,'2016-08-22 16:13:35','2016-08-26 10:20:04','---\n- 22\n- 40\n- 13\n- 10\n',53,38,'InfoCompetition::Recruit'),(277,90,'2016-08-22 16:13:35','2016-08-27 10:40:34','---\n- 23\n- 42\n- 13\n- 12\n',54,38,'InfoCompetition::Recruit'),(278,90,'2016-08-22 16:13:35','2016-08-24 04:20:07','---\n- 23\n- 40\n- 13\n- 14\n',55,38,'InfoCompetition::Recruit'),(279,85,'2016-08-22 16:13:35','2016-08-25 10:53:16','---\n- 23\n- 43\n- 12\n- 7\n',56,38,'InfoCompetition::Recruit'),(280,84,'2016-08-22 16:13:35','2016-08-27 19:00:10','---\n- 20\n- 40\n- 13\n- 11\n',57,38,'InfoCompetition::Recruit'),(281,89,'2016-08-22 16:13:35','2016-08-27 10:48:01','---\n- 22\n- 41\n- 13\n- 13\n',58,38,'InfoCompetition::Recruit'),(282,NULL,'2016-08-22 16:13:35','2016-08-24 04:20:07',NULL,42,45,'InfoCompetition::Recruit'),(283,83,'2016-08-22 16:13:35','2016-08-26 08:57:09','---\n- 22\n- 40\n- 13\n- 8\n',52,45,'InfoCompetition::Recruit'),(284,83,'2016-08-22 16:13:35','2016-08-26 10:20:45','---\n- 22\n- 38\n- 13\n- 10\n',53,45,'InfoCompetition::Recruit'),(285,93,'2016-08-22 16:13:35','2016-08-27 10:41:51','---\n- 23\n- 43\n- 14\n- 13\n',54,45,'InfoCompetition::Recruit'),(286,94,'2016-08-22 16:13:35','2016-08-24 04:20:07','---\n- 24\n- 42\n- 14\n- 14\n',55,45,'InfoCompetition::Recruit'),(287,83,'2016-08-22 16:13:35','2016-08-25 10:54:11','---\n- 23\n- 42\n- 10\n- 8\n',56,45,'InfoCompetition::Recruit'),(288,86,'2016-08-22 16:13:35','2016-08-27 19:01:00','---\n- 22\n- 38\n- 13\n- 13\n',57,45,'InfoCompetition::Recruit'),(289,90,'2016-08-22 16:13:35','2016-08-27 11:26:25','---\n- 23\n- 42\n- 13\n- 12\n',58,45,'InfoCompetition::Recruit'),(292,78,'2016-08-24 14:52:30','2016-08-25 14:36:22','---\n- 32\n- 24\n- 12\n- 10\n',42,50,'InfoCompetition::Recruit'),(293,63,'2016-08-24 15:11:13','2016-08-25 14:33:44','---\n- 24\n- 18\n- 11\n- 10\n',43,50,'InfoCompetition::Recruit'),(294,63,'2016-08-24 15:11:13','2016-08-25 14:57:12','---\n- 25\n- 20\n- 10\n- 8\n',54,50,'InfoCompetition::Recruit'),(295,79,'2016-08-24 15:11:13','2016-08-25 14:46:46','---\n- 32\n- 23\n- 12\n- 12\n',60,50,'InfoCompetition::Recruit'),(296,60,'2016-08-24 15:11:13','2016-08-25 14:48:01','---\n- 24\n- 18\n- 9\n- 9\n',61,50,'InfoCompetition::Recruit'),(297,77,'2016-08-24 15:11:13','2016-08-25 14:54:17','---\n- 30\n- 23\n- 12\n- 12\n',62,50,'InfoCompetition::Recruit'),(298,70,'2016-08-24 15:11:13','2016-08-25 14:41:57','---\n- 25\n- 22\n- 12\n- 11\n',63,50,'InfoCompetition::Recruit'),(299,77,'2016-08-24 15:11:13','2016-08-25 14:38:13','---\n- 29\n- 24\n- 12\n- 12\n',64,50,'InfoCompetition::Recruit'),(300,76,'2016-08-24 15:11:13','2016-08-25 14:58:42','---\n- 33\n- 24\n- 10\n- 9\n',65,50,'InfoCompetition::Recruit'),(301,87,'2016-08-24 15:11:13','2016-08-25 14:18:11','---\n- 35\n- 26\n- 13\n- 13\n',42,51,'InfoCompetition::Recruit'),(302,80,'2016-08-24 15:11:13','2016-08-25 12:48:05','---\n- 32\n- 24\n- 12\n- 12\n',43,51,'InfoCompetition::Recruit'),(303,85,'2016-08-24 15:11:13','2016-08-25 14:53:02','---\n- 35\n- 26\n- 12\n- 12\n',54,51,'InfoCompetition::Recruit'),(304,90,'2016-08-24 15:11:14','2016-08-25 14:30:02','---\n- 37\n- 27\n- 13\n- 13\n',60,51,'InfoCompetition::Recruit'),(305,80,'2016-08-24 15:11:14','2016-08-25 14:52:16','---\n- 32\n- 24\n- 12\n- 12\n',61,51,'InfoCompetition::Recruit'),(306,75,'2016-08-24 15:11:14','2016-08-25 12:59:18','---\n- 31\n- 22\n- 11\n- 11\n',62,51,'InfoCompetition::Recruit'),(307,62,'2016-08-24 15:11:14','2016-08-25 14:33:58','---\n- 22\n- 23\n- 9\n- 8\n',63,51,'InfoCompetition::Recruit'),(308,85,'2016-08-24 15:11:14','2016-08-25 14:28:52','---\n- 33\n- 27\n- 12\n- 13\n',64,51,'InfoCompetition::Recruit'),(309,92,'2016-08-24 15:11:14','2016-08-25 14:54:36','---\n- 38\n- 28\n- 13\n- 13\n',65,51,'InfoCompetition::Recruit'),(310,89,'2016-08-24 15:11:14','2016-08-25 14:17:36','---\n- 36\n- 27\n- 13\n- 13\n',42,52,'InfoCompetition::Recruit'),(311,73,'2016-08-24 15:11:14','2016-08-25 11:47:01','---\n- 27\n- 23\n- 12\n- 11\n',43,52,'InfoCompetition::Recruit'),(312,82,'2016-08-24 15:11:14','2016-08-25 14:51:58','---\n- 35\n- 25\n- 12\n- 10\n',54,52,'InfoCompetition::Recruit'),(313,88,'2016-08-24 15:11:14','2016-08-25 14:29:22','---\n- 37\n- 27\n- 12\n- 12\n',60,52,'InfoCompetition::Recruit'),(314,83,'2016-08-24 15:11:14','2016-08-25 14:51:47','---\n- 34\n- 25\n- 12\n- 12\n',61,52,'InfoCompetition::Recruit'),(315,85,'2016-08-24 15:11:14','2016-08-25 14:51:26','---\n- 35\n- 26\n- 12\n- 12\n',62,52,'InfoCompetition::Recruit'),(316,67,'2016-08-24 15:11:14','2016-08-25 14:31:54','---\n- 23\n- 24\n- 10\n- 10\n',63,52,'InfoCompetition::Recruit'),(317,78,'2016-08-24 15:11:14','2016-08-25 14:27:49','---\n- 32\n- 26\n- 10\n- 10\n',64,52,'InfoCompetition::Recruit'),(318,81,'2016-08-24 15:11:14','2016-08-25 14:53:51','---\n- 35\n- 25\n- 10\n- 11\n',65,52,'InfoCompetition::Recruit'),(319,90,'2016-08-24 15:11:14','2016-08-25 14:41:30','---\n- 36\n- 28\n- 13\n- 13\n',42,53,'InfoCompetition::Recruit'),(320,70,'2016-08-24 15:11:14','2016-08-25 13:36:06','---\n- 27\n- 22\n- 11\n- 10\n',43,53,'InfoCompetition::Recruit'),(321,72,'2016-08-24 15:11:14','2016-08-25 14:55:12','---\n- 30\n- 20\n- 12\n- 10\n',54,53,'InfoCompetition::Recruit'),(322,83,'2016-08-24 15:11:14','2016-08-25 14:31:49','---\n- 33\n- 25\n- 12\n- 13\n',60,53,'InfoCompetition::Recruit'),(323,77,'2016-08-24 15:11:14','2016-08-25 14:53:48','---\n- 31\n- 24\n- 11\n- 11\n',61,53,'InfoCompetition::Recruit'),(324,80,'2016-08-24 15:11:14','2016-08-25 14:47:13','---\n- 32\n- 24\n- 12\n- 12\n',62,53,'InfoCompetition::Recruit'),(325,70,'2016-08-24 15:11:14','2016-08-25 14:38:54','---\n- 26\n- 24\n- 10\n- 10\n',63,53,'InfoCompetition::Recruit'),(326,72,'2016-08-24 15:11:14','2016-08-25 14:30:42','---\n- 29\n- 24\n- 10\n- 9\n',64,53,'InfoCompetition::Recruit'),(327,85,'2016-08-24 15:11:14','2016-08-25 14:56:18','---\n- 35\n- 26\n- 12\n- 12\n',65,53,'InfoCompetition::Recruit'),(328,92,'2016-08-24 15:11:14','2016-08-25 14:08:03','---\n- 39\n- 29\n- 13\n- 11\n',42,54,'InfoCompetition::Recruit'),(329,74,'2016-08-24 15:11:14','2016-08-25 09:17:32','---\n- 29\n- 24\n- 11\n- 10\n',43,54,'InfoCompetition::Recruit'),(330,80,'2016-08-24 15:11:14','2016-08-25 14:47:12','---\n- 32\n- 25\n- 10\n- 13\n',54,54,'InfoCompetition::Recruit'),(331,84,'2016-08-24 15:11:14','2016-08-25 14:24:12','---\n- 35\n- 25\n- 12\n- 12\n',60,54,'InfoCompetition::Recruit'),(332,84,'2016-08-24 15:11:14','2016-08-25 14:48:25','---\n- 35\n- 25\n- 12\n- 12\n',61,54,'InfoCompetition::Recruit'),(333,83,'2016-08-24 15:11:14','2016-08-25 13:29:40','---\n- 33\n- 25\n- 13\n- 12\n',62,54,'InfoCompetition::Recruit'),(334,82,'2016-08-24 15:11:14','2016-08-25 14:22:28','---\n- 30\n- 27\n- 13\n- 12\n',63,54,'InfoCompetition::Recruit'),(335,82,'2016-08-24 15:11:14','2016-08-25 14:21:21','---\n- 31\n- 27\n- 12\n- 12\n',64,54,'InfoCompetition::Recruit'),(336,83,'2016-08-24 15:11:14','2016-08-25 14:48:23','---\n- 35\n- 26\n- 11\n- 11\n',65,54,'InfoCompetition::Recruit'),(337,91,'2016-08-24 15:11:15','2016-08-25 14:21:15','---\n- 37\n- 27\n- 14\n- 13\n',42,55,'InfoCompetition::Recruit'),(338,74,'2016-08-24 15:11:15','2016-08-25 13:06:13','---\n- 28\n- 24\n- 12\n- 10\n',43,55,'InfoCompetition::Recruit'),(339,81,'2016-08-24 15:11:15','2016-08-25 14:53:47','---\n- 32\n- 25\n- 10\n- 14\n',54,55,'InfoCompetition::Recruit'),(340,82,'2016-08-24 15:11:15','2016-08-25 14:30:47','---\n- 32\n- 26\n- 12\n- 12\n',60,55,'InfoCompetition::Recruit'),(341,72,'2016-08-24 15:11:15','2016-08-25 14:52:45','---\n- 30\n- 22\n- 10\n- 10\n',61,55,'InfoCompetition::Recruit'),(342,91,'2016-08-24 15:11:15','2016-08-25 14:51:50','---\n- 36\n- 27\n- 14\n- 14\n',62,55,'InfoCompetition::Recruit'),(343,73,'2016-08-24 15:11:15','2016-08-25 14:35:13','---\n- 28\n- 24\n- 11\n- 10\n',63,55,'InfoCompetition::Recruit'),(344,79,'2016-08-24 15:11:15','2016-08-25 14:29:11','---\n- 31\n- 26\n- 11\n- 11\n',64,55,'InfoCompetition::Recruit'),(345,84,'2016-08-24 15:11:15','2016-08-25 14:55:09','---\n- 36\n- 25\n- 11\n- 12\n',65,55,'InfoCompetition::Recruit'),(346,88,'2016-08-24 15:11:15','2016-08-25 14:11:23','---\n- 36\n- 27\n- 13\n- 12\n',42,56,'InfoCompetition::Recruit'),(347,75,'2016-08-24 15:11:15','2016-08-25 10:15:06','---\n- 29\n- 24\n- 12\n- 10\n',43,56,'InfoCompetition::Recruit'),(348,85,'2016-08-24 15:11:15','2016-08-25 14:49:21','---\n- 35\n- 25\n- 12\n- 13\n',54,56,'InfoCompetition::Recruit'),(349,80,'2016-08-24 15:11:15','2016-08-25 14:45:56','---\n- 35\n- 24\n- 11\n- 10\n',60,56,'InfoCompetition::Recruit'),(350,69,'2016-08-24 15:11:15','2016-08-25 14:49:37','---\n- 28\n- 21\n- 10\n- 10\n',61,56,'InfoCompetition::Recruit'),(351,85,'2016-08-24 15:11:15','2016-08-25 14:48:36','---\n- 34\n- 25\n- 13\n- 13\n',62,56,'InfoCompetition::Recruit'),(352,75,'2016-08-24 15:11:15','2016-08-25 14:24:50','---\n- 25\n- 28\n- 11\n- 11\n',63,56,'InfoCompetition::Recruit'),(353,80,'2016-08-24 15:11:15','2016-08-25 14:23:00','---\n- 32\n- 25\n- 12\n- 11\n',64,56,'InfoCompetition::Recruit'),(354,87,'2016-08-24 15:11:15','2016-08-25 14:51:11','---\n- 36\n- 28\n- 12\n- 11\n',65,56,'InfoCompetition::Recruit'),(355,80,'2016-08-24 15:11:15','2016-08-25 14:13:52','---\n- 32\n- 24\n- 12\n- 12\n',42,57,'InfoCompetition::Recruit'),(356,68,'2016-08-24 15:11:15','2016-08-25 10:44:03','---\n- 24\n- 23\n- 11\n- 10\n',43,57,'InfoCompetition::Recruit'),(357,67,'2016-08-24 15:11:15','2016-08-25 14:50:38','---\n- 28\n- 20\n- 8\n- 11\n',54,57,'InfoCompetition::Recruit'),(358,71,'2016-08-24 15:11:15','2016-08-25 14:27:15','---\n- 30\n- 22\n- 10\n- 9\n',60,57,'InfoCompetition::Recruit'),(359,60,'2016-08-24 15:11:15','2016-08-25 14:46:45','---\n- 24\n- 18\n- 9\n- 9\n',61,57,'InfoCompetition::Recruit'),(360,73,'2016-08-24 15:11:15','2016-08-25 13:54:45','---\n- 29\n- 22\n- 11\n- 11\n',62,57,'InfoCompetition::Recruit'),(361,68,'2016-08-24 15:11:15','2016-08-25 14:29:13','---\n- 25\n- 23\n- 10\n- 10\n',63,57,'InfoCompetition::Recruit'),(362,82,'2016-08-24 15:11:15','2016-08-25 14:47:25','---\n- 32\n- 25\n- 13\n- 12\n',64,57,'InfoCompetition::Recruit'),(363,76,'2016-08-24 15:11:15','2016-08-25 14:52:14','---\n- 30\n- 24\n- 10\n- 12\n',65,57,'InfoCompetition::Recruit'),(364,85,'2016-08-24 15:11:15','2016-08-25 14:24:19','---\n- 35\n- 25\n- 13\n- 12\n',42,58,'InfoCompetition::Recruit'),(365,64,'2016-08-24 15:11:15','2016-08-25 13:51:24','---\n- 24\n- 20\n- 10\n- 10\n',43,58,'InfoCompetition::Recruit'),(366,65,'2016-08-24 15:11:15','2016-08-25 14:55:44','---\n- 25\n- 20\n- 10\n- 10\n',54,58,'InfoCompetition::Recruit'),(367,79,'2016-08-24 15:11:16','2016-08-25 14:32:18','---\n- 32\n- 26\n- 11\n- 10\n',60,58,'InfoCompetition::Recruit'),(368,60,'2016-08-24 15:11:16','2016-08-25 14:47:13','---\n- 24\n- 18\n- 9\n- 9\n',61,58,'InfoCompetition::Recruit'),(369,76,'2016-08-24 15:11:16','2016-08-25 14:01:53','---\n- 30\n- 22\n- 12\n- 12\n',62,58,'InfoCompetition::Recruit'),(370,73,'2016-08-24 15:11:16','2016-08-25 14:43:12','---\n- 25\n- 25\n- 12\n- 11\n',63,58,'InfoCompetition::Recruit'),(371,61,'2016-08-24 15:11:16','2016-08-25 14:31:10','---\n- 25\n- 18\n- 9\n- 9\n',64,58,'InfoCompetition::Recruit'),(372,76,'2016-08-24 15:11:16','2016-08-25 14:57:06','---\n- 32\n- 24\n- 11\n- 9\n',65,58,'InfoCompetition::Recruit'),(373,80,'2016-08-24 15:11:16','2016-08-25 14:25:01','---\n- 33\n- 25\n- 11\n- 11\n',42,59,'InfoCompetition::Recruit'),(374,68,'2016-08-24 15:11:16','2016-08-25 14:05:13','---\n- 24\n- 21\n- 12\n- 11\n',43,59,'InfoCompetition::Recruit'),(375,67,'2016-08-24 15:11:16','2016-08-25 14:56:12','---\n- 25\n- 22\n- 10\n- 10\n',54,59,'InfoCompetition::Recruit'),(376,77,'2016-08-24 15:11:16','2016-08-25 14:46:16','---\n- 31\n- 24\n- 12\n- 10\n',60,59,'InfoCompetition::Recruit'),(377,60,'2016-08-24 15:11:16','2016-08-25 14:47:34','---\n- 24\n- 18\n- 9\n- 9\n',61,59,'InfoCompetition::Recruit'),(378,78,'2016-08-24 15:11:16','2016-08-25 14:17:15','---\n- 32\n- 23\n- 11\n- 12\n',62,59,'InfoCompetition::Recruit'),(379,61,'2016-08-24 15:11:16','2016-08-25 14:40:53','---\n- 22\n- 22\n- 9\n- 8\n',63,59,'InfoCompetition::Recruit'),(380,72,'2016-08-24 15:11:16','2016-08-25 14:34:20','---\n- 29\n- 21\n- 12\n- 10\n',64,59,'InfoCompetition::Recruit'),(381,80,'2016-08-24 15:11:16','2016-08-25 14:57:40','---\n- 32\n- 27\n- 11\n- 10\n',65,59,'InfoCompetition::Recruit'),(382,89,'2016-08-24 15:11:16','2016-08-25 14:26:59','---\n- 37\n- 27\n- 13\n- 12\n',42,60,'InfoCompetition::Recruit'),(383,77,'2016-08-24 15:11:16','2016-08-25 14:19:37','---\n- 31\n- 23\n- 12\n- 11\n',43,60,'InfoCompetition::Recruit'),(384,81,'2016-08-24 15:11:16','2016-08-25 14:56:42','---\n- 30\n- 25\n- 14\n- 12\n',54,60,'InfoCompetition::Recruit'),(385,85,'2016-08-24 15:11:16','2016-08-25 14:33:41','---\n- 34\n- 26\n- 13\n- 12\n',60,60,'InfoCompetition::Recruit'),(386,74,'2016-08-24 15:11:16','2016-08-25 14:54:08','---\n- 29\n- 22\n- 11\n- 12\n',61,60,'InfoCompetition::Recruit'),(387,87,'2016-08-24 15:11:16','2016-08-25 14:52:57','---\n- 35\n- 26\n- 13\n- 13\n',62,60,'InfoCompetition::Recruit'),(388,73,'2016-08-24 15:11:16','2016-08-25 14:41:26','---\n- 26\n- 23\n- 12\n- 12\n',63,60,'InfoCompetition::Recruit'),(389,83,'2016-08-24 15:11:16','2016-08-25 14:35:08','---\n- 33\n- 25\n- 13\n- 12\n',64,60,'InfoCompetition::Recruit'),(390,88,'2016-08-24 15:11:16','2016-08-25 14:58:10','---\n- 37\n- 27\n- 13\n- 11\n',65,60,'InfoCompetition::Recruit'),(391,90,'2016-08-24 15:11:16','2016-08-25 14:16:39','---\n- 37\n- 27\n- 13\n- 13\n',42,62,'InfoCompetition::Recruit'),(392,72,'2016-08-24 15:11:16','2016-08-25 11:31:34','---\n- 28\n- 21\n- 12\n- 11\n',43,62,'InfoCompetition::Recruit'),(393,83,'2016-08-24 15:11:16','2016-08-25 14:52:29','---\n- 35\n- 25\n- 11\n- 12\n',54,62,'InfoCompetition::Recruit'),(394,81,'2016-08-24 15:11:16','2016-08-25 14:28:51','---\n- 33\n- 25\n- 12\n- 11\n',60,62,'InfoCompetition::Recruit'),(395,80,'2016-08-24 15:11:16','2016-08-25 14:50:55','---\n- 32\n- 24\n- 12\n- 12\n',61,62,'InfoCompetition::Recruit'),(396,84,'2016-08-24 15:11:16','2016-08-25 14:50:23','---\n- 34\n- 25\n- 12\n- 13\n',62,62,'InfoCompetition::Recruit'),(397,71,'2016-08-24 15:11:16','2016-08-25 14:31:04','---\n- 25\n- 24\n- 11\n- 11\n',63,62,'InfoCompetition::Recruit'),(398,89,'2016-08-24 15:11:16','2016-08-25 14:27:09','---\n- 36\n- 28\n- 13\n- 12\n',64,62,'InfoCompetition::Recruit'),(399,91,'2016-08-24 15:11:16','2016-08-25 14:53:22','---\n- 38\n- 27\n- 13\n- 13\n',65,62,'InfoCompetition::Recruit'),(400,89,'2016-08-24 15:11:17','2016-08-25 14:47:30','---\n- 37\n- 27\n- 13\n- 12\n',42,63,'InfoCompetition::Recruit'),(401,77,'2016-08-24 15:11:17','2016-08-25 11:11:46','---\n- 32\n- 23\n- 12\n- 10\n',43,63,'InfoCompetition::Recruit'),(402,82,'2016-08-24 15:11:17','2016-08-25 14:51:19','---\n- 35\n- 25\n- 12\n- 10\n',54,63,'InfoCompetition::Recruit'),(403,81,'2016-08-24 15:11:17','2016-08-25 14:28:17','---\n- 32\n- 26\n- 12\n- 11\n',60,63,'InfoCompetition::Recruit'),(404,79,'2016-08-24 15:11:17','2016-08-25 14:50:27','---\n- 31\n- 24\n- 12\n- 12\n',61,63,'InfoCompetition::Recruit'),(405,88,'2016-08-24 15:11:17','2016-08-25 14:49:57','---\n- 36\n- 26\n- 13\n- 13\n',62,63,'InfoCompetition::Recruit'),(406,65,'2016-08-24 15:11:17','2016-08-25 14:30:21','---\n- 22\n- 23\n- 10\n- 10\n',63,63,'InfoCompetition::Recruit'),(407,86,'2016-08-24 15:11:17','2016-08-25 14:26:00','---\n- 35\n- 27\n- 12\n- 12\n',64,63,'InfoCompetition::Recruit'),(408,85,'2016-08-24 15:11:17','2016-08-25 14:52:52','---\n- 34\n- 27\n- 13\n- 11\n',65,63,'InfoCompetition::Recruit'),(409,92,'2016-08-24 15:11:17','2016-08-25 14:39:46','---\n- 38\n- 27\n- 14\n- 13\n',42,64,'InfoCompetition::Recruit'),(410,87,'2016-08-24 15:11:17','2016-08-25 09:56:06','---\n- 35\n- 26\n- 13\n- 13\n',43,64,'InfoCompetition::Recruit'),(411,70,'2016-08-24 15:11:17','2016-08-25 14:48:43','---\n- 30\n- 20\n- 10\n- 10\n',54,64,'InfoCompetition::Recruit'),(412,86,'2016-08-24 15:11:17','2016-08-25 14:25:05','---\n- 36\n- 27\n- 11\n- 12\n',60,64,'InfoCompetition::Recruit'),(413,71,'2016-08-24 15:11:17','2016-08-25 14:48:59','---\n- 28\n- 22\n- 11\n- 10\n',61,64,'InfoCompetition::Recruit'),(414,80,'2016-08-24 15:11:17','2016-08-25 12:58:10','---\n- 34\n- 24\n- 11\n- 11\n',62,64,'InfoCompetition::Recruit'),(415,73,'2016-08-24 15:11:17','2016-08-25 14:24:00','---\n- 28\n- 23\n- 12\n- 10\n',63,64,'InfoCompetition::Recruit'),(416,76,'2016-08-24 15:11:17','2016-08-25 14:48:13','---\n- 32\n- 22\n- 11\n- 11\n',64,64,'InfoCompetition::Recruit'),(417,85,'2016-08-24 15:11:17','2016-08-25 14:50:19','---\n- 38\n- 25\n- 10\n- 12\n',65,64,'InfoCompetition::Recruit'),(418,86,'2016-08-24 15:11:17','2016-08-25 14:09:20','---\n- 36\n- 26\n- 12\n- 12\n',42,65,'InfoCompetition::Recruit'),(419,68,'2016-08-24 15:11:17','2016-08-25 14:46:01','---\n- 26\n- 21\n- 10\n- 11\n',43,65,'InfoCompetition::Recruit'),(420,66,'2016-08-24 15:11:17','2016-08-25 14:47:58','---\n- 28\n- 20\n- 8\n- 10\n',54,65,'InfoCompetition::Recruit'),(421,77,'2016-08-24 15:11:17','2016-08-25 14:24:37','---\n- 30\n- 25\n- 10\n- 12\n',60,65,'InfoCompetition::Recruit'),(422,60,'2016-08-24 15:11:17','2016-08-25 14:46:19','---\n- 24\n- 18\n- 9\n- 9\n',61,65,'InfoCompetition::Recruit'),(423,78,'2016-08-24 15:11:17','2016-08-25 14:47:48','---\n- 32\n- 23\n- 12\n- 11\n',62,65,'InfoCompetition::Recruit'),(424,76,'2016-08-24 15:11:17','2016-08-25 14:45:12','---\n- 24\n- 28\n- 13\n- 11\n',63,65,'InfoCompetition::Recruit'),(425,76,'2016-08-24 15:11:17','2016-08-25 14:46:56','---\n- 30\n- 24\n- 11\n- 11\n',64,65,'InfoCompetition::Recruit'),(426,79,'2016-08-24 15:11:17','2016-08-25 14:49:09','---\n- 31\n- 28\n- 10\n- 10\n',65,65,'InfoCompetition::Recruit'),(427,95,'2016-08-24 15:11:17','2016-08-25 14:21:52','---\n- 38\n- 29\n- 14\n- 14\n',42,66,'InfoCompetition::Recruit'),(428,84,'2016-08-24 15:11:17','2016-08-25 13:24:05','---\n- 33\n- 26\n- 13\n- 12\n',43,66,'InfoCompetition::Recruit'),(429,87,'2016-08-24 15:11:17','2016-08-25 14:54:38','---\n- 37\n- 26\n- 12\n- 12\n',54,66,'InfoCompetition::Recruit'),(430,93,'2016-08-24 15:11:17','2016-08-25 14:31:12','---\n- 38\n- 28\n- 13\n- 14\n',60,66,'InfoCompetition::Recruit'),(431,88,'2016-08-24 15:11:17','2016-08-25 14:53:18','---\n- 36\n- 26\n- 13\n- 13\n',61,66,'InfoCompetition::Recruit'),(432,91,'2016-08-24 15:11:17','2016-08-25 14:52:36','---\n- 36\n- 27\n- 14\n- 14\n',62,66,'InfoCompetition::Recruit'),(433,86,'2016-08-24 15:11:17','2016-08-25 14:37:06','---\n- 31\n- 28\n- 14\n- 13\n',63,66,'InfoCompetition::Recruit'),(434,93,'2016-08-24 15:11:17','2016-08-25 14:30:13','---\n- 38\n- 28\n- 14\n- 13\n',64,66,'InfoCompetition::Recruit'),(435,89,'2016-08-24 15:11:18','2016-08-25 14:55:48','---\n- 37\n- 28\n- 11\n- 13\n',65,66,'InfoCompetition::Recruit'),(436,89,'2016-08-24 15:11:18','2016-08-25 14:12:36','---\n- 36\n- 28\n- 13\n- 12\n',42,67,'InfoCompetition::Recruit'),(437,76,'2016-08-24 15:11:18','2016-08-25 10:32:56','---\n- 30\n- 24\n- 12\n- 10\n',43,67,'InfoCompetition::Recruit'),(438,86,'2016-08-24 15:11:18','2016-08-25 14:50:03','---\n- 35\n- 26\n- 12\n- 13\n',54,67,'InfoCompetition::Recruit'),(439,82,'2016-08-24 15:11:18','2016-08-25 14:46:29','---\n- 35\n- 24\n- 12\n- 11\n',60,67,'InfoCompetition::Recruit'),(440,74,'2016-08-24 15:11:18','2016-08-25 14:50:03','---\n- 30\n- 22\n- 11\n- 11\n',61,67,'InfoCompetition::Recruit'),(441,84,'2016-08-24 15:11:18','2016-08-25 14:49:27','---\n- 33\n- 25\n- 13\n- 13\n',62,67,'InfoCompetition::Recruit'),(442,83,'2016-08-24 15:11:18','2016-08-25 14:27:53','---\n- 30\n- 27\n- 13\n- 13\n',63,67,'InfoCompetition::Recruit'),(443,67,'2016-08-24 15:11:18','2016-08-25 14:24:22','---\n- 28\n- 20\n- 10\n- 9\n',64,67,'InfoCompetition::Recruit'),(444,86,'2016-08-24 15:11:18','2016-08-25 14:51:43','---\n- 36\n- 28\n- 13\n- 9\n',65,67,'InfoCompetition::Recruit'),(445,88,'2016-08-24 15:12:14','2016-08-26 10:55:26','---\n- 26\n- 27\n- 23\n- 12\n',42,68,'InfoCompetition::Recruit'),(446,76,'2016-08-24 15:12:14','2016-08-26 10:01:54','---\n- 24\n- 22\n- 19\n- 11\n',43,68,'InfoCompetition::Recruit'),(447,82,'2016-08-24 15:12:14','2016-08-26 11:05:43','---\n- 25\n- 25\n- 20\n- 12\n',54,68,'InfoCompetition::Recruit'),(448,0,'2016-08-24 15:12:14','2016-08-25 02:39:10','---\n- 0\n- 0\n- 0\n- 0\n',60,68,'InfoCompetition::Recruit'),(449,84,'2016-08-24 15:12:14','2016-08-26 10:40:33','---\n- 25\n- 25\n- 22\n- 12\n',61,68,'InfoCompetition::Recruit'),(450,83,'2016-08-24 15:12:14','2016-08-26 10:52:13','---\n- 25\n- 25\n- 21\n- 12\n',62,68,'InfoCompetition::Recruit'),(451,81,'2016-08-24 15:12:14','2016-08-26 10:55:25','---\n- 24\n- 24\n- 20\n- 13\n',63,68,'InfoCompetition::Recruit'),(452,83,'2016-08-24 15:12:14','2016-08-26 11:08:56','---\n- 26\n- 24\n- 20\n- 13\n',64,68,'InfoCompetition::Recruit'),(453,85,'2016-08-24 15:12:14','2016-08-26 11:07:07','---\n- 26\n- 25\n- 22\n- 12\n',65,68,'InfoCompetition::Recruit'),(454,91,'2016-08-24 15:12:14','2016-08-26 10:57:59','---\n- 27\n- 28\n- 23\n- 13\n',42,69,'InfoCompetition::Recruit'),(455,81,'2016-08-24 15:12:14','2016-08-26 10:30:46','---\n- 26\n- 24\n- 20\n- 11\n',43,69,'InfoCompetition::Recruit'),(456,88,'2016-08-24 15:12:14','2016-08-26 11:06:33','---\n- 26\n- 28\n- 21\n- 13\n',54,69,'InfoCompetition::Recruit'),(457,0,'2016-08-24 15:12:14','2016-08-25 02:39:11','---\n- 0\n- 0\n- 0\n- 0\n',60,69,'InfoCompetition::Recruit'),(458,86,'2016-08-24 15:12:14','2016-08-26 11:08:15','---\n- 26\n- 26\n- 22\n- 12\n',61,69,'InfoCompetition::Recruit'),(459,90,'2016-08-24 15:12:14','2016-08-26 10:52:43','---\n- 27\n- 27\n- 23\n- 13\n',62,69,'InfoCompetition::Recruit'),(460,86,'2016-08-24 15:12:14','2016-08-26 10:56:42','---\n- 26\n- 24\n- 23\n- 13\n',63,69,'InfoCompetition::Recruit'),(461,85,'2016-08-24 15:12:14','2016-08-26 11:09:25','---\n- 26\n- 25\n- 21\n- 13\n',64,69,'InfoCompetition::Recruit'),(462,95,'2016-08-24 15:12:14','2016-08-26 11:07:40','---\n- 28\n- 28\n- 25\n- 14\n',65,69,'InfoCompetition::Recruit'),(463,80,'2016-08-24 15:12:14','2016-08-26 10:08:36','---\n- 25\n- 24\n- 21\n- 10\n',42,70,'InfoCompetition::Recruit'),(464,79,'2016-08-24 15:12:14','2016-08-26 10:00:02','---\n- 22\n- 26\n- 20\n- 11\n',43,70,'InfoCompetition::Recruit'),(465,71,'2016-08-24 15:12:14','2016-08-26 11:03:29','---\n- 20\n- 25\n- 20\n- 6\n',54,70,'InfoCompetition::Recruit'),(466,0,'2016-08-24 15:12:14','2016-08-25 02:39:11','---\n- 0\n- 0\n- 0\n- 0\n',60,70,'InfoCompetition::Recruit'),(467,70,'2016-08-24 15:12:14','2016-08-26 10:44:47','---\n- 22\n- 21\n- 17\n- 10\n',61,70,'InfoCompetition::Recruit'),(468,72,'2016-08-24 15:12:14','2016-08-26 10:51:46','---\n- 22\n- 23\n- 18\n- 9\n',62,70,'InfoCompetition::Recruit'),(469,74,'2016-08-24 15:12:14','2016-08-26 10:54:45','---\n- 22\n- 20\n- 20\n- 12\n',63,70,'InfoCompetition::Recruit'),(470,75,'2016-08-24 15:12:14','2016-08-26 10:56:24','---\n- 22\n- 23\n- 18\n- 12\n',64,70,'InfoCompetition::Recruit'),(471,89,'2016-08-24 15:12:14','2016-08-26 11:06:36','---\n- 25\n- 26\n- 25\n- 13\n',65,70,'InfoCompetition::Recruit'),(472,90,'2016-08-24 15:12:14','2016-08-26 11:07:53','---\n- 28\n- 27\n- 22\n- 13\n',42,71,'InfoCompetition::Recruit'),(473,77,'2016-08-24 15:12:14','2016-08-26 11:03:29','---\n- 24\n- 23\n- 18\n- 12\n',43,71,'InfoCompetition::Recruit'),(474,81,'2016-08-24 15:12:14','2016-08-26 11:08:05','---\n- 25\n- 28\n- 16\n- 12\n',54,71,'InfoCompetition::Recruit'),(475,0,'2016-08-24 15:12:14','2016-08-25 02:39:11','---\n- 0\n- 0\n- 0\n- 0\n',60,71,'InfoCompetition::Recruit'),(476,80,'2016-08-24 15:12:14','2016-08-26 11:07:13','---\n- 26\n- 24\n- 19\n- 11\n',61,71,'InfoCompetition::Recruit'),(477,82,'2016-08-24 15:12:14','2016-08-26 11:07:14','---\n- 24\n- 24\n- 22\n- 12\n',62,71,'InfoCompetition::Recruit'),(478,70,'2016-08-24 15:12:14','2016-08-26 10:57:35','---\n- 21\n- 21\n- 17\n- 11\n',63,71,'InfoCompetition::Recruit'),(479,65,'2016-08-24 15:12:15','2016-08-26 11:04:38','---\n- 19\n- 20\n- 16\n- 10\n',64,71,'InfoCompetition::Recruit'),(480,84,'2016-08-24 15:12:15','2016-08-26 11:09:18','---\n- 26\n- 26\n- 20\n- 12\n',65,71,'InfoCompetition::Recruit'),(481,NULL,'2016-09-02 14:11:30','2016-09-02 14:11:30',NULL,69,6,'TalkCompetition::Recruit'),(482,NULL,'2016-09-02 14:11:30','2016-09-02 14:11:30',NULL,70,6,'TalkCompetition::Recruit'),(483,NULL,'2016-09-02 14:12:13','2016-09-02 14:12:13',NULL,54,6,'TalkCompetition::Recruit'),(484,NULL,'2016-09-02 14:12:13','2016-09-02 14:12:13',NULL,61,6,'TalkCompetition::Recruit'),(485,NULL,'2016-09-02 14:12:13','2016-09-02 14:12:13',NULL,66,6,'TalkCompetition::Recruit'),(486,NULL,'2016-09-02 14:12:13','2016-09-02 14:12:13',NULL,67,6,'TalkCompetition::Recruit'),(487,NULL,'2016-09-02 14:12:13','2016-09-02 14:12:13',NULL,68,6,'TalkCompetition::Recruit'),(488,NULL,'2016-09-02 14:12:13','2016-09-02 14:12:13',NULL,54,7,'TalkCompetition::Recruit'),(489,NULL,'2016-09-02 14:12:13','2016-09-02 14:12:13',NULL,61,7,'TalkCompetition::Recruit'),(490,NULL,'2016-09-02 14:12:13','2016-09-02 14:12:13',NULL,66,7,'TalkCompetition::Recruit'),(491,NULL,'2016-09-02 14:12:13','2016-09-02 14:12:13',NULL,67,7,'TalkCompetition::Recruit'),(492,NULL,'2016-09-02 14:12:13','2016-09-02 14:12:13',NULL,68,7,'TalkCompetition::Recruit'),(493,NULL,'2016-09-02 14:12:14','2016-09-02 14:12:14',NULL,69,7,'TalkCompetition::Recruit'),(494,NULL,'2016-09-02 14:12:14','2016-09-02 14:12:14',NULL,70,7,'TalkCompetition::Recruit'),(495,NULL,'2016-09-02 14:12:14','2016-09-02 14:12:14',NULL,54,8,'TalkCompetition::Recruit'),(496,NULL,'2016-09-02 14:12:14','2016-09-02 14:12:14',NULL,61,8,'TalkCompetition::Recruit'),(497,NULL,'2016-09-02 14:12:14','2016-09-02 14:12:14',NULL,66,8,'TalkCompetition::Recruit'),(498,NULL,'2016-09-02 14:12:14','2016-09-02 14:12:14',NULL,67,8,'TalkCompetition::Recruit'),(499,NULL,'2016-09-02 14:12:14','2016-09-02 14:12:14',NULL,68,8,'TalkCompetition::Recruit'),(500,NULL,'2016-09-02 14:12:14','2016-09-02 14:12:14',NULL,69,8,'TalkCompetition::Recruit'),(501,NULL,'2016-09-02 14:12:14','2016-09-02 14:12:14',NULL,70,8,'TalkCompetition::Recruit'),(502,NULL,'2016-09-02 14:12:14','2016-09-02 14:12:14',NULL,54,13,'TalkCompetition::Recruit'),(503,NULL,'2016-09-02 14:12:14','2016-09-02 14:12:14',NULL,61,13,'TalkCompetition::Recruit'),(504,NULL,'2016-09-02 14:12:14','2016-09-02 14:12:14',NULL,66,13,'TalkCompetition::Recruit'),(505,NULL,'2016-09-02 14:12:14','2016-09-02 14:12:14',NULL,67,13,'TalkCompetition::Recruit'),(506,NULL,'2016-09-02 14:12:14','2016-09-02 14:12:14',NULL,68,13,'TalkCompetition::Recruit'),(507,NULL,'2016-09-02 14:12:14','2016-09-02 14:12:14',NULL,69,13,'TalkCompetition::Recruit'),(508,NULL,'2016-09-02 14:12:14','2016-09-02 14:12:14',NULL,70,13,'TalkCompetition::Recruit'),(509,NULL,'2016-09-02 14:12:14','2016-09-02 14:12:14',NULL,54,14,'TalkCompetition::Recruit'),(510,NULL,'2016-09-02 14:12:14','2016-09-02 14:12:14',NULL,61,14,'TalkCompetition::Recruit'),(511,NULL,'2016-09-02 14:12:14','2016-09-02 14:12:14',NULL,66,14,'TalkCompetition::Recruit'),(512,NULL,'2016-09-02 14:12:14','2016-09-02 14:12:14',NULL,67,14,'TalkCompetition::Recruit'),(513,NULL,'2016-09-02 14:12:14','2016-09-02 14:12:14',NULL,68,14,'TalkCompetition::Recruit'),(514,NULL,'2016-09-02 14:12:14','2016-09-02 14:12:14',NULL,69,14,'TalkCompetition::Recruit'),(515,NULL,'2016-09-02 14:12:14','2016-09-02 14:12:14',NULL,70,14,'TalkCompetition::Recruit'),(516,NULL,'2016-09-02 14:12:14','2016-09-02 14:12:14',NULL,54,16,'TalkCompetition::Recruit'),(517,NULL,'2016-09-02 14:12:14','2016-09-02 14:12:14',NULL,61,16,'TalkCompetition::Recruit'),(518,NULL,'2016-09-02 14:12:14','2016-09-02 14:12:14',NULL,66,16,'TalkCompetition::Recruit'),(519,NULL,'2016-09-02 14:12:14','2016-09-02 14:12:14',NULL,67,16,'TalkCompetition::Recruit'),(520,NULL,'2016-09-02 14:12:14','2016-09-02 14:12:14',NULL,68,16,'TalkCompetition::Recruit'),(521,NULL,'2016-09-02 14:12:14','2016-09-02 14:12:14',NULL,69,16,'TalkCompetition::Recruit'),(522,NULL,'2016-09-02 14:12:14','2016-09-02 14:12:14',NULL,70,16,'TalkCompetition::Recruit'),(523,NULL,'2016-09-02 14:12:14','2016-09-02 14:12:14',NULL,54,17,'TalkCompetition::Recruit'),(524,NULL,'2016-09-02 14:12:14','2016-09-02 14:12:14',NULL,61,17,'TalkCompetition::Recruit'),(525,NULL,'2016-09-02 14:12:14','2016-09-02 14:12:14',NULL,66,17,'TalkCompetition::Recruit'),(526,NULL,'2016-09-02 14:12:14','2016-09-02 14:12:14',NULL,67,17,'TalkCompetition::Recruit'),(527,NULL,'2016-09-02 14:12:14','2016-09-02 14:12:14',NULL,68,17,'TalkCompetition::Recruit'),(528,NULL,'2016-09-02 14:12:14','2016-09-02 14:12:14',NULL,69,17,'TalkCompetition::Recruit'),(529,NULL,'2016-09-02 14:12:14','2016-09-02 14:12:14',NULL,70,17,'TalkCompetition::Recruit'),(530,NULL,'2016-09-02 14:12:15','2016-09-02 14:12:15',NULL,54,20,'TalkCompetition::Recruit'),(531,NULL,'2016-09-02 14:12:15','2016-09-02 14:12:15',NULL,61,20,'TalkCompetition::Recruit'),(532,NULL,'2016-09-02 14:12:15','2016-09-02 14:12:15',NULL,66,20,'TalkCompetition::Recruit'),(533,NULL,'2016-09-02 14:12:15','2016-09-02 14:12:15',NULL,67,20,'TalkCompetition::Recruit'),(534,NULL,'2016-09-02 14:12:15','2016-09-02 14:12:15',NULL,68,20,'TalkCompetition::Recruit'),(535,NULL,'2016-09-02 14:12:15','2016-09-02 14:12:15',NULL,69,20,'TalkCompetition::Recruit'),(536,NULL,'2016-09-02 14:12:15','2016-09-02 14:12:15',NULL,70,20,'TalkCompetition::Recruit'),(537,NULL,'2016-09-02 14:12:15','2016-09-02 14:12:15',NULL,54,23,'TalkCompetition::Recruit'),(538,NULL,'2016-09-02 14:12:15','2016-09-02 14:12:15',NULL,61,23,'TalkCompetition::Recruit'),(539,NULL,'2016-09-02 14:12:15','2016-09-02 14:12:15',NULL,66,23,'TalkCompetition::Recruit'),(540,NULL,'2016-09-02 14:12:15','2016-09-02 14:12:15',NULL,67,23,'TalkCompetition::Recruit'),(541,NULL,'2016-09-02 14:12:15','2016-09-02 14:12:15',NULL,68,23,'TalkCompetition::Recruit'),(542,NULL,'2016-09-02 14:12:15','2016-09-02 14:12:15',NULL,69,23,'TalkCompetition::Recruit'),(543,NULL,'2016-09-02 14:12:15','2016-09-02 14:12:15',NULL,70,23,'TalkCompetition::Recruit'),(544,NULL,'2016-09-02 14:12:15','2016-09-02 14:12:15',NULL,54,24,'TalkCompetition::Recruit'),(545,NULL,'2016-09-02 14:12:15','2016-09-02 14:12:15',NULL,61,24,'TalkCompetition::Recruit'),(546,NULL,'2016-09-02 14:12:15','2016-09-02 14:12:15',NULL,66,24,'TalkCompetition::Recruit'),(547,NULL,'2016-09-02 14:12:15','2016-09-02 14:12:15',NULL,67,24,'TalkCompetition::Recruit'),(548,NULL,'2016-09-02 14:12:15','2016-09-02 14:12:15',NULL,68,24,'TalkCompetition::Recruit'),(549,NULL,'2016-09-02 14:12:15','2016-09-02 14:12:15',NULL,69,24,'TalkCompetition::Recruit'),(550,NULL,'2016-09-02 14:12:15','2016-09-02 14:12:15',NULL,70,24,'TalkCompetition::Recruit'),(551,NULL,'2016-09-02 16:02:42','2016-09-02 16:02:42',NULL,70,25,'TalkCompetition::Recruit'),(552,NULL,'2016-09-04 17:58:06','2016-09-04 17:58:06',NULL,54,25,'TalkCompetition::Recruit'),(553,NULL,'2016-09-04 17:58:06','2016-09-04 17:58:06',NULL,61,25,'TalkCompetition::Recruit'),(554,NULL,'2016-09-04 17:58:06','2016-09-04 17:58:06',NULL,66,25,'TalkCompetition::Recruit'),(555,NULL,'2016-09-04 17:58:06','2016-09-04 17:58:06',NULL,67,25,'TalkCompetition::Recruit'),(556,NULL,'2016-09-04 17:58:06','2016-09-04 17:58:06',NULL,68,25,'TalkCompetition::Recruit'),(557,NULL,'2016-09-04 17:58:06','2016-09-04 17:58:06',NULL,69,25,'TalkCompetition::Recruit'),(558,NULL,'2016-09-04 17:58:06','2016-09-04 17:58:06',NULL,54,26,'TalkCompetition::Recruit'),(559,NULL,'2016-09-04 17:58:06','2016-09-04 17:58:06',NULL,61,26,'TalkCompetition::Recruit'),(560,NULL,'2016-09-04 17:58:06','2016-09-04 17:58:06',NULL,66,26,'TalkCompetition::Recruit'),(561,NULL,'2016-09-04 17:58:06','2016-09-04 17:58:06',NULL,67,26,'TalkCompetition::Recruit'),(562,NULL,'2016-09-04 17:58:06','2016-09-04 17:58:06',NULL,68,26,'TalkCompetition::Recruit'),(563,NULL,'2016-09-04 17:58:06','2016-09-04 17:58:06',NULL,69,26,'TalkCompetition::Recruit'),(564,NULL,'2016-09-04 17:58:06','2016-09-04 17:58:06',NULL,70,26,'TalkCompetition::Recruit'),(565,NULL,'2016-09-04 17:58:06','2016-09-04 17:58:06',NULL,54,27,'TalkCompetition::Recruit'),(566,NULL,'2016-09-04 17:58:06','2016-09-04 17:58:06',NULL,61,27,'TalkCompetition::Recruit'),(567,NULL,'2016-09-04 17:58:06','2016-09-04 17:58:06',NULL,66,27,'TalkCompetition::Recruit'),(568,NULL,'2016-09-04 17:58:07','2016-09-04 17:58:07',NULL,67,27,'TalkCompetition::Recruit'),(569,NULL,'2016-09-04 17:58:07','2016-09-04 17:58:07',NULL,68,27,'TalkCompetition::Recruit'),(570,NULL,'2016-09-04 17:58:07','2016-09-04 17:58:07',NULL,69,27,'TalkCompetition::Recruit'),(571,NULL,'2016-09-04 17:58:07','2016-09-04 17:58:07',NULL,70,27,'TalkCompetition::Recruit'),(572,NULL,'2016-09-04 17:58:07','2016-09-04 17:58:07',NULL,54,28,'TalkCompetition::Recruit'),(573,NULL,'2016-09-04 17:58:07','2016-09-04 17:58:07',NULL,61,28,'TalkCompetition::Recruit'),(574,NULL,'2016-09-04 17:58:07','2016-09-04 17:58:07',NULL,66,28,'TalkCompetition::Recruit'),(575,NULL,'2016-09-04 17:58:07','2016-09-04 17:58:07',NULL,67,28,'TalkCompetition::Recruit'),(576,NULL,'2016-09-04 17:58:07','2016-09-04 17:58:07',NULL,68,28,'TalkCompetition::Recruit'),(577,NULL,'2016-09-04 17:58:07','2016-09-04 17:58:07',NULL,69,28,'TalkCompetition::Recruit'),(578,NULL,'2016-09-04 17:58:07','2016-09-04 17:58:07',NULL,70,28,'TalkCompetition::Recruit'),(579,NULL,'2016-09-04 17:58:07','2016-09-04 17:58:07',NULL,54,29,'TalkCompetition::Recruit'),(580,NULL,'2016-09-04 17:58:07','2016-09-04 17:58:07',NULL,61,29,'TalkCompetition::Recruit'),(581,NULL,'2016-09-04 17:58:07','2016-09-04 17:58:07',NULL,66,29,'TalkCompetition::Recruit'),(582,NULL,'2016-09-04 17:58:07','2016-09-04 17:58:07',NULL,67,29,'TalkCompetition::Recruit'),(583,NULL,'2016-09-04 17:58:07','2016-09-04 17:58:07',NULL,68,29,'TalkCompetition::Recruit'),(584,NULL,'2016-09-04 17:58:07','2016-09-04 17:58:07',NULL,69,29,'TalkCompetition::Recruit'),(585,NULL,'2016-09-04 17:58:07','2016-09-04 17:58:07',NULL,70,29,'TalkCompetition::Recruit'),(586,NULL,'2016-09-04 17:58:07','2016-09-04 17:58:07',NULL,54,30,'TalkCompetition::Recruit'),(587,NULL,'2016-09-04 17:58:07','2016-09-04 17:58:07',NULL,61,30,'TalkCompetition::Recruit'),(588,NULL,'2016-09-04 17:58:07','2016-09-04 17:58:07',NULL,66,30,'TalkCompetition::Recruit'),(589,NULL,'2016-09-04 17:58:07','2016-09-04 17:58:07',NULL,67,30,'TalkCompetition::Recruit'),(590,NULL,'2016-09-04 17:58:07','2016-09-04 17:58:07',NULL,68,30,'TalkCompetition::Recruit'),(591,NULL,'2016-09-04 17:58:07','2016-09-04 17:58:07',NULL,69,30,'TalkCompetition::Recruit'),(592,NULL,'2016-09-04 17:58:07','2016-09-04 17:58:07',NULL,70,30,'TalkCompetition::Recruit'),(593,NULL,'2016-09-05 09:05:37','2016-09-05 09:05:37',NULL,53,31,'TalkCompetition::Recruit'),(594,NULL,'2016-09-05 09:05:37','2016-09-05 09:05:37',NULL,54,31,'TalkCompetition::Recruit'),(595,NULL,'2016-09-05 09:05:37','2016-09-05 09:05:37',NULL,66,31,'TalkCompetition::Recruit'),(596,NULL,'2016-09-05 09:05:37','2016-09-05 09:05:37',NULL,67,31,'TalkCompetition::Recruit'),(597,NULL,'2016-09-05 09:05:37','2016-09-05 09:05:37',NULL,68,31,'TalkCompetition::Recruit'),(598,NULL,'2016-09-05 09:05:37','2016-09-05 09:05:37',NULL,69,31,'TalkCompetition::Recruit'),(599,NULL,'2016-09-05 09:05:37','2016-09-05 09:05:37',NULL,70,31,'TalkCompetition::Recruit'),(600,NULL,'2016-09-05 09:05:37','2016-09-05 09:05:37',NULL,53,32,'TalkCompetition::Recruit'),(601,NULL,'2016-09-05 09:05:37','2016-09-05 09:05:37',NULL,54,32,'TalkCompetition::Recruit'),(602,NULL,'2016-09-05 09:05:37','2016-09-05 09:05:37',NULL,66,32,'TalkCompetition::Recruit'),(603,NULL,'2016-09-05 09:05:37','2016-09-05 09:05:37',NULL,67,32,'TalkCompetition::Recruit'),(604,NULL,'2016-09-05 09:05:37','2016-09-05 09:05:37',NULL,68,32,'TalkCompetition::Recruit'),(605,NULL,'2016-09-05 09:05:37','2016-09-05 09:05:37',NULL,69,32,'TalkCompetition::Recruit'),(606,NULL,'2016-09-05 09:05:37','2016-09-05 09:05:37',NULL,70,32,'TalkCompetition::Recruit'),(607,NULL,'2016-09-05 09:05:37','2016-09-05 09:05:37',NULL,53,33,'TalkCompetition::Recruit'),(608,NULL,'2016-09-05 09:05:37','2016-09-05 09:05:37',NULL,54,33,'TalkCompetition::Recruit'),(609,NULL,'2016-09-05 09:05:37','2016-09-05 09:05:37',NULL,66,33,'TalkCompetition::Recruit'),(610,NULL,'2016-09-05 09:05:37','2016-09-05 09:05:37',NULL,67,33,'TalkCompetition::Recruit'),(611,NULL,'2016-09-05 09:05:37','2016-09-05 09:05:37',NULL,68,33,'TalkCompetition::Recruit'),(612,NULL,'2016-09-05 09:05:37','2016-09-05 09:05:37',NULL,69,33,'TalkCompetition::Recruit'),(613,NULL,'2016-09-05 09:05:37','2016-09-05 09:05:37',NULL,70,33,'TalkCompetition::Recruit'),(614,NULL,'2016-09-05 09:38:15','2016-09-05 09:38:15',NULL,53,34,'TalkCompetition::Recruit'),(615,NULL,'2016-09-05 09:38:15','2016-09-05 09:38:15',NULL,54,34,'TalkCompetition::Recruit'),(616,NULL,'2016-09-05 09:38:15','2016-09-05 09:38:15',NULL,66,34,'TalkCompetition::Recruit'),(617,NULL,'2016-09-05 09:38:15','2016-09-05 09:38:15',NULL,67,34,'TalkCompetition::Recruit'),(618,NULL,'2016-09-05 09:38:15','2016-09-05 09:38:15',NULL,68,34,'TalkCompetition::Recruit'),(619,NULL,'2016-09-05 09:38:15','2016-09-05 09:38:15',NULL,69,34,'TalkCompetition::Recruit'),(620,NULL,'2016-09-05 09:38:15','2016-09-05 09:38:15',NULL,70,34,'TalkCompetition::Recruit'),(621,NULL,'2016-09-05 13:16:36','2016-09-05 13:16:36',NULL,53,35,'TalkCompetition::Recruit'),(622,NULL,'2016-09-05 13:16:36','2016-09-05 13:16:36',NULL,54,35,'TalkCompetition::Recruit'),(623,NULL,'2016-09-05 13:16:36','2016-09-05 13:16:36',NULL,66,35,'TalkCompetition::Recruit'),(624,NULL,'2016-09-05 13:16:36','2016-09-05 13:16:36',NULL,67,35,'TalkCompetition::Recruit'),(625,NULL,'2016-09-05 13:16:36','2016-09-05 13:16:36',NULL,68,35,'TalkCompetition::Recruit'),(626,NULL,'2016-09-05 13:16:37','2016-09-05 13:16:37',NULL,69,35,'TalkCompetition::Recruit'),(627,NULL,'2016-09-05 13:16:37','2016-09-05 13:16:37',NULL,70,35,'TalkCompetition::Recruit'),(628,83,'2016-09-06 09:38:21','2016-09-10 14:57:23','---\n- 30\n- 40\n- 9\n- 4\n',66,36,'TalkCompetition::Recruit'),(630,69,'2016-09-07 12:15:48','2016-09-10 13:39:02','---\n- 30\n- 30\n- 6\n- 3\n',54,38,'TalkCompetition::Recruit'),(631,83,'2016-09-07 12:15:48','2016-09-10 13:41:34','---\n- 33\n- 40\n- 7\n- 3\n',66,38,'TalkCompetition::Recruit'),(632,83,'2016-09-07 12:15:48','2016-09-10 13:37:38','---\n- 33\n- 37\n- 9\n- 4\n',67,38,'TalkCompetition::Recruit'),(633,84,'2016-09-07 12:15:48','2016-09-10 13:39:00','---\n- 35\n- 39\n- 7\n- 3\n',68,38,'TalkCompetition::Recruit'),(634,80,'2016-09-07 12:15:48','2016-09-10 13:40:59','---\n- 35\n- 30\n- 10\n- 5\n',69,38,'TalkCompetition::Recruit'),(635,80,'2016-09-07 12:15:48','2016-09-10 13:39:17','---\n- 35\n- 34\n- 8\n- 3\n',70,38,'TalkCompetition::Recruit'),(637,78,'2016-09-07 12:15:48','2016-09-10 13:44:08','---\n- 34\n- 33\n- 7\n- 4\n',54,39,'TalkCompetition::Recruit'),(638,92,'2016-09-07 12:15:48','2016-09-10 13:45:39','---\n- 37\n- 42\n- 9\n- 4\n',66,39,'TalkCompetition::Recruit'),(639,85,'2016-09-07 12:15:48','2016-09-10 13:41:01','---\n- 34\n- 38\n- 9\n- 4\n',67,39,'TalkCompetition::Recruit'),(640,85,'2016-09-07 12:15:48','2016-09-10 13:41:00','---\n- 36\n- 39\n- 7\n- 3\n',68,39,'TalkCompetition::Recruit'),(641,95,'2016-09-07 12:15:48','2016-09-10 13:44:30','---\n- 40\n- 40\n- 10\n- 5\n',69,39,'TalkCompetition::Recruit'),(642,83,'2016-09-07 12:15:48','2016-09-10 13:42:48','---\n- 35\n- 37\n- 8\n- 3\n',70,39,'TalkCompetition::Recruit'),(644,75,'2016-09-07 12:15:48','2016-09-10 13:45:29','---\n- 33\n- 32\n- 7\n- 3\n',54,40,'TalkCompetition::Recruit'),(645,85,'2016-09-07 12:15:48','2016-09-10 13:47:16','---\n- 35\n- 40\n- 7\n- 3\n',66,40,'TalkCompetition::Recruit'),(646,84,'2016-09-07 12:15:48','2016-09-10 13:42:28','---\n- 33\n- 38\n- 9\n- 4\n',67,40,'TalkCompetition::Recruit'),(647,83,'2016-09-07 12:15:48','2016-09-10 13:41:44','---\n- 35\n- 38\n- 7\n- 3\n',68,40,'TalkCompetition::Recruit'),(648,90,'2016-09-07 12:15:48','2016-09-10 13:45:35','---\n- 35\n- 40\n- 10\n- 5\n',69,40,'TalkCompetition::Recruit'),(649,84,'2016-09-07 12:15:48','2016-09-10 13:44:06','---\n- 35\n- 37\n- 8\n- 4\n',70,40,'TalkCompetition::Recruit'),(651,73,'2016-09-07 12:15:48','2016-09-10 13:42:33','---\n- 30\n- 32\n- 7\n- 4\n',54,41,'TalkCompetition::Recruit'),(652,85,'2016-09-07 12:15:48','2016-09-10 13:43:28','---\n- 35\n- 40\n- 7\n- 3\n',66,41,'TalkCompetition::Recruit'),(653,83,'2016-09-07 12:15:48','2016-09-10 13:39:48','---\n- 33\n- 37\n- 9\n- 4\n',67,41,'TalkCompetition::Recruit'),(654,82,'2016-09-07 12:15:48','2016-09-10 13:40:17','---\n- 34\n- 38\n- 7\n- 3\n',68,41,'TalkCompetition::Recruit'),(655,90,'2016-09-07 12:15:48','2016-09-10 13:43:29','---\n- 35\n- 40\n- 10\n- 5\n',69,41,'TalkCompetition::Recruit'),(656,72,'2016-09-07 12:15:48','2016-09-10 13:41:22','---\n- 31\n- 32\n- 6\n- 3\n',70,41,'TalkCompetition::Recruit'),(658,80,'2016-09-07 12:15:48','2016-09-10 13:47:21','---\n- 34\n- 35\n- 8\n- 3\n',54,42,'TalkCompetition::Recruit'),(659,90,'2016-09-07 12:15:48','2016-09-10 13:49:12','---\n- 37\n- 43\n- 7\n- 3\n',66,42,'TalkCompetition::Recruit'),(660,85,'2016-09-07 12:15:48','2016-09-10 13:44:18','---\n- 34\n- 38\n- 9\n- 4\n',67,42,'TalkCompetition::Recruit'),(661,88,'2016-09-07 12:15:48','2016-09-10 13:42:43','---\n- 38\n- 40\n- 7\n- 3\n',68,42,'TalkCompetition::Recruit'),(662,90,'2016-09-07 12:15:48','2016-09-10 13:46:56','---\n- 35\n- 40\n- 10\n- 5\n',69,42,'TalkCompetition::Recruit'),(663,82,'2016-09-07 12:15:48','2016-09-10 13:45:34','---\n- 35\n- 35\n- 8\n- 4\n',70,42,'TalkCompetition::Recruit'),(665,82,'2016-09-07 12:15:48','2016-09-10 13:40:37','---\n- 35\n- 35\n- 8\n- 4\n',54,43,'TalkCompetition::Recruit'),(666,92,'2016-09-07 12:15:48','2016-09-10 13:42:12','---\n- 37\n- 43\n- 8\n- 4\n',66,43,'TalkCompetition::Recruit'),(667,88,'2016-09-07 12:15:48','2016-09-10 13:38:18','---\n- 36\n- 38\n- 10\n- 4\n',67,43,'TalkCompetition::Recruit'),(668,89,'2016-09-07 12:15:48','2016-09-10 13:43:47','---\n- 38\n- 39\n- 8\n- 4\n',68,43,'TalkCompetition::Recruit'),(669,85,'2016-09-07 12:15:49','2016-09-10 13:42:09','---\n- 35\n- 35\n- 10\n- 5\n',69,43,'TalkCompetition::Recruit'),(670,85,'2016-09-07 12:15:49','2016-09-10 13:39:45','---\n- 35\n- 38\n- 8\n- 4\n',70,43,'TalkCompetition::Recruit'),(672,84,'2016-09-07 12:15:49','2016-09-10 13:46:38','---\n- 36\n- 36\n- 8\n- 4\n',54,44,'TalkCompetition::Recruit'),(673,87,'2016-09-07 12:15:49','2016-09-10 13:48:15','---\n- 37\n- 40\n- 7\n- 3\n',66,44,'TalkCompetition::Recruit'),(674,87,'2016-09-07 12:15:49','2016-09-10 13:43:41','---\n- 35\n- 39\n- 9\n- 4\n',67,44,'TalkCompetition::Recruit'),(675,88,'2016-09-07 12:15:49','2016-09-10 13:42:26','---\n- 39\n- 40\n- 6\n- 3\n',68,44,'TalkCompetition::Recruit'),(676,90,'2016-09-07 12:15:49','2016-09-10 13:46:32','---\n- 35\n- 40\n- 10\n- 5\n',69,44,'TalkCompetition::Recruit'),(677,86,'2016-09-07 12:15:49','2016-09-10 13:45:01','---\n- 35\n- 39\n- 8\n- 4\n',70,44,'TalkCompetition::Recruit'),(679,75,'2016-09-07 12:15:49','2016-09-10 13:44:52','---\n- 33\n- 32\n- 7\n- 3\n',54,45,'TalkCompetition::Recruit'),(680,90,'2016-09-07 12:15:49','2016-09-10 13:46:33','---\n- 37\n- 43\n- 7\n- 3\n',66,45,'TalkCompetition::Recruit'),(681,87,'2016-09-07 12:15:49','2016-09-10 13:41:49','---\n- 34\n- 40\n- 9\n- 4\n',67,45,'TalkCompetition::Recruit'),(682,81,'2016-09-07 12:15:49','2016-09-10 13:41:24','---\n- 34\n- 38\n- 6\n- 3\n',68,45,'TalkCompetition::Recruit'),(683,85,'2016-09-07 12:15:49','2016-09-10 13:45:07','---\n- 35\n- 35\n- 10\n- 5\n',69,45,'TalkCompetition::Recruit'),(684,87,'2016-09-07 12:15:49','2016-09-10 13:43:35','---\n- 35\n- 39\n- 9\n- 4\n',70,45,'TalkCompetition::Recruit'),(686,80,'2016-09-07 12:15:49','2016-09-10 13:43:14','---\n- 34\n- 35\n- 7\n- 4\n',54,46,'TalkCompetition::Recruit'),(687,93,'2016-09-07 12:15:49','2016-09-10 13:44:05','---\n- 37\n- 43\n- 9\n- 4\n',66,46,'TalkCompetition::Recruit'),(688,90,'2016-09-07 12:15:49','2016-09-10 13:40:26','---\n- 36\n- 40\n- 9\n- 5\n',67,46,'TalkCompetition::Recruit'),(689,90,'2016-09-07 12:15:49','2016-09-10 13:40:39','---\n- 38\n- 40\n- 8\n- 4\n',68,46,'TalkCompetition::Recruit'),(690,90,'2016-09-07 12:15:49','2016-09-10 13:44:04','---\n- 35\n- 40\n- 10\n- 5\n',69,46,'TalkCompetition::Recruit'),(691,90,'2016-09-07 12:15:49','2016-09-10 13:42:12','---\n- 37\n- 40\n- 9\n- 4\n',70,46,'TalkCompetition::Recruit'),(693,71,'2016-09-07 12:15:49','2016-09-10 13:46:09','---\n- 30\n- 31\n- 7\n- 3\n',54,47,'TalkCompetition::Recruit'),(694,83,'2016-09-07 12:15:49','2016-09-10 13:47:48','---\n- 35\n- 38\n- 7\n- 3\n',66,47,'TalkCompetition::Recruit'),(695,83,'2016-09-07 12:15:49','2016-09-10 13:42:57','---\n- 33\n- 37\n- 9\n- 4\n',67,47,'TalkCompetition::Recruit'),(696,77,'2016-09-07 12:15:49','2016-09-10 13:42:04','---\n- 33\n- 35\n- 6\n- 3\n',68,47,'TalkCompetition::Recruit'),(697,75,'2016-09-07 12:15:49','2016-09-10 13:46:15','---\n- 30\n- 30\n- 10\n- 5\n',69,47,'TalkCompetition::Recruit'),(698,73,'2016-09-07 12:15:49','2016-09-10 13:44:31','---\n- 32\n- 32\n- 6\n- 3\n',70,47,'TalkCompetition::Recruit'),(700,62,'2016-09-07 12:15:49','2016-09-10 13:41:13','---\n- 25\n- 28\n- 6\n- 3\n',54,48,'TalkCompetition::Recruit'),(701,80,'2016-09-07 12:15:49','2016-09-10 13:42:48','---\n- 33\n- 37\n- 7\n- 3\n',66,48,'TalkCompetition::Recruit'),(702,81,'2016-09-07 12:15:49','2016-09-10 13:39:14','---\n- 33\n- 36\n- 8\n- 4\n',67,48,'TalkCompetition::Recruit'),(703,85,'2016-09-07 12:15:49','2016-09-10 13:39:55','---\n- 34\n- 39\n- 8\n- 4\n',68,48,'TalkCompetition::Recruit'),(704,60,'2016-09-07 12:15:49','2016-09-10 13:42:46','---\n- 20\n- 30\n- 5\n- 5\n',69,48,'TalkCompetition::Recruit'),(705,75,'2016-09-07 12:15:49','2016-09-10 13:40:22','---\n- 32\n- 33\n- 7\n- 3\n',70,48,'TalkCompetition::Recruit'),(706,79,'2016-09-07 13:47:20','2016-09-10 17:05:17','---\n- 33\n- 36\n- 7\n- 3\n',54,36,'TalkCompetition::Recruit'),(707,80,'2016-09-07 13:47:20','2016-09-10 17:23:40','---\n- 33\n- 35\n- 8\n- 4\n',61,36,'TalkCompetition::Recruit'),(708,90,'2016-09-07 13:47:20','2016-09-10 16:12:37','---\n- 36\n- 40\n- 9\n- 5\n',67,36,'TalkCompetition::Recruit'),(709,80,'2016-09-07 13:47:20','2016-09-10 17:09:06','---\n- 35\n- 36\n- 6\n- 3\n',68,36,'TalkCompetition::Recruit'),(710,75,'2016-09-07 13:47:20','2016-09-10 17:24:13','---\n- 25\n- 35\n- 10\n- 5\n',69,36,'TalkCompetition::Recruit'),(711,85,'2016-09-07 13:47:20','2016-09-10 17:21:03','---\n- 35\n- 39\n- 8\n- 3\n',70,36,'TalkCompetition::Recruit'),(712,73,'2016-09-07 13:47:20','2016-09-10 17:04:33','---\n- 30\n- 34\n- 6\n- 3\n',54,37,'TalkCompetition::Recruit'),(713,74,'2016-09-07 13:47:20','2016-09-10 17:22:42','---\n- 31\n- 33\n- 7\n- 3\n',61,37,'TalkCompetition::Recruit'),(714,80,'2016-09-07 13:47:20','2016-09-10 14:10:00','---\n- 33\n- 37\n- 7\n- 3\n',66,37,'TalkCompetition::Recruit'),(715,84,'2016-09-07 13:47:20','2016-09-10 14:34:45','---\n- 34\n- 38\n- 8\n- 4\n',67,37,'TalkCompetition::Recruit'),(716,83,'2016-09-07 13:47:20','2016-09-10 17:08:35','---\n- 35\n- 37\n- 7\n- 4\n',68,37,'TalkCompetition::Recruit'),(717,70,'2016-09-07 13:47:20','2016-09-10 17:23:52','---\n- 25\n- 30\n- 10\n- 5\n',69,37,'TalkCompetition::Recruit'),(718,70,'2016-09-07 13:47:20','2016-09-10 17:20:37','---\n- 30\n- 31\n- 6\n- 3\n',70,37,'TalkCompetition::Recruit'),(719,80,'2016-09-07 13:47:20','2016-09-10 17:05:54','---\n- 34\n- 36\n- 7\n- 3\n',54,49,'TalkCompetition::Recruit'),(720,78,'2016-09-07 13:47:20','2016-09-10 17:24:00','---\n- 32\n- 34\n- 8\n- 4\n',61,49,'TalkCompetition::Recruit'),(721,93,'2016-09-07 13:47:20','2016-09-10 15:07:01','---\n- 37\n- 43\n- 9\n- 4\n',66,49,'TalkCompetition::Recruit'),(722,85,'2016-09-07 13:47:20','2016-09-10 15:05:22','---\n- 34\n- 38\n- 9\n- 4\n',67,49,'TalkCompetition::Recruit'),(723,80,'2016-09-07 13:47:20','2016-09-10 17:11:42','---\n- 36\n- 35\n- 5\n- 4\n',68,49,'TalkCompetition::Recruit'),(724,80,'2016-09-07 13:47:20','2016-09-10 17:24:40','---\n- 30\n- 35\n- 10\n- 5\n',69,49,'TalkCompetition::Recruit'),(725,83,'2016-09-07 13:47:20','2016-09-10 17:21:39','---\n- 35\n- 37\n- 8\n- 3\n',70,49,'TalkCompetition::Recruit'),(726,85,'2016-09-07 13:47:20','2016-09-10 17:20:03','---\n- 35\n- 38\n- 8\n- 4\n',54,50,'TalkCompetition::Recruit'),(727,79,'2016-09-07 13:47:20','2016-09-10 17:26:24','---\n- 32\n- 35\n- 8\n- 4\n',61,50,'TalkCompetition::Recruit'),(728,95,'2016-09-07 13:47:20','2016-09-10 14:15:52','---\n- 38\n- 44\n- 9\n- 4\n',66,50,'TalkCompetition::Recruit'),(729,85,'2016-09-07 13:47:20','2016-09-10 17:02:47','---\n- 34\n- 38\n- 9\n- 4\n',67,50,'TalkCompetition::Recruit'),(730,89,'2016-09-07 13:47:20','2016-09-10 17:17:51','---\n- 39\n- 38\n- 8\n- 4\n',68,50,'TalkCompetition::Recruit'),(731,90,'2016-09-07 13:47:20','2016-09-10 17:26:50','---\n- 35\n- 40\n- 10\n- 5\n',69,50,'TalkCompetition::Recruit'),(732,87,'2016-09-07 13:47:20','2016-09-10 17:24:55','---\n- 36\n- 38\n- 9\n- 4\n',70,50,'TalkCompetition::Recruit'),(733,79,'2016-09-07 13:48:00','2016-09-10 13:11:10','---\n- 32\n- 36\n- 7\n- 4\n',61,38,'TalkCompetition::Recruit'),(734,82,'2016-09-07 13:48:00','2016-09-10 13:13:05','---\n- 34\n- 37\n- 7\n- 4\n',61,39,'TalkCompetition::Recruit'),(735,74,'2016-09-07 13:48:00','2016-09-10 13:14:27','---\n- 31\n- 33\n- 7\n- 3\n',61,40,'TalkCompetition::Recruit'),(736,76,'2016-09-07 13:48:00','2016-09-10 13:12:17','---\n- 30\n- 34\n- 8\n- 4\n',61,41,'TalkCompetition::Recruit'),(737,77,'2016-09-07 13:48:00','2016-09-10 13:23:26','---\n- 32\n- 33\n- 8\n- 4\n',61,42,'TalkCompetition::Recruit'),(738,82,'2016-09-07 13:48:00','2016-09-10 13:11:33','---\n- 33\n- 37\n- 8\n- 4\n',61,43,'TalkCompetition::Recruit'),(739,73,'2016-09-07 13:48:00','2016-09-10 13:15:22','---\n- 31\n- 32\n- 7\n- 3\n',61,44,'TalkCompetition::Recruit'),(740,81,'2016-09-07 13:48:00','2016-09-10 13:14:02','---\n- 35\n- 35\n- 7\n- 4\n',61,45,'TalkCompetition::Recruit'),(741,85,'2016-09-07 13:48:00','2016-09-10 13:12:37','---\n- 35\n- 38\n- 8\n- 4\n',61,46,'TalkCompetition::Recruit'),(742,73,'2016-09-07 13:48:00','2016-09-10 13:14:53','---\n- 32\n- 30\n- 7\n- 4\n',61,47,'TalkCompetition::Recruit'),(743,72,'2016-09-07 13:48:00','2016-09-10 13:12:00','---\n- 29\n- 33\n- 7\n- 3\n',61,48,'TalkCompetition::Recruit'),(744,86,'2016-09-08 14:27:37','2016-09-10 17:09:59','---\n- 36\n- 38\n- 8\n- 4\n',54,51,'TalkCompetition::Recruit'),(745,80,'2016-09-08 14:27:37','2016-09-10 17:26:02','---\n- 33\n- 36\n- 7\n- 4\n',61,51,'TalkCompetition::Recruit'),(746,93,'2016-09-08 14:27:37','2016-09-10 14:14:55','---\n- 37\n- 43\n- 9\n- 4\n',66,51,'TalkCompetition::Recruit'),(747,89,'2016-09-08 14:27:37','2016-09-10 16:40:31','---\n- 37\n- 39\n- 9\n- 4\n',67,51,'TalkCompetition::Recruit'),(748,84,'2016-09-08 14:27:37','2016-09-10 17:14:33','---\n- 36\n- 37\n- 7\n- 4\n',68,51,'TalkCompetition::Recruit'),(749,85,'2016-09-08 14:27:37','2016-09-10 17:26:29','---\n- 30\n- 40\n- 10\n- 5\n',69,51,'TalkCompetition::Recruit'),(750,88,'2016-09-08 14:27:37','2016-09-10 17:24:12','---\n- 36\n- 39\n- 9\n- 4\n',70,51,'TalkCompetition::Recruit'),(751,82,'2016-09-08 14:27:37','2016-09-10 17:07:11','---\n- 33\n- 39\n- 7\n- 3\n',54,52,'TalkCompetition::Recruit'),(752,79,'2016-09-08 14:27:37','2016-09-10 17:24:46','---\n- 33\n- 34\n- 8\n- 4\n',61,52,'TalkCompetition::Recruit'),(753,85,'2016-09-08 14:27:37','2016-09-10 14:13:00','---\n- 35\n- 40\n- 7\n- 3\n',66,52,'TalkCompetition::Recruit'),(754,86,'2016-09-08 14:27:37','2016-09-10 15:46:45','---\n- 35\n- 38\n- 9\n- 4\n',67,52,'TalkCompetition::Recruit'),(755,83,'2016-09-08 14:27:37','2016-09-10 17:13:05','---\n- 36\n- 36\n- 7\n- 4\n',68,52,'TalkCompetition::Recruit'),(756,85,'2016-09-08 14:27:37','2016-09-10 17:25:22','---\n- 30\n- 40\n- 10\n- 5\n',69,52,'TalkCompetition::Recruit'),(757,84,'2016-09-08 14:27:37','2016-09-10 17:22:28','---\n- 35\n- 38\n- 8\n- 3\n',70,52,'TalkCompetition::Recruit'),(758,78,'2016-09-08 14:27:37','2016-09-10 17:03:04','---\n- 32\n- 36\n- 7\n- 3\n',54,53,'TalkCompetition::Recruit'),(759,77,'2016-09-08 14:27:37','2016-09-10 17:22:21','---\n- 32\n- 34\n- 7\n- 4\n',61,53,'TalkCompetition::Recruit'),(760,85,'2016-09-08 14:27:37','2016-09-10 14:09:23','---\n- 35\n- 40\n- 7\n- 3\n',66,53,'TalkCompetition::Recruit'),(761,83,'2016-09-08 14:27:37','2016-09-10 14:04:01','---\n- 33\n- 38\n- 8\n- 4\n',67,53,'TalkCompetition::Recruit'),(762,82,'2016-09-08 14:27:37','2016-09-10 17:07:59','---\n- 36\n- 36\n- 7\n- 3\n',68,53,'TalkCompetition::Recruit'),(763,80,'2016-09-08 14:27:37','2016-09-10 17:23:19','---\n- 30\n- 35\n- 10\n- 5\n',69,53,'TalkCompetition::Recruit'),(764,80,'2016-09-08 14:27:37','2016-09-10 17:19:21','---\n- 33\n- 36\n- 8\n- 3\n',70,53,'TalkCompetition::Recruit'),(765,77,'2016-09-08 14:27:37','2016-09-10 17:08:05','---\n- 32\n- 36\n- 6\n- 3\n',54,54,'TalkCompetition::Recruit'),(766,78,'2016-09-08 14:27:37','2016-09-10 17:25:11','---\n- 33\n- 34\n- 7\n- 4\n',61,54,'TalkCompetition::Recruit'),(767,83,'2016-09-08 14:27:37','2016-09-10 14:13:30','---\n- 33\n- 40\n- 7\n- 3\n',66,54,'TalkCompetition::Recruit'),(768,83,'2016-09-08 14:27:37','2016-09-10 16:12:00','---\n- 33\n- 37\n- 9\n- 4\n',67,54,'TalkCompetition::Recruit'),(769,78,'2016-09-08 14:27:37','2016-09-10 17:13:31','---\n- 34\n- 35\n- 6\n- 3\n',68,54,'TalkCompetition::Recruit'),(770,80,'2016-09-08 14:27:37','2016-09-10 17:25:45','---\n- 30\n- 35\n- 10\n- 5\n',69,54,'TalkCompetition::Recruit'),(771,81,'2016-09-08 14:27:37','2016-09-10 17:22:51','---\n- 35\n- 35\n- 8\n- 3\n',70,54,'TalkCompetition::Recruit'),(772,90,'2016-09-08 14:27:37','2016-09-10 17:20:58','---\n- 37\n- 41\n- 8\n- 4\n',54,55,'TalkCompetition::Recruit'),(773,82,'2016-09-08 14:27:37','2016-09-10 17:24:23','---\n- 35\n- 35\n- 8\n- 4\n',61,55,'TalkCompetition::Recruit'),(774,87,'2016-09-08 14:27:37','2016-09-10 14:12:19','---\n- 37\n- 40\n- 7\n- 3\n',66,55,'TalkCompetition::Recruit'),(775,88,'2016-09-08 14:27:37','2016-09-10 15:26:36','---\n- 36\n- 39\n- 9\n- 4\n',67,55,'TalkCompetition::Recruit'),(776,90,'2016-09-08 14:27:37','2016-09-10 17:12:23','---\n- 39\n- 39\n- 8\n- 4\n',68,55,'TalkCompetition::Recruit'),(777,90,'2016-09-08 14:27:37','2016-09-10 17:25:01','---\n- 35\n- 40\n- 10\n- 5\n',69,55,'TalkCompetition::Recruit'),(778,90,'2016-09-08 14:27:37','2016-09-10 17:22:01','---\n- 36\n- 41\n- 9\n- 4\n',70,55,'TalkCompetition::Recruit'),(779,81,'2016-09-08 14:27:37','2016-09-10 17:09:10','---\n- 34\n- 37\n- 7\n- 3\n',54,56,'TalkCompetition::Recruit'),(780,75,'2016-09-08 14:27:37','2016-09-10 17:25:41','---\n- 31\n- 32\n- 8\n- 4\n',61,56,'TalkCompetition::Recruit'),(781,90,'2016-09-08 14:27:37','2016-09-10 14:14:14','---\n- 35\n- 42\n- 9\n- 4\n',66,56,'TalkCompetition::Recruit'),(782,84,'2016-09-08 14:27:37','2016-09-10 16:32:38','---\n- 34\n- 37\n- 9\n- 4\n',67,56,'TalkCompetition::Recruit'),(783,84,'2016-09-08 14:27:38','2016-09-10 17:14:06','---\n- 37\n- 37\n- 6\n- 4\n',68,56,'TalkCompetition::Recruit'),(784,90,'2016-09-08 14:27:38','2016-09-10 17:26:08','---\n- 35\n- 40\n- 10\n- 5\n',69,56,'TalkCompetition::Recruit'),(785,82,'2016-09-08 14:27:38','2016-09-10 17:23:20','---\n- 35\n- 36\n- 8\n- 3\n',70,56,'TalkCompetition::Recruit'),(786,NULL,'2016-09-21 11:33:52','2016-09-21 11:33:52',NULL,71,11,'InfoCompetition::Recruit'),(787,NULL,'2016-09-21 11:34:05','2016-09-21 11:34:05',NULL,72,12,'InfoCompetition::Recruit'),(788,NULL,'2016-09-21 11:34:29','2016-09-21 11:34:29',NULL,72,19,'InfoCompetition::Recruit'),(789,NULL,'2016-09-21 11:34:47','2016-09-21 11:34:47',NULL,72,21,'InfoCompetition::Recruit'),(790,NULL,'2016-09-21 11:35:12','2016-09-21 11:35:12',NULL,71,29,'InfoCompetition::Recruit'),(791,NULL,'2016-09-21 11:35:55','2016-09-21 11:35:55',NULL,72,31,'InfoCompetition::Recruit'),(792,NULL,'2016-09-21 11:36:11','2016-09-21 11:36:11',NULL,71,33,'InfoCompetition::Recruit'),(793,NULL,'2016-09-21 11:36:33','2016-09-21 11:36:33',NULL,71,34,'InfoCompetition::Recruit'),(794,NULL,'2016-09-21 11:36:53','2016-09-21 11:36:53',NULL,71,36,'InfoCompetition::Recruit'),(795,NULL,'2016-09-21 11:37:07','2016-09-21 11:37:07',NULL,72,37,'InfoCompetition::Recruit'),(1014,NULL,'2016-10-25 08:57:43','2016-10-25 08:57:43',NULL,54,59,'TalkCompetition::Recruit'),(1016,NULL,'2016-10-25 08:57:43','2016-10-25 08:57:43',NULL,54,60,'TalkCompetition::Recruit'),(1018,NULL,'2016-10-25 08:57:43','2016-10-25 08:57:43',NULL,54,61,'TalkCompetition::Recruit'),(1020,NULL,'2016-10-25 08:57:43','2016-10-25 08:57:43',NULL,54,62,'TalkCompetition::Recruit'),(1022,NULL,'2016-10-25 08:57:43','2016-10-25 08:57:43',NULL,54,63,'TalkCompetition::Recruit'),(1024,NULL,'2016-10-25 08:57:44','2016-10-25 08:57:44',NULL,54,65,'TalkCompetition::Recruit'),(1026,NULL,'2016-10-25 08:57:44','2016-10-25 08:57:44',NULL,54,66,'TalkCompetition::Recruit'),(1028,NULL,'2016-10-25 08:57:44','2016-10-25 08:57:44',NULL,54,67,'TalkCompetition::Recruit'),(1030,NULL,'2016-10-25 08:57:44','2016-10-25 08:57:44',NULL,54,68,'TalkCompetition::Recruit'),(1032,NULL,'2016-10-25 08:57:44','2016-10-25 08:57:44',NULL,54,70,'TalkCompetition::Recruit'),(1034,NULL,'2016-10-25 08:57:44','2016-10-25 08:57:44',NULL,54,71,'TalkCompetition::Recruit'),(1036,NULL,'2016-10-25 08:57:44','2016-10-25 08:57:44',NULL,54,72,'TalkCompetition::Recruit'),(1038,NULL,'2016-10-25 08:57:44','2016-10-25 08:57:44',NULL,54,73,'TalkCompetition::Recruit'),(1040,NULL,'2016-10-25 08:57:44','2016-10-25 08:57:44',NULL,54,74,'TalkCompetition::Recruit'),(1042,NULL,'2016-10-25 08:57:44','2016-10-25 08:57:44',NULL,54,75,'TalkCompetition::Recruit'),(1044,NULL,'2016-10-25 08:57:44','2016-10-25 08:57:44',NULL,54,76,'TalkCompetition::Recruit'),(1046,NULL,'2016-10-25 08:57:44','2016-10-25 08:57:44',NULL,54,77,'TalkCompetition::Recruit'),(1048,NULL,'2016-10-25 08:57:44','2016-10-25 08:57:44',NULL,54,79,'TalkCompetition::Recruit'),(1060,NULL,'2016-10-25 08:58:48','2016-10-25 08:58:48',NULL,73,59,'TalkCompetition::Recruit'),(1061,NULL,'2016-10-25 08:58:48','2016-10-25 08:58:48',NULL,74,59,'TalkCompetition::Recruit'),(1062,NULL,'2016-10-25 08:58:48','2016-10-25 08:58:48',NULL,75,59,'TalkCompetition::Recruit'),(1063,NULL,'2016-10-25 08:58:48','2016-10-25 08:58:48',NULL,76,59,'TalkCompetition::Recruit'),(1064,NULL,'2016-10-25 08:58:48','2016-10-25 08:58:48',NULL,77,59,'TalkCompetition::Recruit'),(1065,3,'2016-10-25 08:58:48','2016-10-31 08:19:36','---\n- 3\n- 0\n- 0\n- 0\n',78,59,'TalkCompetition::Recruit'),(1067,NULL,'2016-10-25 08:58:48','2016-10-25 08:58:48',NULL,73,60,'TalkCompetition::Recruit'),(1068,NULL,'2016-10-25 08:58:48','2016-10-25 08:58:48',NULL,74,60,'TalkCompetition::Recruit'),(1069,NULL,'2016-10-25 08:58:49','2016-10-25 08:58:49',NULL,75,60,'TalkCompetition::Recruit'),(1070,NULL,'2016-10-25 08:58:49','2016-10-25 08:58:49',NULL,76,60,'TalkCompetition::Recruit'),(1071,NULL,'2016-10-25 08:58:49','2016-10-25 08:58:49',NULL,77,60,'TalkCompetition::Recruit'),(1072,NULL,'2016-10-25 08:58:49','2016-10-25 08:58:49',NULL,78,60,'TalkCompetition::Recruit'),(1074,NULL,'2016-10-25 08:58:49','2016-10-25 08:58:49',NULL,73,61,'TalkCompetition::Recruit'),(1075,NULL,'2016-10-25 08:58:49','2016-10-25 08:58:49',NULL,74,61,'TalkCompetition::Recruit'),(1076,NULL,'2016-10-25 08:58:49','2016-10-25 08:58:49',NULL,75,61,'TalkCompetition::Recruit'),(1077,NULL,'2016-10-25 08:58:49','2016-10-25 08:58:49',NULL,76,61,'TalkCompetition::Recruit'),(1078,NULL,'2016-10-25 08:58:49','2016-10-25 08:58:49',NULL,77,61,'TalkCompetition::Recruit'),(1079,NULL,'2016-10-25 08:58:49','2016-10-25 08:58:49',NULL,78,61,'TalkCompetition::Recruit'),(1081,NULL,'2016-10-25 08:58:49','2016-10-25 08:58:49',NULL,73,62,'TalkCompetition::Recruit'),(1082,NULL,'2016-10-25 08:58:49','2016-10-25 08:58:49',NULL,74,62,'TalkCompetition::Recruit'),(1083,NULL,'2016-10-25 08:58:49','2016-10-25 08:58:49',NULL,75,62,'TalkCompetition::Recruit'),(1084,NULL,'2016-10-25 08:58:49','2016-10-25 08:58:49',NULL,76,62,'TalkCompetition::Recruit'),(1085,NULL,'2016-10-25 08:58:49','2016-10-25 08:58:49',NULL,77,62,'TalkCompetition::Recruit'),(1086,NULL,'2016-10-25 08:58:49','2016-10-25 08:58:49',NULL,78,62,'TalkCompetition::Recruit'),(1088,NULL,'2016-10-25 08:58:49','2016-10-25 08:58:49',NULL,73,63,'TalkCompetition::Recruit'),(1089,NULL,'2016-10-25 08:58:49','2016-10-25 08:58:49',NULL,74,63,'TalkCompetition::Recruit'),(1090,NULL,'2016-10-25 08:58:49','2016-10-25 08:58:49',NULL,75,63,'TalkCompetition::Recruit'),(1091,NULL,'2016-10-25 08:58:49','2016-10-25 08:58:49',NULL,76,63,'TalkCompetition::Recruit'),(1092,NULL,'2016-10-25 08:58:49','2016-10-25 08:58:49',NULL,77,63,'TalkCompetition::Recruit'),(1093,NULL,'2016-10-25 08:58:49','2016-10-25 08:58:49',NULL,78,63,'TalkCompetition::Recruit'),(1095,NULL,'2016-10-25 08:58:49','2016-10-25 08:58:49',NULL,73,65,'TalkCompetition::Recruit'),(1096,NULL,'2016-10-25 08:58:49','2016-10-25 08:58:49',NULL,74,65,'TalkCompetition::Recruit'),(1097,NULL,'2016-10-25 08:58:49','2016-10-25 08:58:49',NULL,75,65,'TalkCompetition::Recruit'),(1098,NULL,'2016-10-25 08:58:49','2016-10-25 08:58:49',NULL,76,65,'TalkCompetition::Recruit'),(1099,NULL,'2016-10-25 08:58:49','2016-10-25 08:58:49',NULL,77,65,'TalkCompetition::Recruit'),(1100,NULL,'2016-10-25 08:58:50','2016-10-25 08:58:50',NULL,78,65,'TalkCompetition::Recruit'),(1102,NULL,'2016-10-25 08:58:50','2016-10-25 08:58:50',NULL,73,66,'TalkCompetition::Recruit'),(1103,NULL,'2016-10-25 08:58:50','2016-10-25 08:58:50',NULL,74,66,'TalkCompetition::Recruit'),(1104,NULL,'2016-10-25 08:58:50','2016-10-25 08:58:50',NULL,75,66,'TalkCompetition::Recruit'),(1105,NULL,'2016-10-25 08:58:50','2016-10-25 08:58:50',NULL,76,66,'TalkCompetition::Recruit'),(1106,NULL,'2016-10-25 08:58:50','2016-10-25 08:58:50',NULL,77,66,'TalkCompetition::Recruit'),(1107,NULL,'2016-10-25 08:58:50','2016-10-25 08:58:50',NULL,78,66,'TalkCompetition::Recruit'),(1109,NULL,'2016-10-25 08:58:50','2016-10-25 08:58:50',NULL,73,67,'TalkCompetition::Recruit'),(1110,NULL,'2016-10-25 08:58:50','2016-10-25 08:58:50',NULL,74,67,'TalkCompetition::Recruit'),(1111,NULL,'2016-10-25 08:58:50','2016-10-25 08:58:50',NULL,75,67,'TalkCompetition::Recruit'),(1112,NULL,'2016-10-25 08:58:50','2016-10-25 08:58:50',NULL,76,67,'TalkCompetition::Recruit'),(1113,NULL,'2016-10-25 08:58:50','2016-10-25 08:58:50',NULL,77,67,'TalkCompetition::Recruit'),(1114,NULL,'2016-10-25 08:58:50','2016-10-25 08:58:50',NULL,78,67,'TalkCompetition::Recruit'),(1116,NULL,'2016-10-25 08:58:50','2016-10-25 08:58:50',NULL,73,68,'TalkCompetition::Recruit'),(1117,NULL,'2016-10-25 08:58:50','2016-10-25 08:58:50',NULL,74,68,'TalkCompetition::Recruit'),(1118,NULL,'2016-10-25 08:58:50','2016-10-25 08:58:50',NULL,75,68,'TalkCompetition::Recruit'),(1119,NULL,'2016-10-25 08:58:50','2016-10-25 08:58:50',NULL,76,68,'TalkCompetition::Recruit'),(1120,NULL,'2016-10-25 08:58:50','2016-10-25 08:58:50',NULL,77,68,'TalkCompetition::Recruit'),(1121,NULL,'2016-10-25 08:58:50','2016-10-25 08:58:50',NULL,78,68,'TalkCompetition::Recruit'),(1123,NULL,'2016-10-25 08:58:50','2016-10-25 08:58:50',NULL,73,70,'TalkCompetition::Recruit'),(1124,NULL,'2016-10-25 08:58:50','2016-10-25 08:58:50',NULL,74,70,'TalkCompetition::Recruit'),(1125,NULL,'2016-10-25 08:58:50','2016-10-25 08:58:50',NULL,75,70,'TalkCompetition::Recruit'),(1126,NULL,'2016-10-25 08:58:50','2016-10-25 08:58:50',NULL,76,70,'TalkCompetition::Recruit'),(1127,NULL,'2016-10-25 08:58:50','2016-10-25 08:58:50',NULL,77,70,'TalkCompetition::Recruit'),(1128,NULL,'2016-10-25 08:58:50','2016-10-25 08:58:50',NULL,78,70,'TalkCompetition::Recruit'),(1130,NULL,'2016-10-25 08:58:50','2016-10-25 08:58:50',NULL,73,71,'TalkCompetition::Recruit'),(1131,NULL,'2016-10-25 08:58:50','2016-10-25 08:58:50',NULL,74,71,'TalkCompetition::Recruit'),(1132,NULL,'2016-10-25 08:58:51','2016-10-25 08:58:51',NULL,75,71,'TalkCompetition::Recruit'),(1133,NULL,'2016-10-25 08:58:51','2016-10-25 08:58:51',NULL,76,71,'TalkCompetition::Recruit'),(1134,NULL,'2016-10-25 08:58:51','2016-10-25 08:58:51',NULL,77,71,'TalkCompetition::Recruit'),(1135,NULL,'2016-10-25 08:58:51','2016-10-25 08:58:51',NULL,78,71,'TalkCompetition::Recruit'),(1137,NULL,'2016-10-25 08:58:51','2016-10-25 08:58:51',NULL,73,72,'TalkCompetition::Recruit'),(1138,NULL,'2016-10-25 08:58:51','2016-10-25 08:58:51',NULL,74,72,'TalkCompetition::Recruit'),(1139,NULL,'2016-10-25 08:58:51','2016-10-25 08:58:51',NULL,75,72,'TalkCompetition::Recruit'),(1140,NULL,'2016-10-25 08:58:51','2016-10-25 08:58:51',NULL,76,72,'TalkCompetition::Recruit'),(1141,NULL,'2016-10-25 08:58:51','2016-10-25 08:58:51',NULL,77,72,'TalkCompetition::Recruit'),(1142,NULL,'2016-10-25 08:58:51','2016-10-25 08:58:51',NULL,78,72,'TalkCompetition::Recruit'),(1144,NULL,'2016-10-25 08:58:51','2016-10-25 08:58:51',NULL,73,73,'TalkCompetition::Recruit'),(1145,NULL,'2016-10-25 08:58:51','2016-10-25 08:58:51',NULL,74,73,'TalkCompetition::Recruit'),(1146,NULL,'2016-10-25 08:58:51','2016-10-25 08:58:51',NULL,75,73,'TalkCompetition::Recruit'),(1147,NULL,'2016-10-25 08:58:51','2016-10-25 08:58:51',NULL,76,73,'TalkCompetition::Recruit'),(1148,NULL,'2016-10-25 08:58:51','2016-10-25 08:58:51',NULL,77,73,'TalkCompetition::Recruit'),(1149,NULL,'2016-10-25 08:58:51','2016-10-25 08:58:51',NULL,78,73,'TalkCompetition::Recruit'),(1151,NULL,'2016-10-25 08:58:51','2016-10-25 08:58:51',NULL,73,74,'TalkCompetition::Recruit'),(1152,NULL,'2016-10-25 08:58:51','2016-10-25 08:58:51',NULL,74,74,'TalkCompetition::Recruit'),(1153,NULL,'2016-10-25 08:58:51','2016-10-25 08:58:51',NULL,75,74,'TalkCompetition::Recruit'),(1154,NULL,'2016-10-25 08:58:51','2016-10-25 08:58:51',NULL,76,74,'TalkCompetition::Recruit'),(1155,NULL,'2016-10-25 08:58:51','2016-10-25 08:58:51',NULL,77,74,'TalkCompetition::Recruit'),(1156,NULL,'2016-10-25 08:58:51','2016-10-25 08:58:51',NULL,78,74,'TalkCompetition::Recruit'),(1158,NULL,'2016-10-25 08:58:51','2016-10-25 08:58:51',NULL,73,75,'TalkCompetition::Recruit'),(1159,NULL,'2016-10-25 08:58:51','2016-10-25 08:58:51',NULL,74,75,'TalkCompetition::Recruit'),(1160,NULL,'2016-10-25 08:58:51','2016-10-25 08:58:51',NULL,75,75,'TalkCompetition::Recruit'),(1161,NULL,'2016-10-25 08:58:51','2016-10-25 08:58:51',NULL,76,75,'TalkCompetition::Recruit'),(1162,NULL,'2016-10-25 08:58:52','2016-10-25 08:58:52',NULL,77,75,'TalkCompetition::Recruit'),(1163,NULL,'2016-10-25 08:58:52','2016-10-25 08:58:52',NULL,78,75,'TalkCompetition::Recruit'),(1165,NULL,'2016-10-25 08:58:52','2016-10-25 08:58:52',NULL,73,76,'TalkCompetition::Recruit'),(1166,NULL,'2016-10-25 08:58:52','2016-10-25 08:58:52',NULL,74,76,'TalkCompetition::Recruit'),(1167,NULL,'2016-10-25 08:58:52','2016-10-25 08:58:52',NULL,75,76,'TalkCompetition::Recruit'),(1168,NULL,'2016-10-25 08:58:52','2016-10-25 08:58:52',NULL,76,76,'TalkCompetition::Recruit'),(1169,NULL,'2016-10-25 08:58:52','2016-10-25 08:58:52',NULL,77,76,'TalkCompetition::Recruit'),(1170,NULL,'2016-10-25 08:58:52','2016-10-25 08:58:52',NULL,78,76,'TalkCompetition::Recruit'),(1172,NULL,'2016-10-25 08:58:52','2016-10-25 08:58:52',NULL,73,77,'TalkCompetition::Recruit'),(1173,NULL,'2016-10-25 08:58:52','2016-10-25 08:58:52',NULL,74,77,'TalkCompetition::Recruit'),(1174,NULL,'2016-10-25 08:58:52','2016-10-25 08:58:52',NULL,75,77,'TalkCompetition::Recruit'),(1175,NULL,'2016-10-25 08:58:52','2016-10-25 08:58:52',NULL,76,77,'TalkCompetition::Recruit'),(1176,NULL,'2016-10-25 08:58:52','2016-10-25 08:58:52',NULL,77,77,'TalkCompetition::Recruit'),(1177,NULL,'2016-10-25 08:58:52','2016-10-25 08:58:52',NULL,78,77,'TalkCompetition::Recruit'),(1179,NULL,'2016-10-25 08:58:52','2016-10-25 08:58:52',NULL,73,79,'TalkCompetition::Recruit'),(1180,NULL,'2016-10-25 08:58:52','2016-10-25 08:58:52',NULL,74,79,'TalkCompetition::Recruit'),(1181,NULL,'2016-10-25 08:58:52','2016-10-25 08:58:52',NULL,75,79,'TalkCompetition::Recruit'),(1182,NULL,'2016-10-25 08:58:52','2016-10-25 08:58:52',NULL,76,79,'TalkCompetition::Recruit'),(1183,NULL,'2016-10-25 08:58:52','2016-10-25 08:58:52',NULL,77,79,'TalkCompetition::Recruit'),(1184,NULL,'2016-10-25 08:58:52','2016-10-25 08:58:52',NULL,78,79,'TalkCompetition::Recruit'),(1185,NULL,'2016-10-25 09:01:31','2016-10-25 09:01:31',NULL,67,59,'TalkCompetition::Recruit'),(1186,NULL,'2016-10-25 09:01:31','2016-10-25 09:01:31',NULL,67,60,'TalkCompetition::Recruit'),(1187,NULL,'2016-10-25 09:01:31','2016-10-25 09:01:31',NULL,67,61,'TalkCompetition::Recruit'),(1188,NULL,'2016-10-25 09:01:31','2016-10-25 09:01:31',NULL,67,62,'TalkCompetition::Recruit'),(1189,NULL,'2016-10-25 09:01:31','2016-10-25 09:01:31',NULL,67,63,'TalkCompetition::Recruit'),(1190,NULL,'2016-10-25 09:01:31','2016-10-25 09:01:31',NULL,67,65,'TalkCompetition::Recruit'),(1191,NULL,'2016-10-25 09:01:31','2016-10-25 09:01:31',NULL,67,66,'TalkCompetition::Recruit'),(1192,NULL,'2016-10-25 09:01:31','2016-10-25 09:01:31',NULL,67,67,'TalkCompetition::Recruit'),(1193,NULL,'2016-10-25 09:01:31','2016-10-25 09:01:31',NULL,67,68,'TalkCompetition::Recruit'),(1194,NULL,'2016-10-25 09:01:31','2016-10-25 09:01:31',NULL,67,70,'TalkCompetition::Recruit'),(1195,NULL,'2016-10-25 09:01:31','2016-10-25 09:01:31',NULL,67,71,'TalkCompetition::Recruit'),(1196,NULL,'2016-10-25 09:01:31','2016-10-25 09:01:31',NULL,67,72,'TalkCompetition::Recruit'),(1197,NULL,'2016-10-25 09:01:31','2016-10-25 09:01:31',NULL,67,73,'TalkCompetition::Recruit'),(1198,NULL,'2016-10-25 09:01:31','2016-10-25 09:01:31',NULL,67,74,'TalkCompetition::Recruit'),(1199,NULL,'2016-10-25 09:01:31','2016-10-25 09:01:31',NULL,67,75,'TalkCompetition::Recruit'),(1200,NULL,'2016-10-25 09:01:31','2016-10-25 09:01:31',NULL,67,76,'TalkCompetition::Recruit'),(1201,NULL,'2016-10-25 09:01:31','2016-10-25 09:01:31',NULL,67,77,'TalkCompetition::Recruit'),(1202,NULL,'2016-10-25 09:01:31','2016-10-25 09:01:31',NULL,67,79,'TalkCompetition::Recruit'),(1203,NULL,'2016-10-25 09:01:52','2016-10-25 09:01:52',NULL,44,58,'TalkCompetition::Recruit'),(1204,NULL,'2016-10-27 22:39:05','2016-10-27 22:39:05',NULL,64,59,'TalkCompetition::Recruit'),(1205,NULL,'2016-10-27 22:39:05','2016-10-27 22:39:05',NULL,66,59,'TalkCompetition::Recruit'),(1206,NULL,'2016-10-27 22:39:05','2016-10-27 22:39:05',NULL,64,60,'TalkCompetition::Recruit'),(1207,NULL,'2016-10-27 22:39:05','2016-10-27 22:39:05',NULL,66,60,'TalkCompetition::Recruit'),(1208,NULL,'2016-10-27 22:39:05','2016-10-27 22:39:05',NULL,64,61,'TalkCompetition::Recruit'),(1209,NULL,'2016-10-27 22:39:05','2016-10-27 22:39:05',NULL,66,61,'TalkCompetition::Recruit'),(1210,NULL,'2016-10-27 22:39:05','2016-10-27 22:39:05',NULL,64,62,'TalkCompetition::Recruit'),(1211,NULL,'2016-10-27 22:39:05','2016-10-27 22:39:05',NULL,66,62,'TalkCompetition::Recruit'),(1212,NULL,'2016-10-27 22:39:05','2016-10-27 22:39:05',NULL,64,63,'TalkCompetition::Recruit'),(1213,NULL,'2016-10-27 22:39:05','2016-10-27 22:39:05',NULL,66,63,'TalkCompetition::Recruit'),(1214,NULL,'2016-10-27 22:39:05','2016-10-27 22:39:05',NULL,64,65,'TalkCompetition::Recruit'),(1215,NULL,'2016-10-27 22:39:05','2016-10-27 22:39:05',NULL,66,65,'TalkCompetition::Recruit'),(1216,NULL,'2016-10-27 22:39:05','2016-10-27 22:39:05',NULL,64,66,'TalkCompetition::Recruit'),(1217,NULL,'2016-10-27 22:39:05','2016-10-27 22:39:05',NULL,66,66,'TalkCompetition::Recruit'),(1218,NULL,'2016-10-27 22:39:05','2016-10-27 22:39:05',NULL,64,67,'TalkCompetition::Recruit'),(1219,NULL,'2016-10-27 22:39:05','2016-10-27 22:39:05',NULL,66,67,'TalkCompetition::Recruit'),(1220,NULL,'2016-10-27 22:39:05','2016-10-27 22:39:05',NULL,64,68,'TalkCompetition::Recruit'),(1221,NULL,'2016-10-27 22:39:05','2016-10-27 22:39:05',NULL,66,68,'TalkCompetition::Recruit'),(1222,NULL,'2016-10-27 22:39:05','2016-10-27 22:39:05',NULL,64,70,'TalkCompetition::Recruit'),(1223,NULL,'2016-10-27 22:39:05','2016-10-27 22:39:05',NULL,66,70,'TalkCompetition::Recruit'),(1224,NULL,'2016-10-27 22:39:06','2016-10-27 22:39:06',NULL,64,71,'TalkCompetition::Recruit'),(1225,NULL,'2016-10-27 22:39:06','2016-10-27 22:39:06',NULL,66,71,'TalkCompetition::Recruit'),(1226,NULL,'2016-10-27 22:39:06','2016-10-27 22:39:06',NULL,64,72,'TalkCompetition::Recruit'),(1227,NULL,'2016-10-27 22:39:06','2016-10-27 22:39:06',NULL,66,72,'TalkCompetition::Recruit'),(1228,NULL,'2016-10-27 22:39:06','2016-10-27 22:39:06',NULL,64,73,'TalkCompetition::Recruit'),(1229,NULL,'2016-10-27 22:39:06','2016-10-27 22:39:06',NULL,66,73,'TalkCompetition::Recruit'),(1230,NULL,'2016-10-27 22:39:06','2016-10-27 22:39:06',NULL,64,74,'TalkCompetition::Recruit'),(1231,NULL,'2016-10-27 22:39:06','2016-10-27 22:39:06',NULL,66,74,'TalkCompetition::Recruit'),(1232,NULL,'2016-10-27 22:39:06','2016-10-27 22:39:06',NULL,64,75,'TalkCompetition::Recruit'),(1233,NULL,'2016-10-27 22:39:06','2016-10-27 22:39:06',NULL,66,75,'TalkCompetition::Recruit'),(1234,NULL,'2016-10-27 22:39:06','2016-10-27 22:39:06',NULL,64,76,'TalkCompetition::Recruit'),(1235,NULL,'2016-10-27 22:39:06','2016-10-27 22:39:06',NULL,66,76,'TalkCompetition::Recruit'),(1236,NULL,'2016-10-27 22:39:06','2016-10-27 22:39:06',NULL,64,77,'TalkCompetition::Recruit'),(1237,NULL,'2016-10-27 22:39:06','2016-10-27 22:39:06',NULL,66,77,'TalkCompetition::Recruit'),(1238,NULL,'2016-10-27 22:39:06','2016-10-27 22:39:06',NULL,64,79,'TalkCompetition::Recruit'),(1239,NULL,'2016-10-27 22:39:06','2016-10-27 22:39:06',NULL,66,79,'TalkCompetition::Recruit'),(1240,89,'2016-10-31 08:16:54','2016-10-31 13:45:21','---\n- 37\n- 39\n- 9\n- 4\n',54,80,'TalkCompetition::Recruit'),(1241,93,'2016-10-31 08:16:54','2016-10-31 12:40:08','---\n- 36\n- 42\n- 10\n- 5\n',64,80,'TalkCompetition::Recruit'),(1242,80,'2016-10-31 08:16:54','2016-10-31 13:49:43','---\n- 32\n- 36\n- 8\n- 4\n',66,80,'TalkCompetition::Recruit'),(1243,90,'2016-10-31 08:16:54','2016-10-31 09:16:24','---\n- 35\n- 42\n- 9\n- 4\n',67,80,'TalkCompetition::Recruit'),(1244,93,'2016-10-31 08:16:54','2016-10-31 15:27:12','---\n- 36\n- 42\n- 10\n- 5\n',69,80,'TalkCompetition::Recruit'),(1245,91,'2016-10-31 08:16:54','2016-10-31 08:57:06','---\n- 38\n- 40\n- 9\n- 4\n',74,80,'TalkCompetition::Recruit'),(1247,87,'2016-10-31 08:16:54','2016-10-31 15:11:58','---\n- 37\n- 39\n- 7\n- 4\n',76,80,'TalkCompetition::Recruit'),(1248,90,'2016-10-31 08:16:54','2016-10-31 15:38:17','---\n- 35\n- 42\n- 9\n- 4\n',77,80,'TalkCompetition::Recruit'),(1249,92,'2016-10-31 08:16:54','2016-10-31 12:38:49','---\n- 36\n- 44\n- 8\n- 4\n',78,80,'TalkCompetition::Recruit'),(1250,86,'2016-10-31 08:16:54','2016-10-31 13:46:10','---\n- 35\n- 38\n- 9\n- 4\n',54,81,'TalkCompetition::Recruit'),(1251,80,'2016-10-31 08:16:54','2016-10-31 12:40:37','---\n- 30\n- 38\n- 8\n- 4\n',64,81,'TalkCompetition::Recruit'),(1252,85,'2016-10-31 08:16:54','2016-10-31 13:50:12','---\n- 35\n- 38\n- 8\n- 4\n',66,81,'TalkCompetition::Recruit'),(1253,87,'2016-10-31 08:16:54','2016-10-31 09:18:28','---\n- 34\n- 40\n- 9\n- 4\n',67,81,'TalkCompetition::Recruit'),(1254,92,'2016-10-31 08:16:54','2016-10-31 14:59:48','---\n- 36\n- 41\n- 10\n- 5\n',69,81,'TalkCompetition::Recruit'),(1255,83,'2016-10-31 08:16:54','2016-10-31 09:28:55','---\n- 37\n- 37\n- 5\n- 4\n',74,81,'TalkCompetition::Recruit'),(1257,83,'2016-10-31 08:16:54','2016-10-31 14:31:10','---\n- 35\n- 37\n- 7\n- 4\n',76,81,'TalkCompetition::Recruit'),(1258,91,'2016-10-31 08:16:54','2016-10-31 15:38:39','---\n- 36\n- 42\n- 9\n- 4\n',77,81,'TalkCompetition::Recruit'),(1259,87,'2016-10-31 08:16:54','2016-10-31 12:39:11','---\n- 35\n- 42\n- 7\n- 3\n',78,81,'TalkCompetition::Recruit'),(1260,93,'2016-10-31 08:16:54','2016-10-31 13:47:50','---\n- 39\n- 40\n- 9\n- 5\n',54,82,'TalkCompetition::Recruit'),(1261,93,'2016-10-31 08:16:54','2016-10-31 15:38:39','---\n- 38\n- 42\n- 9\n- 4\n',64,82,'TalkCompetition::Recruit'),(1262,88,'2016-10-31 08:16:54','2016-10-31 15:29:32','---\n- 38\n- 38\n- 8\n- 4\n',66,82,'TalkCompetition::Recruit'),(1263,85,'2016-10-31 08:16:54','2016-10-31 09:45:55','---\n- 34\n- 39\n- 9\n- 3\n',67,82,'TalkCompetition::Recruit'),(1264,91,'2016-10-31 08:16:54','2016-10-31 13:03:58','---\n- 36\n- 40\n- 10\n- 5\n',69,82,'TalkCompetition::Recruit'),(1265,86,'2016-10-31 08:16:54','2016-10-31 09:42:05','---\n- 33\n- 40\n- 9\n- 4\n',74,82,'TalkCompetition::Recruit'),(1267,89,'2016-10-31 08:16:54','2016-10-31 12:51:05','---\n- 38\n- 38\n- 9\n- 4\n',76,82,'TalkCompetition::Recruit'),(1268,95,'2016-10-31 08:16:54','2016-10-31 15:40:36','---\n- 39\n- 42\n- 10\n- 4\n',77,82,'TalkCompetition::Recruit'),(1269,86,'2016-10-31 08:16:54','2016-10-31 12:39:35','---\n- 32\n- 43\n- 8\n- 3\n',78,82,'TalkCompetition::Recruit'),(1270,91,'2016-10-31 08:16:55','2016-10-31 13:49:42','---\n- 38\n- 40\n- 9\n- 4\n',54,83,'TalkCompetition::Recruit'),(1271,90,'2016-10-31 08:16:55','2016-10-31 12:59:14','---\n- 36\n- 41\n- 9\n- 4\n',64,83,'TalkCompetition::Recruit'),(1272,92,'2016-10-31 08:16:55','2016-10-31 13:51:40','---\n- 38\n- 42\n- 8\n- 4\n',66,83,'TalkCompetition::Recruit'),(1273,91,'2016-10-31 08:16:55','2016-10-31 10:22:24','---\n- 36\n- 42\n- 9\n- 4\n',67,83,'TalkCompetition::Recruit'),(1274,95,'2016-10-31 08:16:55','2016-10-31 14:14:29','---\n- 38\n- 42\n- 10\n- 5\n',69,83,'TalkCompetition::Recruit'),(1275,90,'2016-10-31 08:16:55','2016-10-31 09:59:34','---\n- 36\n- 40\n- 9\n- 5\n',74,83,'TalkCompetition::Recruit'),(1277,92,'2016-10-31 08:16:55','2016-10-31 12:51:13','---\n- 38\n- 41\n- 9\n- 4\n',76,83,'TalkCompetition::Recruit'),(1278,92,'2016-10-31 08:16:55','2016-10-31 15:39:21','---\n- 35\n- 43\n- 10\n- 4\n',77,83,'TalkCompetition::Recruit'),(1279,90,'2016-10-31 08:16:55','2016-10-31 12:40:02','---\n- 35\n- 45\n- 7\n- 3\n',78,83,'TalkCompetition::Recruit'),(1280,95,'2016-10-31 08:16:55','2016-10-31 13:50:39','---\n- 39\n- 42\n- 10\n- 4\n',54,84,'TalkCompetition::Recruit'),(1281,97,'2016-10-31 08:16:55','2016-10-31 12:59:39','---\n- 39\n- 43\n- 10\n- 5\n',64,84,'TalkCompetition::Recruit'),(1282,92,'2016-10-31 08:16:55','2016-10-31 13:52:18','---\n- 38\n- 42\n- 8\n- 4\n',66,84,'TalkCompetition::Recruit'),(1283,92,'2016-10-31 08:16:55','2016-10-31 10:31:55','---\n- 37\n- 42\n- 9\n- 4\n',67,84,'TalkCompetition::Recruit'),(1284,91,'2016-10-31 08:16:55','2016-10-31 13:05:17','---\n- 36\n- 40\n- 10\n- 5\n',69,84,'TalkCompetition::Recruit'),(1285,85,'2016-10-31 08:16:55','2016-10-31 10:25:27','---\n- 34\n- 39\n- 8\n- 4\n',74,84,'TalkCompetition::Recruit'),(1287,90,'2016-10-31 08:16:55','2016-10-31 14:31:30','---\n- 38\n- 39\n- 9\n- 4\n',76,84,'TalkCompetition::Recruit'),(1288,96,'2016-10-31 08:16:55','2016-10-31 15:40:24','---\n- 39\n- 43\n- 10\n- 4\n',77,84,'TalkCompetition::Recruit'),(1289,94,'2016-10-31 08:16:55','2016-10-31 12:40:56','---\n- 38\n- 43\n- 9\n- 4\n',78,84,'TalkCompetition::Recruit'),(1290,94,'2016-10-31 08:16:55','2016-10-31 13:51:33','---\n- 39\n- 41\n- 10\n- 4\n',54,85,'TalkCompetition::Recruit'),(1291,94,'2016-10-31 08:16:55','2016-10-31 13:00:15','---\n- 38\n- 42\n- 9\n- 5\n',64,85,'TalkCompetition::Recruit'),(1292,90,'2016-10-31 08:16:55','2016-10-31 13:55:05','---\n- 35\n- 43\n- 8\n- 4\n',66,85,'TalkCompetition::Recruit'),(1293,94,'2016-10-31 08:16:55','2016-10-31 15:21:10','---\n- 38\n- 42\n- 10\n- 4\n',67,85,'TalkCompetition::Recruit'),(1294,90,'2016-10-31 08:16:55','2016-10-31 13:05:49','---\n- 35\n- 40\n- 10\n- 5\n',69,85,'TalkCompetition::Recruit'),(1295,92,'2016-10-31 08:16:55','2016-10-31 10:43:57','---\n- 37\n- 41\n- 9\n- 5\n',74,85,'TalkCompetition::Recruit'),(1297,91,'2016-10-31 08:16:55','2016-10-31 12:51:28','---\n- 38\n- 40\n- 9\n- 4\n',76,85,'TalkCompetition::Recruit'),(1298,93,'2016-10-31 08:16:56','2016-10-31 15:41:04','---\n- 37\n- 43\n- 9\n- 4\n',77,85,'TalkCompetition::Recruit'),(1299,93,'2016-10-31 08:16:56','2016-10-31 12:41:24','---\n- 37\n- 43\n- 9\n- 4\n',78,85,'TalkCompetition::Recruit'),(1300,90,'2016-10-31 08:16:56','2016-10-31 14:24:44','---\n- 38\n- 39\n- 9\n- 4\n',54,86,'TalkCompetition::Recruit'),(1301,86,'2016-10-31 08:16:56','2016-10-31 13:01:16','---\n- 35\n- 38\n- 9\n- 4\n',64,86,'TalkCompetition::Recruit'),(1302,91,'2016-10-31 08:16:56','2016-10-31 13:55:38','---\n- 36\n- 43\n- 8\n- 4\n',66,86,'TalkCompetition::Recruit'),(1303,89,'2016-10-31 08:16:56','2016-10-31 11:39:25','---\n- 36\n- 40\n- 9\n- 4\n',67,86,'TalkCompetition::Recruit'),(1304,88,'2016-10-31 08:16:56','2016-10-31 13:06:52','---\n- 35\n- 39\n- 10\n- 4\n',69,86,'TalkCompetition::Recruit'),(1305,84,'2016-10-31 08:16:56','2016-10-31 11:03:32','---\n- 34\n- 39\n- 7\n- 4\n',74,86,'TalkCompetition::Recruit'),(1307,88,'2016-10-31 08:16:56','2016-10-31 14:32:15','---\n- 36\n- 39\n- 9\n- 4\n',76,86,'TalkCompetition::Recruit'),(1308,92,'2016-10-31 08:16:56','2016-10-31 15:41:59','---\n- 36\n- 42\n- 10\n- 4\n',77,86,'TalkCompetition::Recruit'),(1309,88,'2016-10-31 08:16:56','2016-10-31 12:41:44','---\n- 34\n- 44\n- 7\n- 3\n',78,86,'TalkCompetition::Recruit'),(1310,85,'2016-10-31 08:16:56','2016-10-31 13:53:15','---\n- 35\n- 37\n- 9\n- 4\n',54,87,'TalkCompetition::Recruit'),(1311,84,'2016-10-31 08:16:56','2016-10-31 13:03:05','---\n- 33\n- 38\n- 9\n- 4\n',64,87,'TalkCompetition::Recruit'),(1312,83,'2016-10-31 08:16:56','2016-10-31 13:56:06','---\n- 35\n- 36\n- 8\n- 4\n',66,87,'TalkCompetition::Recruit'),(1313,86,'2016-10-31 08:16:56','2016-10-31 11:24:53','---\n- 34\n- 39\n- 9\n- 4\n',67,87,'TalkCompetition::Recruit'),(1314,87,'2016-10-31 08:16:56','2016-10-31 13:07:27','---\n- 34\n- 39\n- 10\n- 4\n',69,87,'TalkCompetition::Recruit'),(1315,80,'2016-10-31 08:16:56','2016-10-31 11:20:21','---\n- 31\n- 37\n- 8\n- 4\n',74,87,'TalkCompetition::Recruit'),(1317,86,'2016-10-31 08:16:56','2016-10-31 14:32:27','---\n- 36\n- 38\n- 8\n- 4\n',76,87,'TalkCompetition::Recruit'),(1318,95,'2016-10-31 08:16:56','2016-10-31 15:42:16','---\n- 38\n- 44\n- 9\n- 4\n',77,87,'TalkCompetition::Recruit'),(1319,89,'2016-10-31 08:16:56','2016-10-31 12:42:03','---\n- 35\n- 44\n- 7\n- 3\n',78,87,'TalkCompetition::Recruit'),(1320,88,'2016-10-31 08:16:56','2016-10-31 13:54:06','---\n- 37\n- 38\n- 9\n- 4\n',54,88,'TalkCompetition::Recruit'),(1321,85,'2016-10-31 08:16:56','2016-10-31 15:39:43','---\n- 35\n- 36\n- 9\n- 5\n',64,88,'TalkCompetition::Recruit'),(1322,83,'2016-10-31 08:16:56','2016-10-31 13:56:33','---\n- 35\n- 36\n- 8\n- 4\n',66,88,'TalkCompetition::Recruit'),(1323,88,'2016-10-31 08:16:56','2016-10-31 11:39:01','---\n- 35\n- 40\n- 9\n- 4\n',67,88,'TalkCompetition::Recruit'),(1324,87,'2016-10-31 08:16:56','2016-10-31 14:59:18','---\n- 34\n- 39\n- 10\n- 4\n',69,88,'TalkCompetition::Recruit'),(1325,80,'2016-10-31 08:16:56','2016-10-31 11:38:26','---\n- 31\n- 37\n- 8\n- 4\n',74,88,'TalkCompetition::Recruit'),(1327,85,'2016-10-31 08:16:56','2016-10-31 14:32:40','---\n- 36\n- 37\n- 8\n- 4\n',76,88,'TalkCompetition::Recruit'),(1328,92,'2016-10-31 08:16:57','2016-10-31 15:42:36','---\n- 36\n- 43\n- 9\n- 4\n',77,88,'TalkCompetition::Recruit'),(1329,90,'2016-10-31 08:16:57','2016-10-31 16:05:13','---\n- 35\n- 45\n- 7\n- 3\n',78,88,'TalkCompetition::Recruit'),(1330,88,'2016-10-31 08:16:57','2016-10-31 14:54:05','---\n- 37\n- 39\n- 8\n- 4\n',54,89,'TalkCompetition::Recruit'),(1331,87,'2016-10-31 08:16:57','2016-10-31 15:36:22','---\n- 35\n- 39\n- 9\n- 4\n',64,89,'TalkCompetition::Recruit'),(1332,83,'2016-10-31 08:16:57','2016-10-31 14:51:45','---\n- 35\n- 36\n- 8\n- 4\n',66,89,'TalkCompetition::Recruit'),(1333,85,'2016-10-31 08:16:57','2016-10-31 14:52:31','---\n- 34\n- 38\n- 9\n- 4\n',67,89,'TalkCompetition::Recruit'),(1334,88,'2016-10-31 08:16:57','2016-10-31 14:52:30','---\n- 34\n- 39\n- 10\n- 5\n',69,89,'TalkCompetition::Recruit'),(1335,88,'2016-10-31 08:16:57','2016-10-31 15:04:33','---\n- 36\n- 37\n- 10\n- 5\n',74,89,'TalkCompetition::Recruit'),(1336,81,'2016-10-31 08:16:57','2016-10-31 15:36:32','---\n- 35\n- 36\n- 7\n- 3\n',75,89,'TalkCompetition::Recruit'),(1337,85,'2016-10-31 08:16:57','2016-10-31 14:55:08','---\n- 36\n- 37\n- 8\n- 4\n',76,89,'TalkCompetition::Recruit'),(1338,94,'2016-10-31 08:16:57','2016-10-31 16:01:12','---\n- 38\n- 43\n- 9\n- 4\n',77,89,'TalkCompetition::Recruit'),(1339,NULL,'2016-10-31 08:16:57','2016-10-31 08:16:57',NULL,78,89,'TalkCompetition::Recruit'),(1340,84,'2016-10-31 08:16:57','2016-10-31 13:58:10','---\n- 36\n- 36\n- 8\n- 4\n',54,90,'TalkCompetition::Recruit'),(1341,89,'2016-10-31 08:16:57','2016-10-31 13:43:28','---\n- 35\n- 40\n- 10\n- 4\n',64,90,'TalkCompetition::Recruit'),(1342,78,'2016-10-31 08:16:57','2016-10-31 13:58:25','---\n- 30\n- 38\n- 6\n- 4\n',66,90,'TalkCompetition::Recruit'),(1343,86,'2016-10-31 08:16:57','2016-10-31 13:20:04','---\n- 34\n- 39\n- 9\n- 4\n',67,90,'TalkCompetition::Recruit'),(1344,90,'2016-10-31 08:16:57','2016-10-31 13:20:24','---\n- 35\n- 40\n- 10\n- 5\n',69,90,'TalkCompetition::Recruit'),(1345,82,'2016-10-31 08:16:57','2016-10-31 13:19:33','---\n- 32\n- 36\n- 10\n- 4\n',74,90,'TalkCompetition::Recruit'),(1346,86,'2016-10-31 08:16:57','2016-10-31 15:34:30','---\n- 35\n- 38\n- 9\n- 4\n',75,90,'TalkCompetition::Recruit'),(1347,90,'2016-10-31 08:16:57','2016-10-31 14:18:38','---\n- 37\n- 40\n- 9\n- 4\n',76,90,'TalkCompetition::Recruit'),(1348,97,'2016-10-31 08:16:57','2016-10-31 15:43:39','---\n- 37\n- 45\n- 10\n- 5\n',77,90,'TalkCompetition::Recruit'),(1349,NULL,'2016-10-31 08:16:57','2016-10-31 08:16:57',NULL,78,90,'TalkCompetition::Recruit'),(1350,96,'2016-10-31 08:16:57','2016-10-31 14:14:24','---\n- 39\n- 43\n- 9\n- 5\n',54,91,'TalkCompetition::Recruit'),(1351,96,'2016-10-31 08:16:57','2016-10-31 15:34:37','---\n- 39\n- 43\n- 9\n- 5\n',64,91,'TalkCompetition::Recruit'),(1352,93,'2016-10-31 08:16:57','2016-10-31 14:17:26','---\n- 38\n- 42\n- 9\n- 4\n',66,91,'TalkCompetition::Recruit'),(1353,91,'2016-10-31 08:16:57','2016-10-31 14:12:42','---\n- 37\n- 41\n- 9\n- 4\n',67,91,'TalkCompetition::Recruit'),(1354,93,'2016-10-31 08:16:57','2016-10-31 14:14:14','---\n- 37\n- 42\n- 9\n- 5\n',69,91,'TalkCompetition::Recruit'),(1355,80,'2016-10-31 08:16:57','2016-10-31 14:11:54','---\n- 33\n- 36\n- 7\n- 4\n',74,91,'TalkCompetition::Recruit'),(1356,93,'2016-10-31 08:16:57','2016-10-31 15:35:28','---\n- 38\n- 42\n- 9\n- 4\n',75,91,'TalkCompetition::Recruit'),(1357,91,'2016-10-31 08:16:57','2016-10-31 14:19:48','---\n- 38\n- 40\n- 9\n- 4\n',76,91,'TalkCompetition::Recruit'),(1358,92,'2016-10-31 08:16:57','2016-10-31 16:00:07','---\n- 36\n- 43\n- 9\n- 4\n',77,91,'TalkCompetition::Recruit'),(1359,NULL,'2016-10-31 08:16:57','2016-10-31 08:16:57',NULL,78,91,'TalkCompetition::Recruit'),(1360,92,'2016-10-31 08:16:57','2016-10-31 14:22:50','---\n- 39\n- 40\n- 9\n- 4\n',54,92,'TalkCompetition::Recruit'),(1361,95,'2016-10-31 08:16:57','2016-10-31 13:42:30','---\n- 39\n- 42\n- 10\n- 4\n',64,92,'TalkCompetition::Recruit'),(1362,85,'2016-10-31 08:16:58','2016-10-31 13:57:22','---\n- 35\n- 38\n- 8\n- 4\n',66,92,'TalkCompetition::Recruit'),(1363,84,'2016-10-31 08:16:58','2016-10-31 12:59:22','---\n- 33\n- 39\n- 9\n- 3\n',67,92,'TalkCompetition::Recruit'),(1364,88,'2016-10-31 08:16:58','2016-10-31 13:09:08','---\n- 35\n- 39\n- 10\n- 4\n',69,92,'TalkCompetition::Recruit'),(1365,90,'2016-10-31 08:16:58','2016-10-31 12:54:35','---\n- 37\n- 40\n- 9\n- 4\n',74,92,'TalkCompetition::Recruit'),(1366,90,'2016-10-31 08:16:58','2016-10-31 15:34:06','---\n- 37\n- 41\n- 8\n- 4\n',75,92,'TalkCompetition::Recruit'),(1367,85,'2016-10-31 08:16:58','2016-10-31 14:18:06','---\n- 36\n- 37\n- 8\n- 4\n',76,92,'TalkCompetition::Recruit'),(1368,91,'2016-10-31 08:16:58','2016-10-31 15:43:04','---\n- 36\n- 42\n- 9\n- 4\n',77,92,'TalkCompetition::Recruit'),(1369,NULL,'2016-10-31 08:16:58','2016-10-31 08:16:58',NULL,78,92,'TalkCompetition::Recruit'),(1370,98,'2016-10-31 08:16:58','2016-10-31 15:35:15','---\n- 40\n- 43\n- 10\n- 5\n',54,93,'TalkCompetition::Recruit'),(1371,96,'2016-10-31 08:16:58','2016-10-31 16:00:49','---\n- 38\n- 44\n- 10\n- 4\n',64,93,'TalkCompetition::Recruit'),(1372,94,'2016-10-31 08:16:58','2016-10-31 15:26:13','---\n- 38\n- 43\n- 9\n- 4\n',66,93,'TalkCompetition::Recruit'),(1373,95,'2016-10-31 08:16:58','2016-10-31 15:20:19','---\n- 38\n- 43\n- 10\n- 4\n',67,93,'TalkCompetition::Recruit'),(1374,97,'2016-10-31 08:16:58','2016-10-31 15:32:17','---\n- 39\n- 43\n- 10\n- 5\n',69,93,'TalkCompetition::Recruit'),(1375,94,'2016-10-31 08:16:58','2016-10-31 15:30:06','---\n- 38\n- 43\n- 9\n- 4\n',74,93,'TalkCompetition::Recruit'),(1376,92,'2016-10-31 08:16:58','2016-10-31 15:37:06','---\n- 38\n- 42\n- 8\n- 4\n',75,93,'TalkCompetition::Recruit'),(1377,92,'2016-10-31 08:16:58','2016-10-31 15:31:32','---\n- 38\n- 41\n- 9\n- 4\n',76,93,'TalkCompetition::Recruit'),(1378,97,'2016-10-31 08:16:58','2016-10-31 16:01:52','---\n- 39\n- 44\n- 10\n- 4\n',77,93,'TalkCompetition::Recruit'),(1379,NULL,'2016-10-31 08:16:58','2016-10-31 08:16:58',NULL,78,93,'TalkCompetition::Recruit'),(1380,91,'2016-10-31 08:16:58','2016-10-31 14:30:03','---\n- 38\n- 40\n- 9\n- 4\n',54,94,'TalkCompetition::Recruit'),(1381,81,'2016-10-31 08:16:58','2016-10-31 15:35:55','---\n- 36\n- 32\n- 9\n- 4\n',64,94,'TalkCompetition::Recruit'),(1382,83,'2016-10-31 08:16:58','2016-10-31 14:29:11','---\n- 33\n- 38\n- 8\n- 4\n',66,94,'TalkCompetition::Recruit'),(1383,86,'2016-10-31 08:16:58','2016-10-31 14:37:27','---\n- 35\n- 39\n- 9\n- 3\n',67,94,'TalkCompetition::Recruit'),(1384,89,'2016-10-31 08:16:58','2016-10-31 14:36:54','---\n- 35\n- 39\n- 10\n- 5\n',69,94,'TalkCompetition::Recruit'),(1385,81,'2016-10-31 08:16:58','2016-10-31 14:30:39','---\n- 34\n- 35\n- 8\n- 4\n',74,94,'TalkCompetition::Recruit'),(1386,86,'2016-10-31 08:16:58','2016-10-31 15:36:11','---\n- 36\n- 38\n- 8\n- 4\n',75,94,'TalkCompetition::Recruit'),(1387,86,'2016-10-31 08:16:58','2016-10-31 14:33:20','---\n- 36\n- 38\n- 8\n- 4\n',76,94,'TalkCompetition::Recruit'),(1388,95,'2016-10-31 08:16:58','2016-10-31 16:00:59','---\n- 38\n- 43\n- 10\n- 4\n',77,94,'TalkCompetition::Recruit'),(1389,NULL,'2016-10-31 08:16:58','2016-10-31 08:16:58',NULL,78,94,'TalkCompetition::Recruit'),(1390,92,'2016-10-31 08:16:58','2016-10-31 15:34:04','---\n- 39\n- 40\n- 9\n- 4\n',54,95,'TalkCompetition::Recruit'),(1391,83,'2016-10-31 08:16:58','2016-10-31 15:36:51','---\n- 35\n- 35\n- 9\n- 4\n',64,95,'TalkCompetition::Recruit'),(1392,83,'2016-10-31 08:16:58','2016-10-31 15:14:25','---\n- 35\n- 36\n- 8\n- 4\n',66,95,'TalkCompetition::Recruit'),(1393,88,'2016-10-31 08:16:59','2016-10-31 15:12:03','---\n- 35\n- 40\n- 9\n- 4\n',67,95,'TalkCompetition::Recruit'),(1394,91,'2016-10-31 08:16:59','2016-10-31 15:15:11','---\n- 36\n- 41\n- 10\n- 4\n',69,95,'TalkCompetition::Recruit'),(1395,93,'2016-10-31 08:16:59','2016-10-31 15:05:26','---\n- 37\n- 43\n- 9\n- 4\n',74,95,'TalkCompetition::Recruit'),(1396,90,'2016-10-31 08:16:59','2016-10-31 15:36:51','---\n- 37\n- 41\n- 8\n- 4\n',75,95,'TalkCompetition::Recruit'),(1397,91,'2016-10-31 08:16:59','2016-10-31 15:10:12','---\n- 37\n- 41\n- 9\n- 4\n',76,95,'TalkCompetition::Recruit'),(1398,93,'2016-10-31 08:16:59','2016-10-31 16:01:27','---\n- 36\n- 43\n- 10\n- 4\n',77,95,'TalkCompetition::Recruit'),(1399,NULL,'2016-10-31 08:16:59','2016-10-31 08:16:59',NULL,78,95,'TalkCompetition::Recruit'),(1400,93,'2016-10-31 08:16:59','2016-10-31 14:00:20','---\n- 39\n- 41\n- 9\n- 4\n',54,96,'TalkCompetition::Recruit'),(1401,91,'2016-10-31 08:16:59','2016-10-31 15:35:09','---\n- 36\n- 42\n- 9\n- 4\n',64,96,'TalkCompetition::Recruit'),(1402,88,'2016-10-31 08:16:59','2016-10-31 15:25:14','---\n- 38\n- 38\n- 8\n- 4\n',66,96,'TalkCompetition::Recruit'),(1403,89,'2016-10-31 08:16:59','2016-10-31 13:51:45','---\n- 36\n- 40\n- 9\n- 4\n',67,96,'TalkCompetition::Recruit'),(1404,92,'2016-10-31 08:16:59','2016-10-31 13:57:01','---\n- 37\n- 40\n- 10\n- 5\n',69,96,'TalkCompetition::Recruit'),(1405,91,'2016-10-31 08:16:59','2016-10-31 13:55:51','---\n- 36\n- 41\n- 9\n- 5\n',74,96,'TalkCompetition::Recruit'),(1406,88,'2016-10-31 08:16:59','2016-10-31 15:35:51','---\n- 36\n- 40\n- 8\n- 4\n',75,96,'TalkCompetition::Recruit'),(1407,90,'2016-10-31 08:16:59','2016-10-31 14:20:23','---\n- 38\n- 39\n- 9\n- 4\n',76,96,'TalkCompetition::Recruit'),(1408,93,'2016-10-31 08:16:59','2016-10-31 16:00:28','---\n- 37\n- 43\n- 9\n- 4\n',77,96,'TalkCompetition::Recruit'),(1409,NULL,'2016-10-31 08:16:59','2016-10-31 08:16:59',NULL,78,96,'TalkCompetition::Recruit'),(1410,92,'2016-10-31 08:16:59','2016-10-31 13:59:09','---\n- 40\n- 39\n- 9\n- 4\n',54,97,'TalkCompetition::Recruit'),(1411,92,'2016-10-31 08:16:59','2016-10-31 13:44:19','---\n- 35\n- 42\n- 10\n- 5\n',64,97,'TalkCompetition::Recruit'),(1412,87,'2016-10-31 08:16:59','2016-10-31 13:59:15','---\n- 35\n- 40\n- 8\n- 4\n',66,97,'TalkCompetition::Recruit'),(1413,90,'2016-10-31 08:16:59','2016-10-31 13:38:22','---\n- 37\n- 40\n- 9\n- 4\n',67,97,'TalkCompetition::Recruit'),(1414,93,'2016-10-31 08:16:59','2016-10-31 13:38:17','---\n- 37\n- 41\n- 10\n- 5\n',69,97,'TalkCompetition::Recruit'),(1415,89,'2016-10-31 08:16:59','2016-10-31 13:37:48','---\n- 37\n- 39\n- 9\n- 4\n',74,97,'TalkCompetition::Recruit'),(1416,87,'2016-10-31 08:16:59','2016-10-31 15:35:10','---\n- 35\n- 39\n- 9\n- 4\n',75,97,'TalkCompetition::Recruit'),(1417,87,'2016-10-31 08:16:59','2016-10-31 14:19:22','---\n- 37\n- 38\n- 8\n- 4\n',76,97,'TalkCompetition::Recruit'),(1418,92,'2016-10-31 08:16:59','2016-10-31 15:44:10','---\n- 36\n- 43\n- 9\n- 4\n',77,97,'TalkCompetition::Recruit'),(1419,NULL,'2016-10-31 08:16:59','2016-10-31 08:16:59',NULL,78,97,'TalkCompetition::Recruit');
/*!40000 ALTER TABLE `marks` ENABLE KEYS */;
UNLOCK TABLES;

--
-- Table structure for table `media`
--

DROP TABLE IF EXISTS `media`;
/*!40101 SET @saved_cs_client     = @@character_set_client */;
/*!40101 SET character_set_client = utf8 */;
CREATE TABLE `media` (
  `id` int(11) NOT NULL AUTO_INCREMENT,
  `type` varchar(255) COLLATE utf8_unicode_ci DEFAULT NULL,
  `media_type` varchar(255) COLLATE utf8_unicode_ci DEFAULT NULL,
  `mediaable_id` int(11) DEFAULT NULL,
  `mediaable_type` varchar(255) COLLATE utf8_unicode_ci DEFAULT NULL,
  `file_file_name` varchar(255) COLLATE utf8_unicode_ci DEFAULT NULL,
  `file_content_type` varchar(255) COLLATE utf8_unicode_ci DEFAULT NULL,
  `file_file_size` int(11) DEFAULT NULL,
  `file_updated_at` datetime DEFAULT NULL,
  `created_at` datetime NOT NULL,
  `updated_at` datetime NOT NULL,
  PRIMARY KEY (`id`),
  KEY `index_media_on_mediaable_type_and_mediaable_id` (`mediaable_type`,`mediaable_id`)
) ENGINE=InnoDB AUTO_INCREMENT=45 DEFAULT CHARSET=utf8 COLLATE=utf8_unicode_ci;
/*!40101 SET character_set_client = @saved_cs_client */;

--
-- Dumping data for table `media`
--

LOCK TABLES `media` WRITE;
/*!40000 ALTER TABLE `media` DISABLE KEYS */;
INSERT INTO `media` VALUES (2,NULL,'media',43,'InfoCompetition::Opus','（上传）讲解视频.mp4','video/mp4',46177705,'2016-08-01 09:26:34','2016-08-01 09:26:35','2016-08-24 14:55:45'),(4,NULL,'media',42,'InfoCompetition::Opus','讲解视频.mp4','video/mp4',50918733,'2016-08-02 09:21:51','2016-08-02 09:21:52','2016-08-24 14:55:34'),(6,NULL,'media',41,'InfoCompetition::Opus','平面加工的数控铣削工艺编制－2016上海市信息化教学比赛之教学设计（高清格式）.mp4','video/mp4',84604363,'2016-08-03 05:49:16','2016-08-03 05:49:19','2016-08-24 14:55:12'),(7,NULL,'media',49,'InfoCompetition::Opus','《刑事案件侦查》信息化教学讲解视频.mp4','video/mp4',236007015,'2016-08-03 07:39:50','2016-08-03 07:40:03','2016-08-24 14:57:59'),(8,NULL,'media',53,'InfoCompetition::Opus','MP4.mp4','video/mp4',115344235,'2016-08-03 11:04:22','2016-08-03 11:04:28','2016-08-24 15:03:06'),(9,NULL,'media',48,'InfoCompetition::Opus','Project.mp4','video/mp4',120286393,'2016-08-04 16:07:55','2016-08-04 16:08:00','2016-08-24 14:57:19'),(11,NULL,'media',39,'InfoCompetition::Opus','信息化教学设计视频.mp4','video/mp4',21783237,'2016-08-05 13:07:39','2016-08-05 13:07:40','2016-08-24 14:54:44'),(12,NULL,'media',11,'InfoCompetition::Opus','正稿.mp4','video/mp4',275300874,'2016-08-06 06:34:57','2016-08-06 06:35:10','2016-08-06 06:35:10'),(13,NULL,'media',12,'InfoCompetition::Opus','机动车路口让行规则解析视频.mp4','video/mp4',313250178,'2016-08-07 13:27:09','2016-08-07 13:27:26','2016-08-07 13:27:26'),(15,NULL,'media',14,'InfoCompetition::Opus','信息化课堂教学比赛-认识印制电路板视频-朱晓玲.mp4','video/mp4',288741092,'2016-08-08 07:25:20','2016-08-08 07:25:35','2016-08-08 07:25:35'),(17,NULL,'media',16,'InfoCompetition::Opus','讲课.mp4','video/mp4',214288589,'2016-08-08 08:22:29','2016-08-08 08:22:40','2016-08-08 08:22:40'),(18,NULL,'media',18,'InfoCompetition::Opus','C_C08程控交换机主控框配置-张婷.mp4','video/mp4',149341394,'2016-08-08 10:12:20','2016-08-08 10:12:27','2016-08-08 10:12:27'),(19,NULL,'media',13,'InfoCompetition::Opus','机动车路口让行规则解析视频.mp4','video/mp4',199610358,'2016-08-08 13:11:32','2016-08-08 13:11:42','2016-08-08 13:11:42'),(20,NULL,'media',19,'InfoCompetition::Opus','演讲视频.mp4','video/mp4',100463454,'2016-08-09 02:05:07','2016-08-09 02:05:12','2016-08-09 02:05:12'),(21,NULL,'media',38,'InfoCompetition::Opus','演讲视频.mp4','video/mp4',100463454,'2016-08-09 02:09:57','2016-08-09 02:10:03','2016-08-24 14:54:34'),(24,NULL,'media',44,'InfoCompetition::Opus','java程序设计基础.mp4','video/mp4',28173372,'2016-08-09 07:53:36','2016-08-09 07:53:37','2016-08-24 14:56:02'),(25,NULL,'media',22,'InfoCompetition::Opus','三相异步电机启动控制线路.mp4','video/mp4',173039839,'2016-08-09 11:28:01','2016-08-09 11:28:12','2016-08-09 11:28:12'),(26,NULL,'media',37,'InfoCompetition::Opus','将新媒体技术引入课堂的教学探索.mp4','video/mp4',103755283,'2016-08-09 13:06:36','2016-08-09 13:06:41','2016-08-24 14:54:19'),(27,NULL,'media',33,'InfoCompetition::Opus','DSCF0161_1.mp4','video/mp4',95636548,'2016-08-09 13:17:29','2016-08-09 13:17:36','2016-08-24 04:38:25'),(28,NULL,'media',52,'InfoCompetition::Opus','20160806乘务英语口语教学设计说课（重新压缩）.mp4','video/mp4',93797104,'2016-08-09 13:43:50','2016-08-09 13:43:53','2016-08-24 15:01:19'),(29,NULL,'media',25,'InfoCompetition::Opus','感知世界-传感器在物联网中的应用.mp4','video/mp4',257986364,'2016-08-09 15:20:21','2016-08-09 15:20:34','2016-08-09 15:20:34'),(30,NULL,'media',35,'InfoCompetition::Opus','灯光技术基础_吴鑫婧.mp4','video/mp4',80910782,'2016-08-09 18:30:06','2016-08-09 18:30:09','2016-08-24 14:52:10'),(31,NULL,'media',40,'InfoCompetition::Opus','信息化教学设计比赛_数控机床控制系统装调.mp4','video/mp4',58979779,'2016-08-10 05:02:02','2016-08-10 05:02:04','2016-08-24 14:55:00'),(32,NULL,'media',46,'InfoCompetition::Opus','《认识视频监控系统》信息化教学设计.mp4','video/mp4',22121509,'2016-08-10 06:57:14','2016-08-10 06:57:15','2016-08-24 14:56:37'),(33,NULL,'media',45,'InfoCompetition::Opus','2016年高等职业院校信息化教学大赛-讲解视频.mp4','video/mp4',91477908,'2016-08-10 07:08:31','2016-08-10 07:08:35','2016-08-24 14:56:24'),(34,NULL,'media',47,'InfoCompetition::Opus','16.mp4','video/mp4',99154167,'2016-08-10 08:56:43','2016-08-10 08:56:46','2016-08-24 14:57:08'),(35,NULL,'media',55,'InfoCompetition::Opus','视频内容.mp4','video/mp4',270575695,'2016-08-10 13:29:34','2016-08-10 13:29:47','2016-08-24 15:03:54'),(40,NULL,'media',32,'InfoCompetition::Opus','机电系王瑾.mp4','video/mp4',79198243,'2016-08-20 10:00:40','2016-08-20 10:00:52','2016-08-20 10:00:52'),(41,NULL,'media',36,'InfoCompetition::Opus','信息化教学设计视频.mp4','video/mp4',114237722,'2016-08-21 22:43:57','2016-08-21 22:44:04','2016-08-24 14:54:08'),(42,NULL,'media',57,'InfoCompetition::Opus','2016信息化实训教学竞赛.mp4','video/mp4',100594357,'2016-08-25 18:18:19','2016-08-25 18:18:26','2016-08-26 08:10:42'),(43,NULL,'media',58,'InfoCompetition::Opus','知识导航1_2.mp4','video/mp4',3921303,'2016-08-26 08:13:04','2016-08-26 08:13:09','2016-08-26 08:13:09'),(44,NULL,'media',5,'InfoCompetition::Opus','信息化课堂教学.mp4','video/mp4',362327865,'2016-09-28 16:43:48','2016-09-28 16:44:05','2016-09-28 16:44:05');
/*!40000 ALTER TABLE `media` ENABLE KEYS */;
UNLOCK TABLES;

--
-- Table structure for table `news`
--

DROP TABLE IF EXISTS `news`;
/*!40101 SET @saved_cs_client     = @@character_set_client */;
/*!40101 SET character_set_client = utf8 */;
CREATE TABLE `news` (
  `id` int(11) NOT NULL AUTO_INCREMENT,
  `title` varchar(255) COLLATE utf8_unicode_ci DEFAULT NULL,
  `content` text COLLATE utf8_unicode_ci,
  `activity_id` int(11) DEFAULT NULL,
  `created_at` datetime NOT NULL,
  `updated_at` datetime NOT NULL,
  `summary` text COLLATE utf8_unicode_ci,
  PRIMARY KEY (`id`),
  KEY `index_news_on_activity_id` (`activity_id`)
) ENGINE=InnoDB AUTO_INCREMENT=2 DEFAULT CHARSET=utf8 COLLATE=utf8_unicode_ci;
/*!40101 SET character_set_client = @saved_cs_client */;

--
-- Dumping data for table `news`
--

LOCK TABLES `news` WRITE;
/*!40000 ALTER TABLE `news` DISABLE KEYS */;
INSERT INTO `news` VALUES (1,'asdfasfas',NULL,1,'2016-07-06 13:06:46','2016-07-06 13:06:46','fasdfasdf');
/*!40000 ALTER TABLE `news` ENABLE KEYS */;
UNLOCK TABLES;

--
-- Table structure for table `opus`
--

DROP TABLE IF EXISTS `opus`;
/*!40101 SET @saved_cs_client     = @@character_set_client */;
/*!40101 SET character_set_client = utf8 */;
CREATE TABLE `opus` (
  `id` int(11) NOT NULL AUTO_INCREMENT,
  `name` varchar(255) COLLATE utf8_unicode_ci DEFAULT NULL,
  `created_at` datetime NOT NULL,
  `updated_at` datetime NOT NULL,
  PRIMARY KEY (`id`)
) ENGINE=InnoDB DEFAULT CHARSET=utf8 COLLATE=utf8_unicode_ci;
/*!40101 SET character_set_client = @saved_cs_client */;

--
-- Dumping data for table `opus`
--

LOCK TABLES `opus` WRITE;
/*!40000 ALTER TABLE `opus` DISABLE KEYS */;
/*!40000 ALTER TABLE `opus` ENABLE KEYS */;
UNLOCK TABLES;

--
-- Table structure for table `papers`
--

DROP TABLE IF EXISTS `papers`;
/*!40101 SET @saved_cs_client     = @@character_set_client */;
/*!40101 SET character_set_client = utf8 */;
CREATE TABLE `papers` (
  `id` int(11) NOT NULL AUTO_INCREMENT,
  `type` varchar(255) COLLATE utf8_unicode_ci DEFAULT NULL,
  `paper_type` varchar(255) COLLATE utf8_unicode_ci DEFAULT NULL,
  `paperable_id` int(11) DEFAULT NULL,
  `paperable_type` varchar(255) COLLATE utf8_unicode_ci DEFAULT NULL,
  `file_file_name` varchar(255) COLLATE utf8_unicode_ci DEFAULT NULL,
  `file_content_type` varchar(255) COLLATE utf8_unicode_ci DEFAULT NULL,
  `file_file_size` int(11) DEFAULT NULL,
  `file_updated_at` datetime DEFAULT NULL,
  `created_at` datetime NOT NULL,
  `updated_at` datetime NOT NULL,
  PRIMARY KEY (`id`),
  KEY `index_papers_on_paperable_type_and_paperable_id` (`paperable_type`,`paperable_id`)
) ENGINE=InnoDB AUTO_INCREMENT=256 DEFAULT CHARSET=utf8 COLLATE=utf8_unicode_ci;
/*!40101 SET character_set_client = @saved_cs_client */;

--
-- Dumping data for table `papers`
--

LOCK TABLES `papers` WRITE;
/*!40000 ALTER TABLE `papers` DISABLE KEYS */;
INSERT INTO `papers` VALUES (5,NULL,'paper',1,'Bulletin','2016年上海市高等职业院校信息化教学大赛方案(1).pdf','application/pdf',1036137,'2016-07-07 23:17:09','2016-07-07 23:17:09','2016-07-07 23:23:44'),(6,NULL,'paper',2,'Bulletin','2016年上海市高职教师教学电子信息大类教师说课比赛方案(1).pdf','application/pdf',436775,'2016-07-07 23:17:38','2016-07-07 23:17:38','2016-07-07 23:22:40'),(17,NULL,'note',1,'InfoCompetition::Opus','大唐邦彦2016年宣传手册.pdf','application/pdf',8117230,'2016-07-18 14:54:21','2016-07-18 14:54:21','2016-07-18 14:54:21'),(19,NULL,'ppt',43,'InfoCompetition::Opus','（上传）讲解稿PPT.pdf','application/pdf',2875876,'2016-08-01 09:26:34','2016-08-01 09:26:35','2016-08-24 14:55:45'),(20,NULL,'note',43,'InfoCompetition::Opus','（上传）讲解稿Word.pdf','application/pdf',320291,'2016-08-01 09:26:34','2016-08-01 09:26:35','2016-08-24 14:55:45'),(21,NULL,'plan',43,'InfoCompetition::Opus','（上传）教案.pdf','application/pdf',544314,'2016-08-01 09:26:34','2016-08-01 09:26:35','2016-08-24 14:55:45'),(22,NULL,'ppt',53,'InfoCompetition::Opus','PPT.pdf','application/pdf',1012558,'2016-08-02 07:16:54','2016-08-02 07:16:58','2016-08-24 15:03:06'),(23,NULL,'note',53,'InfoCompetition::Opus','说课稿.pdf','application/pdf',257195,'2016-08-02 07:16:54','2016-08-02 07:16:58','2016-08-24 15:03:06'),(24,NULL,'plan',53,'InfoCompetition::Opus','教案.pdf','application/pdf',269068,'2016-08-02 07:16:54','2016-08-02 07:16:58','2016-08-24 15:03:06'),(25,NULL,'ppt',42,'InfoCompetition::Opus','讲解PPT.pdf','application/pdf',3055367,'2016-08-02 09:21:51','2016-08-02 09:21:52','2016-08-24 14:55:34'),(26,NULL,'note',42,'InfoCompetition::Opus','讲解稿.pdf','application/pdf',199347,'2016-08-02 09:21:52','2016-08-02 09:21:52','2016-08-24 14:55:34'),(27,NULL,'plan',42,'InfoCompetition::Opus','教案.pdf','application/pdf',567911,'2016-08-02 09:21:51','2016-08-02 09:21:52','2016-08-24 14:55:34'),(29,NULL,'note',5,'InfoCompetition::Opus','数码摄影艺术——袁佳瑞（讲解稿）.pdf','application/pdf',95292,'2016-08-03 03:53:55','2016-08-03 03:54:05','2016-08-03 03:54:05'),(30,NULL,'plan',5,'InfoCompetition::Opus','数码摄影艺术——袁佳瑞（教案）.pdf','application/pdf',216215,'2016-08-03 03:53:54','2016-08-03 03:54:05','2016-08-03 03:54:05'),(31,NULL,'ppt',41,'InfoCompetition::Opus','PPT5__只读_.pdf','application/pdf',1306515,'2016-08-03 05:49:17','2016-08-03 05:49:19','2016-08-24 14:55:12'),(32,NULL,'note',41,'InfoCompetition::Opus','关于《平面加工的数控铣削工艺编制》的说课稿.pdf','application/pdf',123715,'2016-08-03 05:49:17','2016-08-03 05:49:19','2016-08-24 14:55:12'),(33,NULL,'plan',41,'InfoCompetition::Opus','平面加工的数控铣削工艺编制－教案第二版.pdf','application/pdf',158466,'2016-08-03 05:49:17','2016-08-03 05:49:19','2016-08-24 14:55:12'),(34,NULL,'ppt',49,'InfoCompetition::Opus','改-《刑事案件侦查》0729.pdf','application/pdf',1889537,'2016-08-03 07:39:59','2016-08-03 07:40:03','2016-08-24 14:57:59'),(35,NULL,'note',49,'InfoCompetition::Opus','《刑事案件侦查》讲解稿.pdf','application/pdf',147052,'2016-08-03 07:39:59','2016-08-03 07:40:03','2016-08-24 14:57:59'),(36,NULL,'plan',49,'InfoCompetition::Opus','《刑事案件侦查》教案.pdf','application/pdf',372049,'2016-08-03 07:39:59','2016-08-03 07:40:03','2016-08-24 14:57:59'),(37,NULL,'ppt',48,'InfoCompetition::Opus','张帆教学设计ppt.pdf','application/pdf',762222,'2016-08-04 16:07:57','2016-08-04 16:08:00','2016-08-24 14:57:19'),(38,NULL,'note',48,'InfoCompetition::Opus','课程设计_讲解稿_终版.pdf','application/pdf',562185,'2016-08-04 16:07:57','2016-08-04 16:08:00','2016-08-24 14:57:19'),(39,NULL,'plan',48,'InfoCompetition::Opus','课程设计步骤与详细教案.pdf','application/pdf',256506,'2016-08-04 16:07:57','2016-08-04 16:08:00','2016-08-24 14:57:19'),(40,NULL,'ppt',36,'InfoCompetition::Opus','《声音设计》信息化教学设计演示文稿.pdf','application/pdf',1011394,'2016-08-05 12:24:52','2016-08-05 12:24:54','2016-08-24 14:54:08'),(41,NULL,'note',36,'InfoCompetition::Opus','《声音设计》信息化教学设计说课稿.pdf','application/pdf',231391,'2016-08-05 12:24:52','2016-08-05 12:24:54','2016-08-24 14:54:08'),(42,NULL,'plan',36,'InfoCompetition::Opus','《声音设计》信息化教学设计课程教案.pdf','application/pdf',296751,'2016-08-05 12:24:52','2016-08-05 12:24:54','2016-08-24 14:54:08'),(43,NULL,'ppt',39,'InfoCompetition::Opus','信息化教学设计比赛ppt.pdf','application/pdf',3299054,'2016-08-05 13:07:39','2016-08-05 13:07:40','2016-08-24 14:54:44'),(44,NULL,'note',39,'InfoCompetition::Opus','信息化教学设计讲稿.pdf','application/pdf',234283,'2016-08-05 13:07:39','2016-08-05 13:07:40','2016-08-24 14:54:44'),(45,NULL,'plan',39,'InfoCompetition::Opus','信息化教学设计教案.pdf','application/pdf',524488,'2016-08-05 13:07:39','2016-08-05 13:07:40','2016-08-24 14:54:44'),(46,NULL,'ppt',11,'InfoCompetition::Opus','信息设计大赛.pdf','application/pdf',3443564,'2016-08-06 06:35:05','2016-08-06 06:35:10','2016-08-06 06:35:10'),(47,NULL,'note',11,'InfoCompetition::Opus','信息化教学设计大赛讲解稿.pdf','application/pdf',485680,'2016-08-06 06:35:05','2016-08-06 06:35:10','2016-08-06 06:35:10'),(48,NULL,'plan',11,'InfoCompetition::Opus','信息化教学设计大赛教案.pdf','application/pdf',430344,'2016-08-06 06:35:04','2016-08-06 06:35:10','2016-08-06 06:35:10'),(49,NULL,'ppt',12,'InfoCompetition::Opus','机动车路口让行规则解析PPT.pdf','application/pdf',22746068,'2016-08-07 13:27:19','2016-08-07 13:27:26','2016-08-07 13:27:26'),(50,NULL,'note',12,'InfoCompetition::Opus','机动车路口让行规则解析讲解稿.pdf','application/pdf',103304,'2016-08-07 13:27:20','2016-08-07 13:27:26','2016-08-07 13:27:26'),(51,NULL,'plan',12,'InfoCompetition::Opus','机动车路口让行规则解析教案.pdf','application/pdf',114068,'2016-08-07 13:27:19','2016-08-07 13:27:26','2016-08-07 13:27:26'),(52,NULL,'ppt',13,'InfoCompetition::Opus','机动车路口让行规则解析PPT.pdf','application/pdf',22746068,'2016-08-07 13:29:31','2016-08-07 13:29:38','2016-08-07 13:29:38'),(53,NULL,'note',13,'InfoCompetition::Opus','机动车路口让行规则解析讲解稿.pdf','application/pdf',103304,'2016-08-07 13:29:32','2016-08-07 13:29:38','2016-08-07 13:29:38'),(54,NULL,'plan',13,'InfoCompetition::Opus','机动车路口让行规则解析教案.pdf','application/pdf',114068,'2016-08-07 13:29:31','2016-08-07 13:29:38','2016-08-07 13:29:38'),(55,NULL,'ppt',14,'InfoCompetition::Opus','认识印制电路板1_.pdf','application/pdf',1660753,'2016-08-08 07:25:28','2016-08-08 07:25:35','2016-08-08 07:25:35'),(56,NULL,'note',14,'InfoCompetition::Opus','信息化课堂教学比赛-认识印制电路板讲解稿-朱晓玲.pdf','application/pdf',83479,'2016-08-08 07:25:28','2016-08-08 07:25:35','2016-08-08 07:25:35'),(57,NULL,'plan',14,'InfoCompetition::Opus','信息化课堂教学比赛-认识印制电路板教案-朱晓玲_.pdf','application/pdf',86364,'2016-08-08 07:25:28','2016-08-08 07:25:35','2016-08-08 07:25:35'),(59,NULL,'note',52,'InfoCompetition::Opus','教学设计讲稿.pdf','application/pdf',92580,'2016-08-08 08:01:52','2016-08-08 08:01:54','2016-08-24 15:01:19'),(60,NULL,'plan',52,'InfoCompetition::Opus','教学设计教案.pdf','application/pdf',574632,'2016-08-08 08:01:51','2016-08-08 08:01:54','2016-08-24 15:01:19'),(61,NULL,'ppt',16,'InfoCompetition::Opus','镜头的组接方式与应用PPT.pdf','application/pdf',5616058,'2016-08-08 08:22:34','2016-08-08 08:22:40','2016-08-08 08:22:40'),(62,NULL,'note',16,'InfoCompetition::Opus','《镜头的组接方式与应用》讲解稿.pdf','application/pdf',1574425,'2016-08-08 08:22:34','2016-08-08 08:22:40','2016-08-08 08:22:40'),(63,NULL,'plan',16,'InfoCompetition::Opus','《镜头的组接方式与应用》教案.pdf','application/pdf',267703,'2016-08-08 08:22:34','2016-08-08 08:22:40','2016-08-08 08:22:40'),(64,NULL,'ppt',18,'InfoCompetition::Opus','教学课堂比赛PPT.pdf','application/pdf',1546095,'2016-08-08 10:12:24','2016-08-08 10:12:27','2016-08-08 10:12:27'),(65,NULL,'note',18,'InfoCompetition::Opus','教学课堂比赛讲稿.pdf','application/pdf',833137,'2016-08-08 10:12:24','2016-08-08 10:12:27','2016-08-08 10:12:27'),(66,NULL,'plan',18,'InfoCompetition::Opus','教学课堂设计教案.pdf','application/pdf',118876,'2016-08-08 10:12:24','2016-08-08 10:12:27','2016-08-08 10:12:27'),(67,NULL,'ppt',19,'InfoCompetition::Opus','ppt招贴设计信息化教学设计.pdf','application/pdf',5178072,'2016-08-09 02:05:10','2016-08-09 02:05:12','2016-08-09 02:05:12'),(68,NULL,'note',19,'InfoCompetition::Opus','招贴设计_说课稿.pdf','application/pdf',101784,'2016-08-09 02:05:10','2016-08-09 02:05:12','2016-08-09 02:05:12'),(69,NULL,'plan',19,'InfoCompetition::Opus','《招贴设计》信息化教案.pdf','application/pdf',1070159,'2016-08-09 02:05:09','2016-08-09 02:05:12','2016-08-09 02:05:12'),(70,NULL,'ppt',38,'InfoCompetition::Opus','ppt招贴设计信息化教学设计.pdf','application/pdf',5178072,'2016-08-09 02:09:59','2016-08-09 02:10:03','2016-08-24 14:54:34'),(71,NULL,'note',38,'InfoCompetition::Opus','招贴设计_说课稿.pdf','application/pdf',101784,'2016-08-09 02:09:59','2016-08-09 02:10:03','2016-08-24 14:54:34'),(72,NULL,'plan',38,'InfoCompetition::Opus','《招贴设计》信息化教案.pdf','application/pdf',1070159,'2016-08-09 02:09:59','2016-08-09 02:10:03','2016-08-24 14:54:34'),(73,NULL,'ppt',52,'InfoCompetition::Opus','教学设计ppt.pdf','application/pdf',2099337,'2016-08-09 07:23:49','2016-08-09 07:23:49','2016-08-24 15:01:19'),(74,NULL,'ppt',44,'InfoCompetition::Opus','教学设计_《Java程序设计基础》_单元2_面向对象程序设计PPT.pdf','application/pdf',409497,'2016-08-09 07:53:36','2016-08-09 07:53:37','2016-08-24 14:56:02'),(75,NULL,'note',44,'InfoCompetition::Opus','讲解稿.pdf','application/pdf',98569,'2016-08-09 07:53:37','2016-08-09 07:53:37','2016-08-24 14:56:02'),(76,NULL,'plan',44,'InfoCompetition::Opus','教学设计_《Java程序设计基础》_单元2_面向对象程序设计_教案.pdf','application/pdf',246898,'2016-08-09 07:53:36','2016-08-09 07:53:37','2016-08-24 14:56:02'),(77,NULL,'ppt',22,'InfoCompetition::Opus','信息化竞赛.pdf','application/pdf',1273791,'2016-08-09 11:28:04','2016-08-09 11:28:12','2016-08-09 11:28:12'),(78,NULL,'note',22,'InfoCompetition::Opus','电机与电气控制技术课程说课.pdf','application/pdf',9782739,'2016-08-09 11:28:04','2016-08-09 11:28:12','2016-08-09 11:28:12'),(79,NULL,'plan',22,'InfoCompetition::Opus','教案.pdf','application/pdf',80440,'2016-08-09 11:28:04','2016-08-09 11:28:12','2016-08-09 11:28:12'),(80,NULL,'ppt',37,'InfoCompetition::Opus','教学比武ppt.pdf','application/pdf',11364093,'2016-08-09 13:06:38','2016-08-09 13:06:41','2016-08-24 14:54:19'),(81,NULL,'note',37,'InfoCompetition::Opus','编排设计.pdf','application/pdf',462937,'2016-08-09 13:06:39','2016-08-09 13:06:41','2016-08-24 14:54:19'),(82,NULL,'plan',37,'InfoCompetition::Opus','编排设计.pdf','application/pdf',462937,'2016-08-09 13:06:38','2016-08-09 13:06:41','2016-08-24 14:54:19'),(83,NULL,'ppt',33,'InfoCompetition::Opus','文化产业创意与策划PPT.pdf','application/pdf',1122859,'2016-08-09 13:17:31','2016-08-09 13:17:36','2016-08-24 04:38:25'),(84,NULL,'note',33,'InfoCompetition::Opus','文化产业创意与策划说课稿.pdf','application/pdf',726092,'2016-08-09 13:17:31','2016-08-09 13:17:36','2016-08-24 04:38:25'),(85,NULL,'plan',33,'InfoCompetition::Opus','文化产业创意与策划课件.pdf','application/pdf',796423,'2016-08-09 13:17:31','2016-08-09 13:17:36','2016-08-24 04:38:25'),(86,NULL,'ppt',25,'InfoCompetition::Opus','感知世界-传感器在物联网中的应用--PPT.pdf','application/pdf',877182,'2016-08-09 15:20:27','2016-08-09 15:20:34','2016-08-09 15:20:34'),(87,NULL,'note',25,'InfoCompetition::Opus','感知世界-传感器在物联网中的应用--PPT.pdf','application/pdf',877182,'2016-08-09 15:20:27','2016-08-09 15:20:34','2016-08-09 15:20:34'),(88,NULL,'plan',25,'InfoCompetition::Opus','感知世界-传感器在物联网中的应用--教案.pdf','application/pdf',371365,'2016-08-09 15:20:27','2016-08-09 15:20:34','2016-08-09 15:20:34'),(89,NULL,'ppt',35,'InfoCompetition::Opus','灯光技术基础_信息化教学_吴鑫婧.pdf','application/pdf',5556755,'2016-08-09 18:30:07','2016-08-09 18:30:09','2016-08-24 14:52:10'),(90,NULL,'note',35,'InfoCompetition::Opus','灯光技术基础_吴鑫婧_说课稿.pdf','application/pdf',101549,'2016-08-09 18:30:07','2016-08-09 18:30:09','2016-08-24 14:52:10'),(91,NULL,'plan',35,'InfoCompetition::Opus','灯光技术基础_吴鑫婧_教案.pdf','application/pdf',427315,'2016-08-09 18:30:07','2016-08-09 18:30:09','2016-08-24 14:52:10'),(92,NULL,'ppt',40,'InfoCompetition::Opus','数控机床控制系统装调ppt.pdf','application/pdf',1483265,'2016-08-10 05:02:03','2016-08-10 05:02:04','2016-08-24 14:55:00'),(93,NULL,'note',40,'InfoCompetition::Opus','数控机床控制系统装调说课稿.pdf','application/pdf',207274,'2016-08-10 05:02:03','2016-08-10 05:02:04','2016-08-24 14:55:00'),(94,NULL,'plan',40,'InfoCompetition::Opus','数控机床控制系统装调比赛教案.pdf','application/pdf',433630,'2016-08-10 05:02:03','2016-08-10 05:02:04','2016-08-24 14:55:00'),(95,NULL,'ppt',46,'InfoCompetition::Opus','任务1认识视频监控系统.pdf','application/pdf',825030,'2016-08-10 06:57:14','2016-08-10 06:57:15','2016-08-24 14:56:37'),(96,NULL,'note',46,'InfoCompetition::Opus','说课稿-《安全防范技术》课程信息化应用.pdf','application/pdf',1030533,'2016-08-10 06:57:15','2016-08-10 06:57:15','2016-08-24 14:56:37'),(97,NULL,'plan',46,'InfoCompetition::Opus','教案-任务1__认识视频监控系统.pdf','application/pdf',114100,'2016-08-10 06:57:14','2016-08-10 06:57:15','2016-08-24 14:56:37'),(98,NULL,'ppt',45,'InfoCompetition::Opus','2016年高等职业院校信息化教学大赛-教学设计PPT.pdf','application/pdf',1618904,'2016-08-10 07:08:33','2016-08-10 07:08:35','2016-08-24 14:56:24'),(99,NULL,'note',45,'InfoCompetition::Opus','2016年高等职业院校信息化教学大赛-说课稿.pdf','application/pdf',535466,'2016-08-10 07:08:33','2016-08-10 07:08:35','2016-08-24 14:56:24'),(100,NULL,'plan',45,'InfoCompetition::Opus','2016年高等职业院校信息化教学大赛-教案.pdf','application/pdf',1213328,'2016-08-10 07:08:33','2016-08-10 07:08:35','2016-08-24 14:56:24'),(101,NULL,'ppt',47,'InfoCompetition::Opus','PPT.pdf','application/pdf',594380,'2016-08-10 08:56:44','2016-08-10 08:56:46','2016-08-24 14:57:08'),(102,NULL,'note',47,'InfoCompetition::Opus','演讲稿.pdf','application/pdf',308040,'2016-08-10 08:56:45','2016-08-10 08:56:46','2016-08-24 14:57:08'),(103,NULL,'plan',47,'InfoCompetition::Opus','单元教案.pdf','application/pdf',1300673,'2016-08-10 08:56:44','2016-08-10 08:56:46','2016-08-24 14:57:08'),(104,NULL,'ppt',55,'InfoCompetition::Opus','简易数字电压表的装配与调试项目讲稿.pdf','application/pdf',4156886,'2016-08-10 13:29:41','2016-08-10 13:29:47','2016-08-24 15:03:54'),(105,NULL,'note',55,'InfoCompetition::Opus','简易数字电压表的装配与调试项目讲稿.pdf','application/pdf',4156886,'2016-08-10 13:29:42','2016-08-10 13:29:47','2016-08-24 15:03:54'),(106,NULL,'plan',55,'InfoCompetition::Opus','简易数字电压表的装配与调试教案.pdf','application/pdf',1550120,'2016-08-10 13:29:40','2016-08-10 13:29:47','2016-08-24 15:03:54'),(111,NULL,'ppt',1,'TalkCompetition::Opus','专业英语pdf.pdf','application/pdf',4335945,'2016-08-19 10:45:42','2016-08-19 10:45:44','2016-08-19 10:45:44'),(112,NULL,'note',1,'TalkCompetition::Opus','说课稿.pdf','application/pdf',153278,'2016-08-19 10:45:43','2016-08-19 10:45:44','2016-08-19 10:45:44'),(116,NULL,'ppt',32,'InfoCompetition::Opus','彩灯的控制.pdf','application/pdf',331535,'2016-08-20 10:00:50','2016-08-20 10:00:52','2016-08-20 10:00:52'),(117,NULL,'note',32,'InfoCompetition::Opus','可编程控制器应用说课.pdf','application/pdf',570646,'2016-08-20 10:00:50','2016-08-20 10:00:52','2016-08-20 10:00:52'),(118,NULL,'plan',32,'InfoCompetition::Opus','彩灯闪烁教案.pdf','application/pdf',162478,'2016-08-20 10:00:41','2016-08-20 10:00:52','2016-08-20 10:00:52'),(119,NULL,'ppt',57,'InfoCompetition::Opus','简易数字电压表的装配与调试.pdf','application/pdf',2313498,'2016-08-25 18:18:22','2016-08-25 18:18:26','2016-08-26 08:10:42'),(120,NULL,'note',57,'InfoCompetition::Opus','简易数字电压表的装配与调试--说课稿.pdf','application/pdf',262733,'2016-08-25 18:18:23','2016-08-25 18:18:26','2016-08-26 08:10:42'),(121,NULL,'plan',57,'InfoCompetition::Opus','简易数字电压表的装配与调试--教案.pdf','application/pdf',714719,'2016-08-25 18:18:21','2016-08-25 18:18:26','2016-08-26 08:10:42'),(122,NULL,'ppt',58,'InfoCompetition::Opus','16.pdf','application/pdf',5337740,'2016-08-26 08:13:05','2016-08-26 08:13:09','2016-08-26 08:13:09'),(123,NULL,'note',58,'InfoCompetition::Opus','16.pdf','application/pdf',5337740,'2016-08-26 08:13:07','2016-08-26 08:13:09','2016-08-26 08:13:09'),(124,NULL,'plan',58,'InfoCompetition::Opus','16.pdf','application/pdf',5337740,'2016-08-26 08:13:04','2016-08-26 08:13:09','2016-08-26 08:13:09'),(126,NULL,'note',40,'TalkCompetition::Opus','《程序设计语言JAVA》课程说案.pdf','application/pdf',371097,'2016-08-29 14:25:40','2016-08-29 14:25:41','2016-09-08 08:21:10'),(127,NULL,'ppt',24,'TalkCompetition::Opus','《导游业务》说课(民航学院--金永光）.pdf','application/pdf',3203166,'2016-08-29 16:38:59','2016-08-29 16:39:00','2016-09-06 09:37:18'),(128,NULL,'note',24,'TalkCompetition::Opus','导游业务-上海民航学院金永光.pdf','application/pdf',102651,'2016-08-29 16:39:00','2016-08-29 16:39:00','2016-09-06 09:37:18'),(129,NULL,'ppt',44,'TalkCompetition::Opus','《程序设计基础》.pdf','application/pdf',2520607,'2016-08-29 19:53:32','2016-08-29 19:53:33','2016-09-08 08:21:36'),(130,NULL,'note',44,'TalkCompetition::Opus','《程序设计基础》说课大纲.pdf','application/pdf',300792,'2016-08-29 19:53:33','2016-08-29 19:53:33','2016-09-08 08:21:36'),(131,NULL,'ppt',43,'TalkCompetition::Opus','基层警务信息应用（说课PPT）.pdf','application/pdf',12397905,'2016-08-30 10:03:45','2016-08-30 10:03:48','2016-09-08 08:21:28'),(132,NULL,'note',43,'TalkCompetition::Opus','《基层警务信息应用》说课稿大纲.pdf','application/pdf',238771,'2016-08-30 10:03:47','2016-08-30 10:03:48','2016-09-08 08:21:28'),(133,NULL,'ppt',23,'TalkCompetition::Opus','高级Web程序开发实训说课PPT.pdf','application/pdf',2648192,'2016-08-30 11:15:42','2016-08-30 11:15:44','2016-09-06 09:37:10'),(134,NULL,'note',23,'TalkCompetition::Opus','高级Web程序开发实训说课稿.pdf','application/pdf',107704,'2016-08-30 11:15:43','2016-08-30 11:15:44','2016-09-06 09:37:10'),(135,NULL,'ppt',45,'TalkCompetition::Opus','测量技术Ⅱ说课-周暖.pdf','application/pdf',2760240,'2016-08-30 14:14:47','2016-08-30 14:14:48','2016-09-08 08:22:07'),(136,NULL,'note',45,'TalkCompetition::Opus','测量技术Ⅱ--说课稿.pdf','application/pdf',736194,'2016-08-30 14:14:48','2016-08-30 14:14:48','2016-09-08 08:22:07'),(137,NULL,'ppt',40,'TalkCompetition::Opus','《程序设计语言JAVA》课程说课.pdf','application/pdf',3108555,'2016-08-30 14:41:45','2016-08-30 14:41:46','2016-09-08 08:21:10'),(138,NULL,'ppt',42,'TalkCompetition::Opus','2016_年上海高等职业院校电子信息大类教师说课比赛-东海学院-杨海俊-多媒体课件.pdf','application/pdf',1581559,'2016-08-30 23:43:37','2016-08-30 23:43:38','2016-09-08 08:21:21'),(139,NULL,'note',42,'TalkCompetition::Opus','2016_年上海高等职业院校电子信息大类教师说课比赛-东海学院-杨海俊-说课提纲.pdf','application/pdf',287235,'2016-08-30 23:43:38','2016-08-30 23:43:38','2016-09-08 08:21:21'),(140,NULL,'ppt',39,'TalkCompetition::Opus','说课上交版.pdf','application/pdf',4029848,'2016-08-31 01:38:16','2016-08-31 01:38:18','2016-09-07 13:46:40'),(141,NULL,'note',39,'TalkCompetition::Opus','说课提交稿.pdf','application/pdf',434107,'2016-08-31 01:38:17','2016-08-31 01:38:18','2016-09-07 13:46:40'),(142,NULL,'ppt',46,'TalkCompetition::Opus','《生产与检验III》说课PPT.pdf','application/pdf',2231571,'2016-08-31 16:44:22','2016-08-31 16:44:25','2016-09-08 14:26:43'),(143,NULL,'note',46,'TalkCompetition::Opus','《生产与检验III》说课稿.pdf','application/pdf',272877,'2016-08-31 16:44:24','2016-08-31 16:44:25','2016-09-08 14:26:43'),(144,NULL,'ppt',38,'TalkCompetition::Opus','《电子书设计与制作》说课.pdf','application/pdf',3095000,'2016-08-31 17:05:00','2016-08-31 17:05:00','2016-09-07 13:46:33'),(145,NULL,'note',38,'TalkCompetition::Opus','《电子书设计与制作》说课提纲.pdf','application/pdf',334681,'2016-08-31 17:05:00','2016-08-31 17:05:00','2016-09-07 13:46:33'),(146,NULL,'ppt',37,'TalkCompetition::Opus','陆飞杰说课课件.pdf','application/pdf',3572046,'2016-09-02 15:37:17','2016-09-02 15:37:19','2016-09-07 12:15:13'),(147,NULL,'note',37,'TalkCompetition::Opus','陆飞杰说课提纲.pdf','application/pdf',283877,'2016-09-02 15:37:18','2016-09-02 15:37:19','2016-09-07 12:15:13'),(148,NULL,'ppt',36,'TalkCompetition::Opus','2016酒店英语听说课程说课_1.pdf','application/pdf',2463991,'2016-09-03 19:41:24','2016-09-03 19:41:26','2016-09-07 12:15:04'),(149,NULL,'note',36,'TalkCompetition::Opus','2016酒店英语听说课程说课提纲_2.pdf','application/pdf',110771,'2016-09-03 19:41:25','2016-09-03 19:41:26','2016-09-07 12:15:04'),(150,NULL,'ppt',35,'TalkCompetition::Opus','（李聃）《危险物品管理》说课PPT.pdf','application/pdf',3898790,'2016-09-04 11:28:34','2016-09-04 11:28:37','2016-09-07 12:14:55'),(151,NULL,'note',35,'TalkCompetition::Opus','（李聃）《危险物品管理》说课提纲.pdf','application/pdf',726701,'2016-09-04 11:28:36','2016-09-04 11:28:37','2016-09-07 12:14:55'),(152,NULL,'ppt',33,'TalkCompetition::Opus','IT职场英语2016.pdf','application/pdf',3446536,'2016-09-04 16:20:49','2016-09-04 16:20:51','2016-09-07 12:14:39'),(153,NULL,'note',33,'TalkCompetition::Opus','IT职场英语说课大纲.pdf','application/pdf',221671,'2016-09-04 16:20:50','2016-09-04 16:20:51','2016-09-07 12:14:39'),(154,NULL,'ppt',30,'TalkCompetition::Opus','《病原生物与免疫学》课程整体设计【韩明飞】.pdf','application/pdf',1327897,'2016-09-04 22:12:51','2016-09-04 22:12:53','2016-09-07 12:14:22'),(155,NULL,'note',30,'TalkCompetition::Opus','《病原生物与免疫学》课程整体设计提纲【韩明飞】.pdf','application/pdf',261300,'2016-09-04 22:12:52','2016-09-04 22:12:53','2016-09-07 12:14:22'),(156,NULL,'ppt',27,'TalkCompetition::Opus','说课修改后.pdf','application/pdf',2581696,'2016-09-04 23:55:41','2016-09-04 23:55:43','2016-09-07 12:14:05'),(157,NULL,'note',27,'TalkCompetition::Opus','《广告设计与实务》说课提纲.pdf','application/pdf',71978,'2016-09-04 23:55:43','2016-09-04 23:55:43','2016-09-07 12:14:05'),(158,NULL,'ppt',28,'TalkCompetition::Opus','《综合西班牙语Ⅰ》说课PPT.pdf','application/pdf',3024311,'2016-09-05 09:34:05','2016-09-05 09:34:06','2016-09-07 12:14:10'),(159,NULL,'note',28,'TalkCompetition::Opus','《综合西班牙语Ⅰ》说课提纲.pdf','application/pdf',65141,'2016-09-05 09:34:06','2016-09-05 09:34:06','2016-09-07 12:14:11'),(160,NULL,'ppt',34,'TalkCompetition::Opus','《动物防疫与检疫技术》说课PPT.pdf','application/pdf',3741761,'2016-09-05 09:36:45','2016-09-05 09:36:47','2016-09-07 12:14:45'),(161,NULL,'note',34,'TalkCompetition::Opus','《动物防疫与检疫技术》说课大纲.pdf','application/pdf',352279,'2016-09-05 09:36:46','2016-09-05 09:36:47','2016-09-07 12:14:45'),(162,NULL,'ppt',29,'TalkCompetition::Opus','带视频ppt2016.9.5张静《三维动画》说课.pdf','application/pdf',5875140,'2016-09-05 09:38:55','2016-09-05 09:38:57','2016-09-07 12:14:15'),(163,NULL,'note',29,'TalkCompetition::Opus','09050914166_02016.9.5张静《三维动画》说课提纲.pdf','application/pdf',80752,'2016-09-05 09:38:57','2016-09-05 09:38:57','2016-09-07 12:14:15'),(164,NULL,'ppt',26,'TalkCompetition::Opus','《软装设计制作实训》说课ppt济光唐雁.pdf','application/pdf',2636542,'2016-09-05 11:40:38','2016-09-05 11:40:39','2016-09-07 12:14:00'),(165,NULL,'note',26,'TalkCompetition::Opus','《软装设计制作实训》说课提纲济光唐雁.pdf','application/pdf',105925,'2016-09-05 11:40:39','2016-09-05 11:40:39','2016-09-07 12:14:00'),(166,NULL,'ppt',25,'TalkCompetition::Opus','二维动画制作说课.pdf','application/pdf',1797172,'2016-09-05 12:51:34','2016-09-05 12:51:36','2016-09-07 12:13:55'),(167,NULL,'note',25,'TalkCompetition::Opus','《二维动画制作》说课提纲.pdf','application/pdf',210202,'2016-09-05 12:51:35','2016-09-05 12:51:36','2016-09-07 12:13:55'),(168,NULL,'ppt',7,'TalkCompetition::Opus','说课-周暖.pdf','application/pdf',2462127,'2016-09-08 09:30:27','2016-09-08 09:30:28','2016-09-08 09:30:28'),(169,NULL,'note',7,'TalkCompetition::Opus','说课稿.pdf','application/pdf',554013,'2016-09-08 09:30:28','2016-09-08 09:30:28','2016-09-08 09:30:28'),(170,NULL,'ppt',5,'InfoCompetition::Opus','摄影构图___袁佳瑞.pdf','application/pdf',7549421,'2016-09-28 18:35:25','2016-09-28 18:35:27','2016-09-28 18:35:27'),(171,NULL,'ppt',47,'TalkCompetition::Opus','证件使用申请单.pdf','application/pdf',54626,'2016-10-17 13:36:26','2016-10-17 13:36:26','2016-10-17 13:36:26'),(172,NULL,'note',47,'TalkCompetition::Opus','证件使用申请单.pdf','application/pdf',54626,'2016-10-17 13:36:26','2016-10-17 13:36:26','2016-10-17 13:36:26'),(174,NULL,'paper',8,'Bulletin','2016年上海市高等职业院校教师说课大赛（决赛）.pdf','application/pdf',142711,'2016-10-17 14:55:52','2016-10-17 14:55:53','2016-10-17 14:55:53'),(178,NULL,'ppt',70,'TalkCompetition::Opus','（李聃）《危险物品管理》说课PPT.pdf','application/pdf',4782327,'2016-10-18 11:43:02','2016-10-18 11:43:04','2016-10-31 08:12:17'),(179,NULL,'note',70,'TalkCompetition::Opus','（李聃）《危险物品管理》说课提纲.pdf','application/pdf',726701,'2016-10-18 11:43:03','2016-10-18 11:43:04','2016-10-31 08:12:17'),(180,NULL,'plan',70,'TalkCompetition::Opus','（李聃）《危险物品管理》教学计划安排.pdf','application/pdf',407995,'2016-10-18 11:43:01','2016-10-18 11:43:04','2016-10-31 08:12:17'),(181,NULL,'ppt',66,'TalkCompetition::Opus','2016.10年汽车电器技术竞赛.pdf','application/pdf',4147805,'2016-10-19 09:51:34','2016-10-19 09:51:35','2016-10-24 12:18:02'),(182,NULL,'note',66,'TalkCompetition::Opus','2016.10说课文字稿.pdf','application/pdf',242543,'2016-10-19 09:51:35','2016-10-19 09:51:35','2016-10-24 12:18:02'),(183,NULL,'plan',66,'TalkCompetition::Opus','15级汽检《汽车电器技术》授课计划.pdf','application/pdf',217270,'2016-10-19 09:51:33','2016-10-19 09:51:35','2016-10-24 12:18:02'),(187,NULL,'ppt',83,'TalkCompetition::Opus','建筑材料说课(杨瑞华）.pdf','application/pdf',8046385,'2016-10-19 22:39:58','2016-10-19 22:40:01','2016-10-31 08:13:38'),(188,NULL,'note',83,'TalkCompetition::Opus','“建筑材料”说课大纲（杨瑞华）.pdf','application/pdf',314034,'2016-10-19 22:40:01','2016-10-19 22:40:01','2016-10-31 08:13:38'),(189,NULL,'plan',83,'TalkCompetition::Opus','建筑材料___教学计划安排表（杨瑞华）.pdf','application/pdf',394867,'2016-10-19 22:39:58','2016-10-19 22:40:01','2016-10-31 08:13:38'),(190,NULL,'ppt',85,'TalkCompetition::Opus','建筑设计入门说课PPT-20161019.pdf','application/pdf',22982588,'2016-10-19 23:39:08','2016-10-19 23:39:12','2016-10-31 08:13:49'),(193,NULL,'note',85,'TalkCompetition::Opus','建筑设计入门——说课提纲20161019.pdf','application/pdf',212890,'2016-10-19 23:58:33','2016-10-19 23:58:34','2016-10-31 08:13:49'),(194,NULL,'ppt',78,'TalkCompetition::Opus','国际货运代理_说课稿.pdf','application/pdf',1390830,'2016-10-20 00:31:25','2016-10-20 00:31:26','2016-10-31 08:12:55'),(195,NULL,'note',78,'TalkCompetition::Opus','国际货运代理_说课提纲.pdf','application/pdf',122541,'2016-10-20 00:31:25','2016-10-20 00:31:26','2016-10-31 08:12:55'),(196,NULL,'plan',78,'TalkCompetition::Opus','参赛课程教学计划安排表.pdf','application/pdf',58651,'2016-10-20 00:31:24','2016-10-20 00:31:26','2016-10-31 08:12:55'),(197,NULL,'ppt',53,'TalkCompetition::Opus','161031济光黄理经说课.pdf','application/pdf',7425442,'2016-10-20 08:45:11','2016-10-20 08:45:14','2016-10-20 08:45:14'),(198,NULL,'note',53,'TalkCompetition::Opus','融通课程发动机电控诊断与检测说课大纲--济光黄老师.pdf','application/pdf',1620735,'2016-10-20 08:45:13','2016-10-20 08:45:14','2016-10-20 08:45:14'),(199,NULL,'plan',53,'TalkCompetition::Opus','双证融通培养试点专业教学进程表.pdf','application/pdf',364515,'2016-10-20 08:45:10','2016-10-20 08:45:14','2016-10-20 08:45:14'),(200,NULL,'ppt',80,'TalkCompetition::Opus','161031济光黄理经说课.pdf','application/pdf',7425442,'2016-10-20 08:47:08','2016-10-20 08:47:11','2016-10-31 08:13:21'),(201,NULL,'note',80,'TalkCompetition::Opus','融通课程发动机电控诊断与检测说课大纲--济光黄老师.pdf','application/pdf',1620735,'2016-10-20 08:47:10','2016-10-20 08:47:11','2016-10-31 08:13:21'),(202,NULL,'plan',80,'TalkCompetition::Opus','双证融通培养试点专业教学进程表.pdf','application/pdf',364515,'2016-10-20 08:47:07','2016-10-20 08:47:11','2016-10-31 08:13:21'),(203,NULL,'ppt',72,'TalkCompetition::Opus','《病原生物与免疫》说课【韩明飞】.pdf','application/pdf',1465623,'2016-10-20 08:59:23','2016-10-20 08:59:24','2016-10-31 08:12:29'),(204,NULL,'note',72,'TalkCompetition::Opus','《病原生物与免疫》说课提纲【韩明飞】.pdf','application/pdf',312488,'2016-10-20 08:59:23','2016-10-20 08:59:24','2016-10-31 08:12:29'),(205,NULL,'plan',72,'TalkCompetition::Opus','《病原生物与免疫》教学计划（15护理）.pdf','application/pdf',90182,'2016-10-20 08:59:22','2016-10-20 08:59:24','2016-10-31 08:12:30'),(209,NULL,'ppt',76,'TalkCompetition::Opus','10.20正式说课大赛——王琳艳中侨.pdf','application/pdf',6449803,'2016-10-20 09:47:16','2016-10-20 09:47:19','2016-10-31 08:12:46'),(210,NULL,'note',76,'TalkCompetition::Opus','说课提纲.pdf','application/pdf',107270,'2016-10-20 09:47:17','2016-10-20 09:47:19','2016-10-31 08:12:46'),(211,NULL,'plan',76,'TalkCompetition::Opus','教学计划安排表_授课计划.pdf','application/pdf',61078,'2016-10-20 09:47:15','2016-10-20 09:47:19','2016-10-31 08:12:46'),(212,NULL,'ppt',79,'TalkCompetition::Opus','建筑施工技术说课PPT.pdf','application/pdf',5078035,'2016-10-20 09:51:02','2016-10-20 09:51:04','2016-10-31 08:13:15'),(213,NULL,'note',79,'TalkCompetition::Opus','建筑施工技术说课讲稿.pdf','application/pdf',172234,'2016-10-20 09:51:03','2016-10-20 09:51:04','2016-10-31 08:13:15'),(214,NULL,'plan',79,'TalkCompetition::Opus','建筑施工技术授课计划.pdf','application/pdf',288842,'2016-10-20 09:51:02','2016-10-20 09:51:04','2016-10-31 08:13:15'),(215,NULL,'ppt',84,'TalkCompetition::Opus','《铣削技能实训》说课演示.pdf','application/pdf',2267877,'2016-10-20 10:59:34','2016-10-20 10:59:36','2016-10-31 08:13:44'),(216,NULL,'note',84,'TalkCompetition::Opus','《铣削技能实训》说课稿.pdf','application/pdf',236591,'2016-10-20 10:59:35','2016-10-20 10:59:36','2016-10-31 08:13:44'),(217,NULL,'plan',84,'TalkCompetition::Opus','《铣削技能实训》教学大纲说课.pdf','application/pdf',226545,'2016-10-20 10:59:33','2016-10-20 10:59:36','2016-10-31 08:13:44'),(218,NULL,'plan',85,'TalkCompetition::Opus','建筑设计入门——教学计划安排表20161020.pdf','application/pdf',714807,'2016-10-20 11:00:20','2016-10-20 11:00:21','2016-10-31 08:13:49'),(219,NULL,'ppt',86,'TalkCompetition::Opus','数控机床故障诊断与维修_项目1.pdf','application/pdf',2535886,'2016-10-20 11:02:50','2016-10-20 11:02:52','2016-10-31 08:13:54'),(220,NULL,'note',86,'TalkCompetition::Opus','数控机床故障诊断与维修说课稿_1.pdf','application/pdf',930754,'2016-10-20 11:02:51','2016-10-20 11:02:52','2016-10-31 08:13:54'),(221,NULL,'plan',86,'TalkCompetition::Opus','数控机床故障诊断与维修__教学计划安排表.pdf','application/pdf',239782,'2016-10-20 11:02:47','2016-10-20 11:02:52','2016-10-31 08:13:54'),(222,NULL,'ppt',74,'TalkCompetition::Opus','说课.pdf','application/pdf',1979260,'2016-10-20 11:46:42','2016-10-20 11:46:43','2016-10-31 08:12:38'),(223,NULL,'note',74,'TalkCompetition::Opus','说课稿.pdf','application/pdf',682024,'2016-10-20 11:46:42','2016-10-20 11:46:43','2016-10-31 08:12:38'),(224,NULL,'plan',74,'TalkCompetition::Opus','教学计划.pdf','application/pdf',109726,'2016-10-20 11:46:41','2016-10-20 11:46:43','2016-10-31 08:12:38'),(225,NULL,'ppt',2,'TalkCompetition::Opus','说课-张琦琪(20161019).pdf','application/pdf',2892910,'2016-10-20 12:14:58','2016-10-20 12:15:00','2016-10-20 12:15:00'),(226,NULL,'note',2,'TalkCompetition::Opus','《程序设计语言JAVA》课程说案.pdf','application/pdf',295734,'2016-10-20 12:14:59','2016-10-20 12:15:00','2016-10-20 12:15:00'),(227,NULL,'plan',2,'TalkCompetition::Opus','JAVA教学日历(张琦琪已修改).pdf','application/pdf',216976,'2016-10-20 12:14:57','2016-10-20 12:15:00','2016-10-20 12:15:00'),(228,NULL,'ppt',71,'TalkCompetition::Opus','《软装设计制作实训》说课ppt济光唐雁.pdf','application/pdf',2636542,'2016-10-20 12:17:05','2016-10-20 12:17:07','2016-10-31 08:12:25'),(229,NULL,'note',71,'TalkCompetition::Opus','《软装设计制作实训》说课提纲济光唐雁.pdf','application/pdf',105925,'2016-10-20 12:17:06','2016-10-20 12:17:07','2016-10-31 08:12:25'),(230,NULL,'plan',71,'TalkCompetition::Opus','软装设计制作实训进度.pdf','application/pdf',66467,'2016-10-20 12:17:05','2016-10-20 12:17:07','2016-10-31 08:12:25'),(231,NULL,'plan',47,'TalkCompetition::Opus','关于印发《上海电子信息职业技术学院会议费管理办法（试行）》的通知.pdf','application/pdf',219539,'2016-10-20 13:39:20','2016-10-20 13:39:21','2016-10-20 13:39:21'),(232,NULL,'ppt',87,'TalkCompetition::Opus','《汽车传感器及应用》课程教学改革与创新说课.pdf','application/pdf',881004,'2016-10-20 14:30:28','2016-10-20 14:30:29','2016-10-31 08:14:06'),(233,NULL,'note',87,'TalkCompetition::Opus','《汽车传感器及应用》说课提纲.pdf','application/pdf',93999,'2016-10-20 14:30:28','2016-10-20 14:30:29','2016-10-31 08:14:06'),(234,NULL,'plan',87,'TalkCompetition::Opus','《汽车传感器及应用》教学进度表.pdf','application/pdf',169986,'2016-10-20 14:30:27','2016-10-20 14:30:29','2016-10-31 08:14:06'),(235,NULL,'ppt',77,'TalkCompetition::Opus','《酒店餐饮服务管理》说课（任琳琳）.pdf','application/pdf',3609762,'2016-10-20 14:52:06','2016-10-20 14:52:08','2016-10-31 08:12:50'),(236,NULL,'note',77,'TalkCompetition::Opus','《酒店餐饮服务管理》说课提纲（行健学院任琳琳）.pdf','application/pdf',95494,'2016-10-20 14:52:07','2016-10-20 14:52:08','2016-10-31 08:12:50'),(237,NULL,'plan',77,'TalkCompetition::Opus','《酒店餐饮服务管理》教学计划安排表（行健学院任琳琳）.pdf','application/pdf',56405,'2016-10-20 14:52:05','2016-10-20 14:52:08','2016-10-31 08:12:50'),(238,NULL,'ppt',82,'TalkCompetition::Opus','2016.10年汽车电器技术竞赛.pdf','application/pdf',4147805,'2016-10-24 12:38:40','2016-10-24 12:38:42','2016-10-31 08:13:33'),(239,NULL,'note',82,'TalkCompetition::Opus','2016.10说课文字稿.pdf','application/pdf',242543,'2016-10-24 12:38:41','2016-10-24 12:38:42','2016-10-31 08:13:33'),(240,NULL,'plan',82,'TalkCompetition::Opus','15级汽检《汽车电器技术》授课计划.pdf','application/pdf',217270,'2016-10-24 12:38:39','2016-10-24 12:38:42','2016-10-31 08:13:33'),(241,NULL,'ppt',75,'TalkCompetition::Opus','说课-张琦琪(20161019).pdf','application/pdf',2892910,'2016-10-24 15:20:14','2016-10-24 15:20:16','2016-10-31 08:12:42'),(242,NULL,'note',75,'TalkCompetition::Opus','《程序设计语言JAVA》课程说案.pdf','application/pdf',295734,'2016-10-24 15:20:15','2016-10-24 15:20:16','2016-10-31 08:12:42'),(243,NULL,'plan',75,'TalkCompetition::Opus','JAVA教学日历(张琦琪已修改).pdf','application/pdf',216976,'2016-10-24 15:20:14','2016-10-24 15:20:16','2016-10-31 08:12:42'),(247,NULL,'ppt',81,'TalkCompetition::Opus','李秀霞---数控加工工艺制订--说课课件--上海电子信息职业技术学院.pdf','application/pdf',9488067,'2016-10-27 02:55:41','2016-10-27 02:55:43','2016-10-31 08:13:28'),(248,NULL,'note',81,'TalkCompetition::Opus','《数控加工工艺制订》__说课稿--李秀霞--上海电子信息职业技术学院.pdf','application/pdf',958062,'2016-10-27 02:55:42','2016-10-27 02:55:43','2016-10-31 08:13:28'),(249,NULL,'plan',81,'TalkCompetition::Opus','《_数控加工工艺制订》--进度表---李秀霞----上海电子信息职业技术学院.pdf','application/pdf',98812,'2016-10-27 02:55:41','2016-10-27 02:55:43','2016-10-31 08:13:28'),(250,NULL,'plan',73,'TalkCompetition::Opus','授课计划(15级)new.pdf','application/pdf',313444,'2016-10-28 20:05:55','2016-10-28 20:05:56','2016-10-31 08:12:34'),(251,NULL,'ppt',9,'TalkCompetition::Opus','说课1030.pdf','application/pdf',4520059,'2016-10-31 00:06:07','2016-10-31 00:06:09','2016-10-31 00:06:09'),(252,NULL,'note',9,'TalkCompetition::Opus','计算机应用基础说课10-30.pdf','application/pdf',596425,'2016-10-31 00:06:08','2016-10-31 00:06:09','2016-10-31 00:06:09'),(253,NULL,'plan',9,'TalkCompetition::Opus','授课计划(15级)new.pdf','application/pdf',313444,'2016-10-31 00:06:06','2016-10-31 00:06:09','2016-10-31 00:06:09'),(254,NULL,'ppt',73,'TalkCompetition::Opus','说课1030.pdf','application/pdf',4520059,'2016-10-31 00:15:11','2016-10-31 00:15:13','2016-10-31 08:12:34'),(255,NULL,'note',73,'TalkCompetition::Opus','计算机应用基础说课10-30.pdf','application/pdf',596425,'2016-10-31 00:15:12','2016-10-31 00:15:13','2016-10-31 08:12:34');
/*!40000 ALTER TABLE `papers` ENABLE KEYS */;
UNLOCK TABLES;

--
-- Table structure for table `player_infos`
--

DROP TABLE IF EXISTS `player_infos`;
/*!40101 SET @saved_cs_client     = @@character_set_client */;
/*!40101 SET character_set_client = utf8 */;
CREATE TABLE `player_infos` (
  `id` int(11) NOT NULL AUTO_INCREMENT,
  `name` varchar(255) COLLATE utf8_unicode_ci DEFAULT NULL,
  `card_number` varchar(255) COLLATE utf8_unicode_ci DEFAULT NULL,
  `address` varchar(255) COLLATE utf8_unicode_ci DEFAULT NULL,
  `code` varchar(255) COLLATE utf8_unicode_ci DEFAULT NULL,
  `sex` int(11) DEFAULT NULL,
  `nation` varchar(255) COLLATE utf8_unicode_ci DEFAULT NULL,
  `player_id` int(11) DEFAULT NULL,
  `school_id` int(11) DEFAULT NULL,
  `created_at` datetime NOT NULL,
  `updated_at` datetime NOT NULL,
  `birth` date DEFAULT NULL,
  `professional_title` varchar(255) COLLATE utf8_unicode_ci DEFAULT NULL,
  `degree` varchar(255) COLLATE utf8_unicode_ci DEFAULT NULL,
  `special` varchar(255) COLLATE utf8_unicode_ci DEFAULT NULL,
  `email` varchar(255) COLLATE utf8_unicode_ci DEFAULT NULL,
  PRIMARY KEY (`id`),
  KEY `index_player_infos_on_player_id` (`player_id`),
  KEY `index_player_infos_on_school_id` (`school_id`),
  CONSTRAINT `fk_rails_da744551c0` FOREIGN KEY (`school_id`) REFERENCES `schools` (`id`),
  CONSTRAINT `fk_rails_e40ce0b72c` FOREIGN KEY (`player_id`) REFERENCES `players` (`id`)
) ENGINE=InnoDB AUTO_INCREMENT=102 DEFAULT CHARSET=utf8 COLLATE=utf8_unicode_ci;
/*!40101 SET character_set_client = @saved_cs_client */;

--
-- Dumping data for table `player_infos`
--

LOCK TABLES `player_infos` WRITE;
/*!40000 ALTER TABLE `player_infos` DISABLE KEYS */;
INSERT INTO `player_infos` VALUES (10,'张琴','36242819840106002X',NULL,NULL,1,'汉',10,16,'2016-07-08 00:31:24','2016-07-08 00:39:38','1984-01-06','讲师','本科','计算机软件技术','79819510@qq.com'),(11,'金永光','310226197209152013',NULL,NULL,0,'汉',11,32,'2016-07-08 00:49:38','2016-07-08 01:17:43','1972-09-15','讲师','硕士研究生','航空旅游','1061889726@qq.com'),(12,'曹一帆','360403198811220920',NULL,'200093',1,'汉族',12,2,'2016-07-08 01:03:07','2016-07-08 01:36:48','1988-11-22','初级','硕士研究生','艺术经纪','caoyifan_1988@126.com'),(13,NULL,NULL,NULL,NULL,NULL,NULL,13,NULL,'2016-07-08 01:17:22','2016-07-08 01:17:22',NULL,NULL,NULL,NULL,NULL),(14,'牟笑竹','370628198402090723',NULL,NULL,1,'汉族',14,2,'2016-07-08 01:27:26','2016-07-08 01:42:24','1984-02-09','讲师','研究生','图文信息处理','313695819@qq.com'),(15,NULL,NULL,NULL,NULL,NULL,NULL,15,NULL,'2016-07-08 01:33:04','2016-07-08 01:33:04',NULL,NULL,NULL,NULL,NULL),(16,NULL,NULL,NULL,NULL,NULL,NULL,16,NULL,'2016-07-08 01:51:44','2016-07-08 01:51:44',NULL,NULL,NULL,NULL,NULL),(17,'东苗','410421198505110026',NULL,'200072',1,'汉',17,8,'2016-07-08 02:03:48','2016-07-08 02:09:20','1985-05-11','讲师','硕士研究生','机电一体化技术','dongshxj@126.com'),(18,NULL,NULL,NULL,NULL,NULL,NULL,18,NULL,'2016-07-08 02:05:48','2016-07-08 02:05:48',NULL,NULL,NULL,NULL,NULL),(19,'蒋可扬','310115198310102520',NULL,'200072',NULL,'汉',19,8,'2016-07-08 02:06:01','2016-07-08 05:31:20','1983-10-10','讲师','硕士研究生','广告设计与制作','87060509@qq.com'),(20,'胡悦琳','310101198612271022',NULL,'200093',1,'汉族',20,2,'2016-07-08 02:14:16','2016-07-08 05:08:39','1986-12-27','助教','研究生','影视多媒体技术','271038044@qq.com'),(21,NULL,NULL,NULL,NULL,NULL,NULL,21,NULL,'2016-07-08 02:34:49','2016-07-08 02:34:49',NULL,NULL,NULL,NULL,NULL),(22,'吴鑫婧','310103198910176069',NULL,'200135',1,'汉族',22,2,'2016-07-08 03:07:24','2016-07-08 03:34:03','1989-10-17','助教','硕士','影视多媒体技术','289017822@qq.com'),(23,'徐宸熹','310114198709222413',NULL,'200072',0,'汉',23,8,'2016-07-08 05:03:21','2016-07-08 05:11:07','1987-09-22','讲师','硕士研究生','广告设计与制作','175423403@qq.com'),(24,'冷宇','152127199007010318',NULL,'201800',0,'汉',24,12,'2016-07-08 06:05:07','2016-07-08 12:58:23','1990-07-01','助教','大学','机电一体化技术','806812154@qq.com'),(25,NULL,NULL,NULL,NULL,NULL,NULL,25,NULL,'2016-07-08 06:09:33','2016-07-08 06:09:33',NULL,NULL,NULL,NULL,NULL),(27,'张琦琪','140102197710072326',NULL,NULL,1,'汉族',27,12,'2016-07-08 06:36:58','2016-07-08 06:40:24','1977-10-07','副教授','博士研究生','计算机网络技术','qiqi_siss@163.com'),(28,'陈玮','310104198109163613',NULL,NULL,0,'汉',28,32,'2016-07-08 06:38:19','2016-07-08 06:45:06',NULL,'讲师','硕士研究生','电子信息工程','aaronchen33@126.com'),(29,NULL,NULL,NULL,NULL,NULL,NULL,29,NULL,'2016-07-08 13:43:26','2016-07-08 13:43:26',NULL,NULL,NULL,NULL,NULL),(30,'王鹏','340602197702021013',NULL,'201800',0,'汉',30,12,'2016-07-09 03:33:40','2016-07-10 04:39:33','1977-02-02','副教授','硕士研究生','机电一体化技术','54pw@163.com'),(31,'王晶晶','142623198508030822',NULL,'201800',1,'汉',31,12,'2016-07-09 13:07:48','2016-07-10 04:27:47','1985-08-03','讲师','硕士研究生','创业管理','740805886@qq.com'),(32,'王玲','230803197304170023',NULL,NULL,1,'汉',32,21,'2016-07-10 13:41:21','2016-07-10 14:52:38','1973-04-17','讲师','本科','基础教学部','WANGL2003@126.COM'),(33,'张居阳','33042419780525021X',NULL,'200241',0,'汉',33,17,'2016-07-11 01:28:07','2016-07-12 03:48:16','1978-05-25','讲师','博士','公共基础课程一组（职业素养与就业创业能力课程）','kassy2002cc@aliyun.com'),(34,'崔淑娜','142733198108070321',NULL,'201906',1,'汉',34,27,'2016-07-11 02:33:01','2016-07-11 02:39:28','1981-08-07','讲师','硕士','国际商务','cuishuna2005@163.com'),(35,'曹永洁','331023198210170517',NULL,'200437',0,'汉',35,27,'2016-07-11 03:19:00','2016-07-11 03:24:58','1982-10-17','讲师','硕士','数控技术','donallove@163.com'),(36,'袁佳瑞','310103198910224112',NULL,'200434',0,'汉族',36,17,'2016-07-11 03:40:04','2016-07-12 03:52:49','1989-10-22','助教','本科','专业课程二组（新闻传播大类）','yjr@esu.edu.cn'),(37,'施晓玮','222401198207182110',NULL,'200241',0,'汉',37,17,'2016-07-11 04:45:55','2016-07-12 04:00:45','1982-07-18','讲师','大学本科','公共基础课程一组（职业素养与就业创业能力课程）','121016361@qq.com'),(38,'张静','370911198002137827',NULL,'200437',1,'汉族',38,27,'2016-07-11 04:59:51','2016-07-12 02:50:33','1980-02-13','讲师','研究生','应用电子技术','jing9912024@163.com'),(39,'杨海俊','410725198809013622',NULL,NULL,1,'汉',39,17,'2016-07-11 05:00:46','2016-07-11 05:12:19','1988-09-01','无','研究生','计算机应用技术','yangmeijian116@163.com'),(40,NULL,NULL,NULL,NULL,NULL,NULL,40,NULL,'2016-07-11 06:49:02','2016-07-11 06:49:02',NULL,NULL,NULL,NULL,NULL),(41,'刘珏','430202198209291049',NULL,'201101',1,'汉',26,32,'2016-07-12 03:44:16','2016-07-12 04:43:12','1982-09-29','讲师','硕士研究生','空中乘务','jennyliu929@163.com'),(42,'朱晓玲','320626197510110043',NULL,'201411',1,'汉族',41,6,'2016-07-12 04:15:21','2016-07-12 13:52:14','1975-10-11','讲师','本科','移动通信技术','maryzhu@sina.com'),(43,'张婷','360403198008050627',NULL,'201411',1,'汉',42,6,'2016-07-12 13:35:59','2016-07-12 13:46:35','1980-08-05','讲师','研究生','通信技术','20070416@stiei.edu.cn'),(44,'何进松','232101198508121560',NULL,'200032',1,'满',43,6,'2016-07-12 13:36:14','2016-07-12 14:21:51','1985-08-12','工程师','硕士','移动互联应用技术专业','hejinsong2010@126.com'),(45,'高一方','370203198912223224',NULL,'201210',1,'汉族',44,25,'2016-07-13 00:36:34','2016-07-13 01:37:25','1989-12-22','助教','硕士','艺术设计','347962742@qq.com'),(46,'王妍','32038119860604854X',NULL,'201699',1,'汉',45,7,'2016-07-13 02:36:43','2016-07-13 02:46:32','1986-06-04','助教','硕士','农业信息技术','14432@shafc.edu.cn'),(47,NULL,NULL,NULL,NULL,NULL,NULL,46,NULL,'2016-07-13 06:09:05','2016-07-13 06:09:05',NULL,NULL,NULL,NULL,NULL),(48,'刘利佳','310115198707142934',NULL,'200126',0,'汉',47,3,'2016-07-14 01:15:43','2016-07-14 03:45:33','2016-07-14','初级教官','本科、工程硕士','刑事侦查','liu_huang07@163.com'),(49,'董莹荷','450202197812030045',NULL,'201411',1,'壮族',48,6,'2016-07-14 01:41:35','2016-07-14 01:48:58','1978-12-03','讲师','本科','建筑智能化工程技术（楼宇智能化方向）','dyh2867@163.com'),(50,NULL,NULL,NULL,NULL,NULL,NULL,49,NULL,'2016-07-14 01:43:19','2016-07-14 01:43:19',NULL,NULL,NULL,NULL,NULL),(51,'陈泳杰','31011519820904221X',NULL,'200137',0,'汉',50,3,'2016-07-14 01:55:46','2016-07-14 02:07:57','1982-09-04','初级教官','本科','公共管理与服务大类','chenyongjie82@126.com'),(52,'季超','310226198309020012',NULL,NULL,0,'汉',51,3,'2016-07-14 02:19:19','2016-07-14 02:28:12','1983-09-02','教官','大学本科','计算机信息管理','jichao_1983@163.com'),(53,'王卓英','310225197612260026',NULL,NULL,1,'汉',52,6,'2016-07-14 02:32:20','2016-07-14 02:36:45','1976-12-26','讲师','大学本科','通信技术','zhuozijj@163.com'),(54,'钱军如','321102198111150029',NULL,NULL,1,'汉族',53,6,'2016-07-14 02:52:08','2016-07-14 02:57:09','1981-11-15','讲师','工程硕士','通信技术','20070229@stiei.edu.cn'),(55,'刘学仁','310110198403123257',NULL,NULL,0,'汉',54,3,'2016-07-14 02:54:02','2016-07-14 03:18:12','1984-03-12','中级教官','研究生','计算机程序设计','353324289@qq.com'),(56,'张帆','320322197807264420',NULL,'201411',NULL,'汉',55,6,'2016-07-17 12:52:38','2016-07-17 13:02:03','1978-07-26','讲师','硕士','英语语言文学','zhflina@sina.com'),(58,NULL,NULL,NULL,NULL,NULL,NULL,57,NULL,'2016-07-18 09:36:11','2016-07-18 09:36:11',NULL,NULL,NULL,NULL,NULL),(59,'高阿兰','130681198602281222',NULL,'201411',NULL,'汉',58,6,'2016-07-31 09:45:43','2016-08-06 04:55:01','1986-02-28','助教','本科','影视动画','20130030@stiei.edu.cn'),(60,NULL,NULL,NULL,NULL,NULL,NULL,60,NULL,'2016-08-03 02:27:40','2016-08-03 02:27:40',NULL,NULL,NULL,NULL,NULL),(61,'赵莹','210304198404152025',NULL,'200000',1,'汉',59,6,'2016-08-03 05:02:30','2016-08-06 00:29:41','1984-04-15','助教','硕士研究生','影视动画','624871118@qq.com'),(62,NULL,NULL,NULL,NULL,NULL,NULL,61,NULL,'2016-08-05 15:31:11','2016-08-05 15:31:11',NULL,NULL,NULL,NULL,NULL),(63,'马光军','371002198303287015',NULL,'201411',0,'汉',63,6,'2016-08-08 12:47:05','2016-08-09 13:01:51','1983-03-28','专任教师','硕士研究生','计算机应用技术','3097587838@qq.com'),(64,NULL,NULL,NULL,NULL,NULL,NULL,64,NULL,'2016-08-09 04:25:03','2016-08-09 04:25:03',NULL,NULL,NULL,NULL,NULL),(65,'刘增水','369001196903164414',NULL,'200000',0,'汉',65,6,'2016-08-09 04:34:49','2016-08-10 08:11:13','1969-03-16','高级工程师','硕士','电子工程系智能控制技术专业','20080009@stiei.edu.cn'),(66,'王荻','420106198101304459',NULL,'201411',0,'汉族',66,6,'2016-08-10 05:30:56','2016-08-10 06:27:35','1981-01-30','讲师','研究生','计算机多媒体技术','tekiw@163.com'),(67,NULL,NULL,NULL,NULL,NULL,NULL,67,NULL,'2016-08-10 07:12:51','2016-08-10 07:12:51',NULL,NULL,NULL,NULL,NULL),(68,'李秀霞','133022197607152628',NULL,NULL,1,'汉',69,6,'2016-08-10 09:25:43','2016-08-10 11:46:31','1976-07-15','讲师','本科','数控技术','20070176@stiei.edu.cn'),(69,'王瑾','330501197808290824',NULL,'201104',1,'汉',70,6,'2016-08-10 11:37:30','2016-08-10 11:47:27',NULL,'讲师','大学本科','电气自动化技术','99018609@qq.com'),(70,NULL,NULL,NULL,NULL,NULL,NULL,71,NULL,'2016-08-10 12:30:37','2016-08-10 12:30:37',NULL,NULL,NULL,NULL,NULL),(71,NULL,NULL,NULL,NULL,NULL,NULL,72,NULL,'2016-08-11 06:23:25','2016-08-11 06:23:25',NULL,NULL,NULL,NULL,NULL),(72,NULL,NULL,NULL,NULL,NULL,NULL,73,NULL,'2016-08-15 06:48:34','2016-08-15 06:48:34',NULL,NULL,NULL,NULL,NULL),(73,'周苑','310112198407295622',NULL,NULL,NULL,'汉',74,6,'2016-08-17 08:06:32','2016-08-17 08:12:00','1984-07-29','讲师','本科','机电一体化','Laurazhou@qq.com'),(74,'李云庆','150426198104230316',NULL,'201411',0,'汉',75,6,'2016-08-17 11:11:05','2016-08-17 11:14:09','1981-04-23','讲师','本科','电子技术应用','18916550896@189.cn'),(75,'周暖','370282198012303662',NULL,NULL,1,'汉',76,6,'2016-08-30 11:47:57','2016-08-30 12:08:49','1980-12-30','讲师','本科','机电一体化','20070449@stiei.edu.cn'),(76,'顾治萍','310225198009151241',NULL,NULL,1,'汉',77,6,'2016-08-30 15:17:37','2016-08-30 15:24:59','1980-09-15','讲师','大学本科','应用电子技术（中高职贯通）','guzhiping@stiei.edu.cn'),(77,' 唐雁','340202198503240021',NULL,NULL,1,'汉',78,19,'2016-09-02 15:03:47','2016-10-20 11:57:03','1985-03-24','助教','硕士研究生','室内艺术设计','53366597@qq.com'),(78,'陆飞杰','320324198207052974',NULL,NULL,0,'汉',79,12,'2016-09-02 15:30:13','2016-09-02 15:34:43','1982-07-05','讲师','硕士','社会工作','lufeijie@126.com'),(79,'张丽英','362323197810260725',NULL,NULL,1,'汉族',80,25,'2016-09-03 19:23:49','2016-09-03 19:37:59','1978-10-26','讲师','硕士研究生','酒店管理','zlyjessica@163.com'),(80,'李聃','430111198303080302',NULL,NULL,1,'汉',81,3,'2016-09-04 11:14:56','2016-09-04 11:21:16','1983-03-08','中级教官、讲师','硕士研究生','治安学','niupitangking@163.com'),(81,'战晓燕','211322197803200783',NULL,NULL,1,'汉',82,7,'2016-09-04 15:09:16','2016-09-04 15:15:35',NULL,'助教','硕士研究生','动物医学','14245@shafc.edu.cn'),(82,'郑峰','350103198202215343',NULL,NULL,1,'汉',83,6,'2016-09-04 16:05:30','2016-09-04 16:10:02','1982-02-21','讲师','硕士','英语','20070434@stiei.edu.cn'),(83,'韩明飞','222401197806161245',NULL,NULL,1,'汉族',84,11,'2016-09-04 16:46:17','2016-09-04 16:51:49','1978-06-16','讲师','研究生','护理','baibaihe@qq.com'),(84,'杨萍','610104197801266148',NULL,NULL,1,'汉',85,15,'2016-09-04 20:21:27','2016-09-04 21:05:26','1978-01-26','讲师','本科','西班牙语','30819894@qq.com'),(85,'张静','130202198111170029',NULL,NULL,1,'汉',86,8,'2016-09-04 20:24:27','2016-09-04 20:31:34',NULL,'讲师','硕士研究生','影视多媒体技术','108720716@qq.com'),(86,'商晏铭','21122419881021531X',NULL,NULL,0,'汉族',87,21,'2016-09-04 23:49:05','2016-09-04 23:54:29','1988-10-21','讲师','硕士','艺术设计','shang50070@126.com'),(87,'关艳丽','411303198208081524',NULL,NULL,1,'汉族',88,17,'2016-09-05 11:22:09','2016-09-05 11:30:27','1982-08-08','讲师','研究生','影视动画','80648558@qq.com'),(88,NULL,NULL,NULL,NULL,NULL,NULL,89,NULL,'2016-10-17 10:51:28','2016-10-17 10:51:28',NULL,NULL,NULL,NULL,NULL),(89,'某某','3101111111111111',NULL,NULL,1,'汉',90,6,'2016-10-17 13:29:26','2016-10-17 13:45:50',NULL,'讲师','研究生','会计','shsgzgzjxyjh@163.com'),(90,'陈凌峰','320981198811063717',NULL,NULL,0,'汉',91,21,'2016-10-17 16:06:08','2016-10-17 18:18:39','1988-11-06','助教','本科','建筑工程技术','839811327@qq.com'),(91,'黄理经','310102194709092416',NULL,NULL,0,'汉族',92,19,'2016-10-17 19:13:14','2016-10-17 19:30:54','1947-09-09','副教授','大学本科','汽车检测与维修技术','huanglijing888@163.com'),(92,'宋彬','220381198210205218',NULL,NULL,0,'汉族',93,35,'2016-10-17 19:29:46','2016-10-20 14:09:17',NULL,'讲师','研究生','交通运输规划与管理','linshanao@126.com'),(93,'杨瑞华','450303197701081028',NULL,NULL,1,'汉',94,11,'2016-10-17 20:54:46','2016-10-19 06:47:03','1977-01-08','副教授','博士研究生','建筑工程技术','415810546@qq.com'),(94,'李颖','370982198509188020',NULL,NULL,1,'汉',95,21,'2016-10-18 13:30:49','2016-10-19 09:44:12','1985-09-18','讲师','本科','汽车检测与维修','245117200@qq.com'),(95,'曹志鸿','310109197507294018',NULL,NULL,0,'汉',96,27,'2016-10-19 08:37:43','2016-10-19 08:42:38',NULL,'一级实教','本科','数控技术','297328706@qq.com'),(96,'岳华','510212197508220329',NULL,NULL,1,'汉',97,19,'2016-10-19 20:01:24','2016-10-19 20:10:47','1975-08-22','副教授','博士研究生','建筑设计','yuehua822@163.com'),(97,'王琳艳','331081198710202443',NULL,NULL,1,'汉',98,20,'2016-10-20 08:21:47','2016-10-20 09:44:21','1987-10-20','助教','研究生','会计学','386963647@qq.com'),(98,'孙星','32092419860917749X',NULL,NULL,0,'汉',99,12,'2016-10-20 10:01:16','2016-10-20 10:04:57','1986-09-17','助教','大学本科','机电一体化','sun2010xing@163.com'),(99,'任琳琳','230902198201271722',NULL,NULL,1,'汉',100,8,'2016-10-20 10:26:50','2016-10-20 10:34:55','1982-01-27','讲师','硕士研究生','酒店管理','lover610@163.com'),(100,'徐挺','330482198410220014',NULL,NULL,0,'汉',101,6,'2016-10-20 13:57:11','2016-10-20 14:02:28','1984-10-22','工程师','硕士研究生','汽车电子','20150019@stiei.edu.cn'),(101,NULL,NULL,NULL,NULL,NULL,NULL,102,NULL,'2016-11-08 21:47:26','2016-11-08 21:47:26',NULL,NULL,NULL,NULL,NULL);
/*!40000 ALTER TABLE `player_infos` ENABLE KEYS */;
UNLOCK TABLES;

--
-- Table structure for table `players`
--

DROP TABLE IF EXISTS `players`;
/*!40101 SET @saved_cs_client     = @@character_set_client */;
/*!40101 SET character_set_client = utf8 */;
CREATE TABLE `players` (
  `id` int(11) NOT NULL AUTO_INCREMENT,
  `phone` varchar(255) COLLATE utf8_unicode_ci NOT NULL DEFAULT '',
  `encrypted_password` varchar(255) COLLATE utf8_unicode_ci NOT NULL DEFAULT '',
  `reset_password_token` varchar(255) COLLATE utf8_unicode_ci DEFAULT NULL,
  `reset_password_sent_at` datetime DEFAULT NULL,
  `remember_created_at` datetime DEFAULT NULL,
  `sign_in_count` int(11) NOT NULL DEFAULT '0',
  `current_sign_in_at` datetime DEFAULT NULL,
  `last_sign_in_at` datetime DEFAULT NULL,
  `current_sign_in_ip` varchar(255) COLLATE utf8_unicode_ci DEFAULT NULL,
  `last_sign_in_ip` varchar(255) COLLATE utf8_unicode_ci DEFAULT NULL,
  `school_id` int(11) DEFAULT NULL,
  PRIMARY KEY (`id`),
  UNIQUE KEY `index_players_on_phone` (`phone`),
  UNIQUE KEY `index_players_on_reset_password_token` (`reset_password_token`),
  KEY `index_players_on_school_id` (`school_id`),
  CONSTRAINT `fk_rails_fd4cbe0a6f` FOREIGN KEY (`school_id`) REFERENCES `schools` (`id`)
) ENGINE=InnoDB AUTO_INCREMENT=103 DEFAULT CHARSET=utf8 COLLATE=utf8_unicode_ci;
/*!40101 SET character_set_client = @saved_cs_client */;

--
-- Dumping data for table `players`
--

LOCK TABLES `players` WRITE;
/*!40000 ALTER TABLE `players` DISABLE KEYS */;
INSERT INTO `players` VALUES (10,'13818219410','$2a$11$G3sSAcfcsr8tDfM61wFdKOKqZuZ4EwvyMsCuONNjbCDGDr/bx0o3q',NULL,NULL,NULL,12,'2016-08-30 11:17:36','2016-08-30 11:12:23','120.204.252.42','120.204.252.42',16),(11,'13801860450','$2a$11$m9y8/zjlwIFSlvo0CbOkreeOJ2Ymf1C97WDYVNBO4n7gx7gYeewPW',NULL,NULL,NULL,13,'2016-08-29 16:36:09','2016-08-29 16:34:20','116.230.92.222','116.230.92.222',32),(12,'18601709313','$2a$11$eHLP6BCB62j90LLiExqBTO1zHA1hBBUMj2AMN99DqYnztB4vJc1uW',NULL,NULL,NULL,4,'2016-08-09 12:22:35','2016-07-27 07:45:41','180.164.251.20','180.164.206.27',2),(13,'13812903342','$2a$11$Ekx0T0TTL1Hov2esCr3fbu23uZPgz94PT49dd68wetSy51553ifVC',NULL,NULL,NULL,2,'2016-07-08 01:21:16','2016-07-08 01:17:17','120.204.252.42','120.204.252.42',NULL),(14,'15800317169','$2a$11$mkWZT2OzHHIA5fhcUNsM7u6ESfK01QHt2mwETYVeQ4Bj9kapHWW/W',NULL,NULL,NULL,4,'2016-08-31 11:33:12','2016-07-08 03:15:21','140.207.35.3','140.207.35.3',2),(15,'1512104952','$2a$11$DWvHBkKmi3AXxkIrF7kCh.iAewX3LXv4lAg1GJ8wjUFsjYf4hKEmu',NULL,NULL,NULL,2,'2016-07-08 01:58:17','2016-07-08 01:33:04','180.173.45.45','180.173.45.45',NULL),(16,'13817147947','$2a$11$kA3Ir3X.4ZgCmAC.jDb90eadBJ3xAtARm9ToT5kX2KTPa00tSF.GW',NULL,NULL,NULL,1,'2016-07-08 01:51:44','2016-07-08 01:51:44','114.86.254.155','114.86.254.155',NULL),(17,'13764695602','$2a$11$/b5VYAH8tJxQeZoxM8Knhu5/3GMZaHleGLPdoiVUwXceLdmWzZ8Vm',NULL,NULL,NULL,13,'2016-09-27 13:08:51','2016-09-20 13:57:36','218.79.60.11','218.79.60.11',8),(18,'13681943167','$2a$11$k3Q9FYZFPvzSP3P9/OHRGutE289D8.u8ms0Kcbfh2KTKeE/zoPGnW',NULL,NULL,NULL,1,'2016-07-08 02:05:48','2016-07-08 02:05:48','180.173.45.45','180.173.45.45',NULL),(19,'13917035273','$2a$11$1vonf6Jgq9PusIaHnYoMQuMuX9oiMXoSuzTXBzwOjhVlIk8Gno./O',NULL,NULL,NULL,9,'2016-09-29 15:18:13','2016-09-29 10:15:38','223.166.115.95','183.193.180.214',8),(20,'13801802224','$2a$11$kEykwEX158uqHVhvbFUFKOjZRNf7Z94IyLZkoTqlWak61fm7N4Taq',NULL,NULL,NULL,11,'2016-11-04 10:25:55','2016-09-11 10:08:33','114.61.147.228','114.61.228.101',2),(21,'15000726921','$2a$11$V8lDtOlrzskqC58.dBenueE8OieBka3NmSSKLiYr2TvEcihbh9Opy',NULL,NULL,NULL,1,'2016-07-08 02:34:49','2016-07-08 02:34:49','140.207.35.3','140.207.35.3',NULL),(22,'13641637625','$2a$11$7MRY2tFKM1JhiW1PGWlo9.nkYy3nAH8.T3FSs2K5Fd.xx4LVdrj32',NULL,NULL,NULL,4,'2016-08-09 16:06:37','2016-08-09 14:44:48','101.229.27.192','101.229.27.192',2),(23,'13916457371','$2a$11$EsOM5VrRtFQVNS6TVPjZGuzGhGzHneXLDlgcJ8nqWvFM4xHMQU8BW',NULL,NULL,NULL,3,'2016-09-29 20:31:46','2016-08-09 12:54:34','114.82.53.150','58.39.218.21',8),(24,'18801928177','$2a$11$xmxNnsUzQMFr.q4nvoVMzOJJl65ZPVAbso1v4t1gHM7t3DpK.y6L6',NULL,NULL,NULL,10,'2016-08-31 12:32:49','2016-08-10 01:33:29','116.236.145.226','116.236.145.226',12),(25,'13816497977','$2a$11$uxLBX9IkUPFSu7YpGNYlaeUUSw0Z8kQeA7PSETTgt5pLfkfBjKUeq',NULL,NULL,NULL,1,'2016-07-08 06:09:33','2016-07-08 06:09:33','112.83.7.93','112.83.7.93',NULL),(26,'13818191442','$2a$11$5W6gbRNI9/29rhM.ekrvCuUyMsZMruWBzqRNgrawLDwLxVET.Lh7a',NULL,NULL,NULL,26,'2016-09-04 14:13:00','2016-08-15 07:21:21','101.224.101.16','180.158.42.118',32),(27,'13817265733','$2a$11$O.zAb5vS4R.49daSmNVIUO7fnDBYylavdkRAQpyJMtu/vGmOVRaW6',NULL,NULL,NULL,11,'2016-10-24 15:18:40','2016-10-20 12:14:09','116.236.145.226','116.236.145.226',12),(28,'13818079264','$2a$11$Ns1PBkXhWROQp4tKW13JT.woTdHnsVeNG9mw./snFUarVpgTK36Lu',NULL,NULL,NULL,3,'2016-07-12 04:15:50','2016-07-08 08:44:47','114.91.113.217','101.95.159.134',32),(29,'','$2a$11$FfjdhzU6Z5bGDK.vz44houq4U/UPZjj4KZyiGtDBzQdMGRMExZX2a',NULL,NULL,NULL,1,'2016-07-08 13:43:13','2016-07-08 13:43:13','61.165.252.33','61.165.252.33',NULL),(30,'15216844130','$2a$11$onLGAdZFQKOlvkFsMPhnQeVSfexmmoQKtQFbK4uc9586fk5Ps9N2a',NULL,NULL,NULL,5,'2016-08-10 04:49:23','2016-07-10 04:37:02','183.193.129.117','116.236.145.226',12),(31,'13817252152','$2a$11$.8dEuAkDlhUK4h7STOURdecZPanZ1q216Zqrt5oKC0cw1u/8U0AvG',NULL,NULL,NULL,11,'2016-09-05 11:31:19','2016-09-03 10:34:51','116.236.145.226','116.236.145.226',12),(32,'13916099927','$2a$11$0FRkxugMvljurmk12r68zugm0qhx60jH2eXwr8dES/PWkWOAHA5J.',NULL,NULL,NULL,24,'2016-11-04 08:42:06','2016-11-02 12:27:13','116.226.92.38','116.226.92.38',21),(33,'13512192926','$2a$11$KPvMxFWqeFywD5hSZvsh0eslyG7nD.BJqY0LPysi8WVobwNX7jnNK',NULL,NULL,NULL,15,'2016-08-16 21:42:44','2016-08-11 08:36:11','113.214.206.254','113.214.202.143',17),(34,'18001965237','$2a$11$0pwmlTmuBf6Dlu0jLkKMdOmSt3Uvxe7uI86WDqTEYO47z9iWcL6hC',NULL,NULL,NULL,2,'2016-07-13 02:29:57','2016-07-11 02:33:01','58.246.149.178','58.246.149.178',27),(35,'13391329505','$2a$11$ExFDABKJytBzrNs8DIMU0uKWgESRsglmzaRc21k5E8a5Lea3OfaPy',NULL,NULL,NULL,16,'2016-10-10 09:06:44','2016-09-27 12:38:58','58.246.149.178','58.246.149.178',27),(36,'18501707248','$2a$11$mrN8R8lgOg7hgDGuYj8MZOBmiVSPRJAEpJZBGP7K.clGAenv9V/Yi',NULL,NULL,NULL,8,'2016-10-24 10:55:58','2016-10-24 10:51:55','58.247.96.30','58.247.96.30',17),(37,'18017103179','$2a$11$OQvS5HC40cVGFA2UniDQbe4MFCKOkEHNN2NQiQTSM7jeS4mw9DPjm',NULL,NULL,NULL,7,'2016-08-11 03:33:03','2016-08-01 09:20:48','180.158.4.10','180.158.4.10',17),(38,'17701861903','$2a$11$4U2nvBlOVpZma07bXmcudedbHMan7RR/yHiMgCOrfIHwSa2bqSrOq',NULL,NULL,NULL,14,'2016-09-06 10:13:50','2016-08-03 11:10:34','180.159.167.245','222.70.62.25',27),(39,'18818237570','$2a$11$ogxp68YLrYSuV/FlQFnAXeOkQke.NyVGJDLc5bweAlF4FVlo75ge6',NULL,NULL,NULL,5,'2016-09-21 14:02:29','2016-09-21 12:13:05','210.35.112.181','58.247.96.30',17),(40,'13795459819','$2a$11$sASs1ARbbvKXTGy9PgWaD.SQmIs0dgnPDgYy8y2Egw4u8Mpcxiz/i',NULL,NULL,NULL,1,'2016-07-11 06:49:02','2016-07-11 06:49:02','124.78.228.97','124.78.228.97',NULL),(41,'18964639906','$2a$11$Vw.yfAnF3LtkF9zt1FYDI.ldkqe54s5s/cMnPqRiCIw8EU.FNlrfu',NULL,NULL,NULL,7,'2016-09-30 10:29:15','2016-08-08 07:13:52','116.227.66.159','101.86.92.241',6),(42,'18918034545','$2a$11$/3L7fD0YvGM86nJMdgp0I.st7EfikJ1BRNZXlhBWvgk5P3NHBwCAi',NULL,NULL,NULL,5,'2016-08-08 09:08:41','2016-07-14 01:38:00','116.18.236.75','101.228.39.28',6),(43,'18217502508','$2a$11$WRnTS2SWbh566JVsGTuda.lUEgsTZhGnjQnhJ4ooGfw2Gvkj5CfBG',NULL,NULL,NULL,38,'2016-11-04 21:43:42','2016-09-21 16:20:23','183.193.186.27','112.64.128.10',6),(44,'15121014952','$2a$11$nomKfrEhSnDG7JzBxGM/HeSBfSDfLTus2huk584c8m3ZseZBeWvRS',NULL,NULL,NULL,8,'2016-08-08 09:14:58','2016-07-25 12:36:38','112.225.174.23','218.59.63.241',25),(45,'18917011723','$2a$11$equhapEwhCaRiprvcaqJRO95Oo/40iwcmiM/J2HNZRhjDvibwTe4a',NULL,NULL,NULL,8,'2016-09-14 18:51:41','2016-08-30 20:43:56','183.193.119.198','183.193.119.198',7),(46,'13818224790','$2a$11$uhOLUzG.YYkBCtb05Pca6.CRskbsTnLxZxx0k7GZEw8VUtFXXqhcW',NULL,NULL,NULL,1,'2016-07-13 06:09:05','2016-07-13 06:09:05','117.184.198.53','117.184.198.53',NULL),(47,'13816641663','$2a$11$powBFYUEZjVcDIGI9gss2.LY7ZLbV4QK5IcY0XwR9/fsA4mY.Wtiy',NULL,NULL,NULL,7,'2016-08-03 06:18:26','2016-07-14 04:29:34','114.92.75.148','117.184.198.53',3),(48,'13585526780','$2a$11$ZogjcvOXAInuHmxO.1tlneIdDk5M3H2EpgWUZ/rijQcmvwIIXR2yS',NULL,NULL,NULL,14,'2016-10-20 13:40:14','2016-10-20 13:39:03','112.64.128.10','112.64.128.10',6),(49,'15021303227','$2a$11$zifRP7wHCuPoa1kJJz1vZOEm/B49160py9O.sLebccf1Wrj2gwuZe',NULL,NULL,NULL,1,'2016-07-14 01:43:19','2016-07-14 01:43:19','120.210.173.160','120.210.173.160',NULL),(50,'18321578831','$2a$11$a2RxqYyoqqhG8f0HFmZkDOWQnRvhTbIZzWF0EUn1pv8vz0kW813Ni',NULL,NULL,NULL,27,'2016-10-21 21:47:10','2016-10-07 07:39:30','211.161.241.59','211.161.241.59',3),(51,'15821923895','$2a$11$hpI9co1y/Zev44tOVjlU/uukVgFBiXMsKQzPXpZN5X0r/6AIVeFcq',NULL,NULL,NULL,3,'2016-09-04 12:53:23','2016-08-30 09:34:06','117.184.198.48','117.184.198.49',3),(52,'13611763871','$2a$11$ABWmakTkpYpkWeLTa7C9yuvaWyHuAYnvRHRJTU5kkdRQEhMz0Ptme',NULL,NULL,NULL,1,'2016-07-14 02:32:20','2016-07-14 02:32:20','114.92.72.146','114.92.72.146',6),(53,'18701853920','$2a$11$xZ.J.aEG.aauFQCzw9YTi.SQpxueZqTXKh0qNu9u5rBPl26NLNorq',NULL,NULL,NULL,2,'2016-07-14 03:00:24','2016-07-14 02:52:08','222.67.151.0','222.67.151.0',6),(54,'13917918196','$2a$11$72.Yy9Pbo9CdRiHiUms88.QSTW7dWDhvQS4NecveRReC8eipEvX0e',NULL,NULL,NULL,5,'2016-08-29 19:49:54','2016-08-29 19:41:38','211.161.248.177','211.161.248.177',3),(55,'15021970369','$2a$11$EC8EkOEGo8zei4MxlQzryOHkccV3Fqp/UCWAMKQp5ep2hnXs1NjxO',NULL,NULL,NULL,22,'2016-08-31 14:09:04','2016-08-29 10:29:31','112.65.1.66','219.233.212.86',6),(57,'222222','$2a$11$G0odw9RBZ2RxwsRDnPi1eOg0ntmvHzXhVerBt/3lQof4lGTdv6I3a',NULL,NULL,NULL,1,'2016-07-18 09:36:11','2016-07-18 09:36:11','61.165.252.33','61.165.252.33',NULL),(58,'15021314101','$2a$11$ZDo14T8yJ87VRkaMj/K1EuIehSrx2aGKVNOb6nFpmCnc33uibPEHC',NULL,NULL,NULL,2,'2016-08-06 04:46:18','2016-07-31 09:45:06','58.31.204.234','211.100.3.199',6),(59,'13636408556','$2a$11$2NM8VdCSJD/RYM.NpU.HhOeA2nIH5ZJW/vgJTTgabGNEXwMf9ajda',NULL,NULL,NULL,8,'2016-08-24 12:24:56','2016-08-08 08:18:31','101.228.158.227','211.161.242.142',6),(60,'113391329505','$2a$11$zrPxrE35u8lmk4fwq/YtauFbeiDYNJA7FUgBt2nyg2JGxX5j5O9Ui',NULL,NULL,NULL,1,'2016-08-03 02:27:34','2016-08-03 02:27:34','124.77.143.3','124.77.143.3',NULL),(61,'18616591019','$2a$11$oiu9eO6C0FVLBU99DDjMCuiwvGC5xW49rfKtD9BfsEC8NRugp3JBW',NULL,NULL,NULL,2,'2016-10-15 15:34:49','2016-08-05 15:31:11','58.39.20.13','140.206.255.2',NULL),(62,'13611983810','$2a$11$YJHdtMX7unC3CwzsoRjPiOF5YL7RrFudfH9phliat5eyb44jdfYHa',NULL,NULL,NULL,1,'2016-08-08 12:13:59','2016-08-08 12:13:59','112.64.128.10','112.64.128.10',NULL),(63,'13564304026','$2a$11$Fp2vKP9Pmzf19rJR3uG.q.UkWhGtvEMq96k4/YiSoLQZ/IqIn1J16',NULL,NULL,NULL,8,'2016-08-10 01:56:46','2016-08-09 15:10:29','101.80.184.2','101.80.184.2',6),(64,'17721386148','$2a$11$IdSPPsxTKDDp66D4/tLn3.IKMGry3prPPIraVx/ILNk4YDSho8GT.',NULL,NULL,NULL,2,'2016-08-09 04:40:53','2016-08-09 04:24:39','112.64.128.10','112.64.128.10',NULL),(65,'13918515331','$2a$11$psxf157VxGeOyJnpOvNaZuL8gC4dQVfg2TVEbGyEC5tVPv1/T6p22',NULL,NULL,NULL,7,'2016-08-10 07:59:35','2016-08-10 07:53:33','116.227.77.96','112.64.128.10',6),(66,'15921029901','$2a$11$Tqo7G2OsgbrJt/65p84VHubm/QnJbb/gENjIRwTDcnzmDCgQXYNVm',NULL,NULL,NULL,4,'2016-08-15 13:05:11','2016-08-10 06:20:33','180.152.205.132','183.193.136.1',6),(67,'18601707131','$2a$11$qIehPi93tjiVTgRzU/SsRO/hc8sCrhRNRLOWbtHDK1BieIftXJ2HC',NULL,NULL,NULL,7,'2016-09-02 13:44:03','2016-09-02 13:42:32','112.64.128.10','112.64.128.10',NULL),(68,'1380000000','$2a$11$WhVmFC2kxbmwWHUcFCQ5tuFwA/YquWhp7VjjK4ehZSeyqJ.7mdLZG',NULL,NULL,NULL,1,'2016-08-10 07:36:24','2016-08-10 07:36:24','112.64.128.10','112.64.128.10',NULL),(69,'13040651587','$2a$11$zG0WK4CGhYsLpl0.stPV7Ol1pt0lgnj43WfAQnzJI/Rzbc7ULPAK.',NULL,NULL,NULL,10,'2016-10-27 02:57:40','2016-10-27 02:52:07','114.61.41.119','114.61.41.119',6),(70,'13361868829','$2a$11$NyCgG6m8I9O1cs0WfW.ozuGiXgYbRupc6Ms7dF1dR2a2vdg/.qGfe',NULL,NULL,NULL,17,'2016-08-20 10:04:11','2016-08-20 09:36:46','180.157.208.114','180.157.208.114',6),(71,'13681790405','$2a$11$lUsq5lRlDIyV/9V8UX5dAe.W4/ahChHhszUfYuoloKjSYyjqZN4A2',NULL,NULL,NULL,2,'2016-08-20 20:57:44','2016-08-10 12:30:37','112.64.128.10','118.205.123.104',NULL),(72,'18018624692','$2a$11$DBZ4f3cqDK4kAFk1FMhNBOt/B4GRkaRpFnVlmZlhLYJHTbghFQAou',NULL,NULL,NULL,1,'2016-08-11 06:23:25','2016-08-11 06:23:25','222.70.61.174','222.70.61.174',NULL),(73,'186001707131','$2a$11$P83S32LpzhpZqPezJ2iDkudf7rYScDvRhemA9Ne3CXIo4lt/TlPu6',NULL,NULL,NULL,1,'2016-08-15 06:48:25','2016-08-15 06:48:25','180.155.120.162','180.155.120.162',NULL),(74,'13817798408','$2a$11$Y0zT9rw/E7Z0XnYVnzNUZOshKFgiWF.X/NsuSx.q2dF4bTe8biwmW',NULL,NULL,NULL,3,'2016-08-17 09:14:13','2016-08-17 08:07:13','118.133.23.7','118.133.23.7',6),(75,'18916550896','$2a$11$p4PJJp56hmlTKF6iJgdv/uu44FShAtpRxjaT4J2IStp3Y74iU0Zje',NULL,NULL,NULL,5,'2016-08-26 07:54:47','2016-08-25 17:33:53','112.64.128.10','101.90.253.25',6),(76,'15000453707','$2a$11$M6RWzwbMiqG03mVuY2dclOTdnH1/bGEg80pv7XZP0VulxLDkch3fa',NULL,NULL,NULL,7,'2016-10-20 12:12:29','2016-10-20 11:45:15','112.64.128.10','112.64.128.10',6),(77,'13918656799','$2a$11$qoPBoeH62y9J63Gswr8WjOy8KBWrQ3RTaTISNk.N.vKm0qKooy2A.',NULL,NULL,NULL,2,'2016-08-31 16:43:08','2016-08-30 15:17:37','183.193.151.236','112.64.128.10',6),(78,'13701668794','$2a$11$x9vJsg9DcOOD/6HGBz3vN.GZqfcqje7w6SouqRPKFy1GofaMZrcLq',NULL,NULL,NULL,10,'2016-10-20 11:55:11','2016-10-20 11:53:53','180.158.136.242','180.158.136.242',19),(79,'13681925420','$2a$11$gjE71IEZGpxcxYBi.2F9p.WQdT9vLs97R7Y4PhjBEzoY19fKEp6uO',NULL,NULL,NULL,1,'2016-09-02 15:28:53','2016-09-02 15:28:53','117.87.39.212','117.87.39.212',12),(80,'13801992440','$2a$11$Oa5hVJFlH56PcZfxOy.XIOUJImZEmf5cZzVMHLvcQZ4mVk43LJllS',NULL,NULL,NULL,2,'2016-09-03 19:23:37','2016-09-03 19:18:26','139.226.2.137','139.226.2.137',25),(81,'13918256594','$2a$11$lu036Q4W/oj4.KYI2ex.3eAcCl5a2yqjijmbZCWVvxIayQvMppBNi',NULL,NULL,NULL,5,'2016-10-18 11:27:24','2016-10-17 16:14:59','117.184.198.54','117.184.198.59',3),(82,'13381695135','$2a$11$T5NIVP10JwLbwyt6VpVgzOti0nejwBfOam1CTP5k/WxDdfNhT4OBe',NULL,NULL,NULL,10,'2016-09-05 09:34:56','2016-09-05 08:21:09','112.64.128.10','180.174.245.155',7),(83,'13817246760','$2a$11$1w8kJfdC1vZjVYAo3.xXq.ZUPrihsrIMEhJ0DziZqA7Lp8rjIj1Um',NULL,NULL,NULL,1,'2016-09-04 16:05:07','2016-09-04 16:05:07','222.71.118.23','222.71.118.23',6),(84,'13311786782','$2a$11$7e.tJq4aWN9s8Pr5HLIlN.I09Rbbf1D7PG2EKYi8QYnlvO59jHGkq',NULL,NULL,NULL,10,'2016-11-08 17:10:17','2016-10-20 08:54:07','101.80.122.139','211.95.5.226',11),(85,'18221863520','$2a$11$1lBHRLY/eh.lV/iIc5ptje9VRNEabp.oDLVY3E0Sq12XZQOpaBsre',NULL,NULL,NULL,4,'2016-09-05 09:28:31','2016-09-04 21:08:58','219.220.176.6','211.161.245.40',15),(86,'18621567189','$2a$11$bQ0WU8XdggFn75lG67QqE.Q3NUvQ2O1xZzS7bWgaEfIH0gZ8DFYU.',NULL,NULL,NULL,2,'2016-09-05 09:07:46','2016-09-04 20:24:27','223.166.32.204','223.166.32.204',8),(87,'18621528631','$2a$11$own7HUSud6.5p7kR3PfBCOC.OWPGRwwYU0Y0rhAGDAOEStPM4WbCm',NULL,NULL,NULL,2,'2016-09-09 10:48:33','2016-09-04 23:49:00','116.226.20.51','180.154.28.129',21),(88,'15601686401','$2a$11$GHoGa.iJt0dmsTdmTmJqO.XpqgG88UGhr3dOB5XbcPrQ4F3AXGzGm',NULL,NULL,NULL,5,'2016-09-07 21:53:14','2016-09-05 12:49:56','183.193.39.31','116.224.106.144',17),(89,'13801804822','$2a$11$2BDVaIaz8.ueJV3OWI4KvOlEwVXT9ul9QCNDxNCxBQ6Yg49i21kOq',NULL,NULL,NULL,1,'2016-10-17 10:51:28','2016-10-17 10:51:28','112.64.128.10','112.64.128.10',NULL),(90,'15721490062','$2a$11$KtqOTK99ZiXrLvBDmxD1TeLkzgkR/9DF.ntRRocuZsu5YxE5t6W/O',NULL,NULL,NULL,2,'2016-10-17 16:13:07','2016-10-17 13:29:26','112.64.128.10','112.64.128.10',6),(91,'18717934621','$2a$11$1yfwruuarK5RCMLjSyf96Ow7Avar4SWXGiyIcnm9CIk.PoAlNS3z6',NULL,NULL,NULL,17,'2016-11-08 14:44:37','2016-11-04 13:26:43','222.44.47.11','116.226.92.38',21),(92,'13611993570','$2a$11$ypWwAoiW4/stMpGZOCCg4.qNy1wquZfF4h2k.Ub6DnPpt8VEHP3ra',NULL,NULL,NULL,23,'2016-11-10 11:47:21','2016-11-09 21:03:21','101.95.169.142','218.79.220.246',19),(93,'13651974375','$2a$11$tRA6ZQB9D4nVgQPXU.yuMue1UzzYIvXU3B/i5/lRinrNU.nICwSmq',NULL,NULL,NULL,7,'2016-10-19 20:17:56','2016-10-18 19:55:46','124.79.61.154','124.79.61.154',35),(94,'13795341871','$2a$11$SZMGf.6VHWvEnRu6LBzmle1dzksgo3.Hwf1uLRNZMX/ngqM5Z0DUG',NULL,NULL,NULL,4,'2016-10-19 22:33:44','2016-10-19 06:56:39','222.72.132.173','222.72.132.173',11),(95,'18717940422','$2a$11$HUAiEEUwcUfGH3v0QcCnG.ZEuLVsVQrHRNbomp0PLxQDCr9s0j2DG',NULL,NULL,NULL,6,'2016-10-24 12:45:50','2016-10-24 12:32:17','116.228.43.36','116.226.20.114',21),(96,'13361860589','$2a$11$1wSzz1asS1Pw.1yxyT.hF.zhZb/RrW5wMUHmecpaRmtgym1eP92Ya',NULL,NULL,NULL,12,'2016-11-10 19:37:33','2016-10-20 10:58:19','116.234.65.15','58.246.149.178',27),(97,'13671882258','$2a$11$YeatnJx7bsNBap4h4ExdhuZ4TaAB/pA9pL.LXVkT3aGUIcO.oPb3a',NULL,NULL,NULL,6,'2016-10-20 10:59:37','2016-10-20 00:49:59','223.104.5.230','58.247.240.231',19),(98,'13764123803','$2a$11$Fuk3XLqb07ZEw9OVN4opU.zPI9IVDQaz965lR5kPcQkqkpQU8gix6',NULL,NULL,NULL,2,'2016-10-20 09:48:01','2016-10-20 08:21:21','117.136.8.230','117.144.202.146',20),(99,'18917733739','$2a$11$g7bjix1HkdMug1yN8QK.EOTO3yrUgRV7UDldsk893.PwgcilSrMbq',NULL,NULL,NULL,4,'2016-10-21 21:31:55','2016-10-20 11:19:01','121.236.152.119','116.236.145.226',12),(100,'18017196713','$2a$11$Nh2n6Cw83usn31k02mkDIOcRJlAWdNsd5hT11EBGYEZdaF8wmAkn2',NULL,NULL,NULL,9,'2016-10-20 14:58:08','2016-10-20 14:57:08','223.166.115.157','223.166.115.157',8),(101,'13482454103','$2a$11$8YV4181.TvnyA902ZpuZSOkweLgCw.8J1U0HYw6BSKJF80Rgds1hu',NULL,NULL,NULL,1,'2016-10-20 13:56:33','2016-10-20 13:56:33','211.161.242.19','211.161.242.19',6),(102,'hahaha','$2a$11$6qLR/5NAa5KVWdO5a2NJfuWzdP8bRDGTfKHWHm3XlOikLVQYBpfxa',NULL,NULL,NULL,1,'2016-11-08 21:47:12','2016-11-08 21:47:12','101.85.207.44','101.85.207.44',NULL);
/*!40000 ALTER TABLE `players` ENABLE KEYS */;
UNLOCK TABLES;

--
-- Table structure for table `schema_migrations`
--

DROP TABLE IF EXISTS `schema_migrations`;
/*!40101 SET @saved_cs_client     = @@character_set_client */;
/*!40101 SET character_set_client = utf8 */;
CREATE TABLE `schema_migrations` (
  `version` varchar(255) COLLATE utf8_unicode_ci NOT NULL,
  UNIQUE KEY `unique_schema_migrations` (`version`)
) ENGINE=InnoDB DEFAULT CHARSET=utf8 COLLATE=utf8_unicode_ci;
/*!40101 SET character_set_client = @saved_cs_client */;

--
-- Dumping data for table `schema_migrations`
--

LOCK TABLES `schema_migrations` WRITE;
/*!40000 ALTER TABLE `schema_migrations` DISABLE KEYS */;
INSERT INTO `schema_migrations` VALUES ('20160704101826'),('20160704103345'),('20160704104242'),('20160704104346'),('20160704104615'),('20160704113516'),('20160704152737'),('20160704183100'),('20160705015700'),('20160705025438'),('20160705095052'),('20160705124717'),('20160705135319'),('20160705141155'),('20160705153246'),('20160705153254'),('20160705153302'),('20160705153311'),('20160705155409'),('20160705160831'),('20160705161548'),('20160706043949'),('20160706044442'),('20160706044947'),('20160706054446'),('20160706073347'),('20160706105100'),('20160706131525'),('20160706132440'),('20160706132513'),('20160707080915'),('20160707080948'),('20160707182423'),('20160715161858'),('20160716102722'),('20160716140723'),('20160716140847'),('20160716142409'),('20160811221327'),('20160811221936'),('20160811223257'),('20160811224048'),('20160816060517'),('20160817111038'),('20160817111046'),('20160823134904'),('20160823200850'),('20160824082257'),('20160906025139');
/*!40000 ALTER TABLE `schema_migrations` ENABLE KEYS */;
UNLOCK TABLES;

--
-- Table structure for table `schools`
--

DROP TABLE IF EXISTS `schools`;
/*!40101 SET @saved_cs_client     = @@character_set_client */;
/*!40101 SET character_set_client = utf8 */;
CREATE TABLE `schools` (
  `id` int(11) NOT NULL AUTO_INCREMENT,
  `name` varchar(255) COLLATE utf8_unicode_ci DEFAULT NULL,
  `address` varchar(255) COLLATE utf8_unicode_ci DEFAULT NULL,
  `created_at` datetime NOT NULL,
  `updated_at` datetime NOT NULL,
  PRIMARY KEY (`id`)
) ENGINE=InnoDB AUTO_INCREMENT=36 DEFAULT CHARSET=utf8 COLLATE=utf8_unicode_ci;
/*!40101 SET character_set_client = @saved_cs_client */;

--
-- Dumping data for table `schools`
--

LOCK TABLES `schools` WRITE;
/*!40000 ALTER TABLE `schools` DISABLE KEYS */;
INSERT INTO `schools` VALUES (1,'上海健康医学院',NULL,'2016-07-07 23:20:33','2016-07-07 23:20:33'),(2,'上海出版印刷高等专科学校',NULL,'2016-07-07 23:20:33','2016-07-07 23:20:33'),(3,'上海公安高等专科学校',NULL,'2016-07-07 23:20:33','2016-07-07 23:20:33'),(4,'上海工艺美术职业学院',NULL,'2016-07-07 23:20:33','2016-07-07 23:20:33'),(5,'上海旅游高等专科学校',NULL,'2016-07-07 23:20:33','2016-07-07 23:20:33'),(6,'上海电子信息职业技术学院',NULL,'2016-07-07 23:20:33','2016-07-07 23:20:33'),(7,'上海农林职业技术学院',NULL,'2016-07-07 23:20:33','2016-07-07 23:20:33'),(8,'上海行健职业学院',NULL,'2016-07-07 23:20:33','2016-07-07 23:20:33'),(9,'上海海事职业技术学院',NULL,'2016-07-07 23:20:33','2016-07-07 23:20:33'),(10,'上海交通职业技术学院',NULL,'2016-07-07 23:20:33','2016-07-07 23:20:33'),(11,'上海城建职业学院',NULL,'2016-07-07 23:20:33','2016-07-07 23:20:33'),(12,'上海科学技术职业学院',NULL,'2016-07-07 23:20:33','2016-07-07 23:20:33'),(13,'上海体育职业学院',NULL,'2016-07-07 23:20:33','2016-07-07 23:20:33'),(14,'上海工会管理职业学院',NULL,'2016-07-07 23:20:33','2016-07-07 23:20:33'),(15,'上海工商外国语职业学院',NULL,'2016-07-07 23:20:34','2016-07-07 23:20:34'),(16,'上海立达职业技术学院',NULL,'2016-07-07 23:20:34','2016-07-07 23:20:34'),(17,'上海东海职业技术学院',NULL,'2016-07-07 23:20:34','2016-07-07 23:20:34'),(18,'上海工商职业技术学院',NULL,'2016-07-07 23:20:34','2016-07-07 23:20:34'),(19,'上海济光职业技术学院',NULL,'2016-07-07 23:20:34','2016-07-07 23:20:34'),(20,'上海中侨职业技术学院',NULL,'2016-07-07 23:20:34','2016-07-07 23:20:34'),(21,'上海思博职业技术学院',NULL,'2016-07-07 23:20:34','2016-07-07 23:20:34'),(22,'上海震旦职业学院',NULL,'2016-07-07 23:20:34','2016-07-07 23:20:34'),(23,'上海邦德职业技术学院',NULL,'2016-07-07 23:20:34','2016-07-07 23:20:34'),(24,'上海电影艺术职业学院',NULL,'2016-07-07 23:20:34','2016-07-07 23:20:34'),(25,'上海民远职业技术学院',NULL,'2016-07-07 23:20:34','2016-07-07 23:20:34'),(26,'上海第二工业大学高等职业技术学院',NULL,'2016-07-07 23:20:34','2016-07-07 23:20:34'),(27,'上海工程技术大学高职学院',NULL,'2016-07-07 23:20:34','2016-07-07 23:20:34'),(28,'上海电机学院高职学院',NULL,'2016-07-07 23:20:34','2016-07-07 23:20:34'),(29,'上海商学院高等技术学院',NULL,'2016-07-07 23:20:34','2016-07-07 23:20:34'),(30,'上海应用技术大学高职学院',NULL,'2016-07-07 23:20:34','2016-07-07 23:20:34'),(31,'上海立信会计学院高职学院',NULL,'2016-07-07 23:20:34','2016-07-07 23:20:34'),(32,'上海民航职业技术学院',NULL,'2016-07-07 23:20:34','2016-07-07 23:20:34'),(33,'上海杉达学院',NULL,'2016-07-07 23:20:34','2016-07-07 23:20:34'),(34,'信息化教学指导委员会',NULL,'2016-08-15 09:27:23','2016-08-15 09:27:23'),(35,'上海海事大学高等技术学院',NULL,'2016-10-20 14:04:34','2016-10-20 14:04:34');
/*!40000 ALTER TABLE `schools` ENABLE KEYS */;
UNLOCK TABLES;

--
-- Table structure for table `talk_competition_opuses`
--

DROP TABLE IF EXISTS `talk_competition_opuses`;
/*!40101 SET @saved_cs_client     = @@character_set_client */;
/*!40101 SET character_set_client = utf8 */;
CREATE TABLE `talk_competition_opuses` (
  `id` int(11) NOT NULL AUTO_INCREMENT,
  `content` varchar(255) COLLATE utf8_unicode_ci DEFAULT NULL,
  `recruit_id` int(11) DEFAULT NULL,
  `created_at` datetime NOT NULL,
  `updated_at` datetime NOT NULL,
  PRIMARY KEY (`id`),
  KEY `index_talk_competition_opuses_on_recruit_id` (`recruit_id`)
) ENGINE=InnoDB AUTO_INCREMENT=89 DEFAULT CHARSET=utf8 COLLATE=utf8_unicode_ci;
/*!40101 SET character_set_client = @saved_cs_client */;

--
-- Dumping data for table `talk_competition_opuses`
--

LOCK TABLES `talk_competition_opuses` WRITE;
/*!40000 ALTER TABLE `talk_competition_opuses` DISABLE KEYS */;
INSERT INTO `talk_competition_opuses` VALUES (1,' 专业英语的项目化教学方式改革',22,'2016-08-19 10:25:05','2016-08-19 10:34:20'),(2,'《程序设计语言JAVA》说课',13,'2016-08-29 14:25:41','2016-08-29 14:25:41'),(3,'信息化说课比赛',7,'2016-08-29 16:39:00','2016-08-29 16:39:00'),(4,'信息大类教师说课比赛',20,'2016-08-29 19:53:33','2016-08-29 19:53:33'),(5,'信息化说课大赛',17,'2016-08-30 10:03:48','2016-08-30 10:03:48'),(6,'2016上海高职院校电子信息说课比赛 ',6,'2016-08-30 11:15:44','2016-08-30 11:15:44'),(7,'测量技术',23,'2016-08-30 14:14:48','2016-08-30 14:14:48'),(8,'2016 年上海高等职业院校电子信息大类教师说课比赛',16,'2016-08-30 23:43:38','2016-08-30 23:43:38'),(9,'计算机应用基础说课',14,'2016-08-31 01:38:18','2016-10-31 00:06:09'),(10,'《生产与检验III》说课',24,'2016-08-31 16:44:25','2016-08-31 16:44:25'),(11,'紧扣社会需求，强调工作过程——《电子书设计与制作》课程设计',8,'2016-08-31 17:05:00','2016-08-31 17:05:00'),(12,'2016年上海市高等职业院校（其他类专业）说课大赛',25,'2016-09-02 15:37:19','2016-09-02 15:37:19'),(13,'酒店英语听说课程说课',26,'2016-09-03 19:41:26','2016-09-03 19:41:26'),(14,'《危险物品管理》说课',27,'2016-09-04 11:28:37','2016-09-04 11:28:37'),(15,'说课大赛',29,'2016-09-04 16:20:51','2016-09-04 16:20:51'),(16,'《病原生物与免疫》说课提纲和PPT',30,'2016-09-04 22:12:53','2016-09-04 22:12:53'),(17,'《广告设计与实务》说课',33,'2016-09-04 23:55:43','2016-09-04 23:55:43'),(18,'《综合西班牙语Ⅰ》说课',32,'2016-09-05 09:34:06','2016-09-05 09:34:06'),(19,'说课大赛',28,'2016-09-05 09:36:47','2016-09-05 09:36:47'),(20,'校中企 做中学 信息化',31,'2016-09-05 09:38:57','2016-09-05 09:38:57'),(21,'《软装设计制作实训》说课提纲和说课ppt',34,'2016-09-05 11:40:39','2016-09-05 11:40:39'),(22,'二维动画制作',35,'2016-09-05 12:51:36','2016-09-05 12:51:36'),(23,'2016上海高职院校电子信息说课比赛 ',36,'2016-09-06 09:37:10','2016-09-06 09:37:10'),(24,'信息化说课比赛',37,'2016-09-06 09:37:18','2016-09-06 09:37:18'),(25,'二维动画制作',38,'2016-09-07 12:13:55','2016-09-07 12:13:55'),(26,'《软装设计制作实训》说课提纲和说课ppt',39,'2016-09-07 12:14:00','2016-09-07 12:14:00'),(27,'《广告设计与实务》说课',40,'2016-09-07 12:14:05','2016-09-07 12:14:05'),(28,'《综合西班牙语Ⅰ》说课',41,'2016-09-07 12:14:10','2016-09-07 12:14:10'),(29,'校中企 做中学 信息化',42,'2016-09-07 12:14:15','2016-09-07 12:14:15'),(30,'《病原生物与免疫》说课提纲和PPT',43,'2016-09-07 12:14:22','2016-09-07 12:14:22'),(31,'《病原生物与免疫》说课提纲和PPT',NULL,'2016-09-07 12:14:29','2016-09-07 12:14:29'),(32,'《病原生物与免疫》说课提纲和PPT',NULL,'2016-09-07 12:14:34','2016-09-07 12:14:34'),(33,'说课大赛',44,'2016-09-07 12:14:39','2016-09-07 12:14:39'),(34,'说课大赛',45,'2016-09-07 12:14:45','2016-09-07 12:14:45'),(35,'《危险物品管理》说课',46,'2016-09-07 12:14:55','2016-09-07 12:14:55'),(36,'酒店英语听说课程说课',47,'2016-09-07 12:15:04','2016-09-07 12:15:04'),(37,'2016年上海市高等职业院校（其他类专业）说课大赛',48,'2016-09-07 12:15:13','2016-09-07 12:15:13'),(38,'紧扣社会需求，强调工作过程——《电子书设计与制作》课程设计',49,'2016-09-07 13:46:33','2016-09-07 13:46:33'),(39,'打造办公室多面手',50,'2016-09-07 13:46:40','2016-09-07 13:46:40'),(40,'《程序设计语言JAVA》说课',51,'2016-09-08 08:21:10','2016-09-08 08:21:10'),(41,'打造办公室多面手',NULL,'2016-09-08 08:21:16','2016-09-08 08:21:16'),(42,'2016 年上海高等职业院校电子信息大类教师说课比赛',52,'2016-09-08 08:21:21','2016-09-08 08:21:21'),(43,'信息化说课大赛',53,'2016-09-08 08:21:28','2016-09-08 08:21:28'),(44,'信息大类教师说课比赛',54,'2016-09-08 08:21:36','2016-09-08 08:21:36'),(45,'测量技术',55,'2016-09-08 08:22:07','2016-09-08 08:22:07'),(46,'《生产与检验III》说课',56,'2016-09-08 14:26:43','2016-09-08 14:26:43'),(47,'测试',57,'2016-10-17 13:36:26','2016-10-17 13:36:26'),(48,'说课',59,'2016-10-17 16:55:12','2016-10-17 16:55:12'),(49,'汽车电器技术',69,'2016-10-19 09:51:35','2016-10-19 09:51:35'),(50,'建筑材料说课',67,'2016-10-19 22:40:01','2016-10-19 22:40:01'),(51,'建筑设计入门课程说课',70,'2016-10-19 23:39:12','2016-10-19 23:39:12'),(52,'国际货运代理',66,'2016-10-20 00:31:26','2016-10-20 00:31:26'),(53,'课程定位、课程设计',NULL,'2016-10-20 08:45:14','2016-10-20 08:47:11'),(54,'课程定位、课程设计、课程实施、课程改革',61,'2016-10-20 08:47:11','2016-10-20 08:47:11'),(55,'说课',63,'2016-10-20 08:59:24','2016-10-20 08:59:24'),(56,'计算机应用基础课程说课',71,'2016-10-20 09:21:02','2016-10-28 20:05:56'),(57,'基础会计说课',72,'2016-10-20 09:47:19','2016-10-20 09:47:19'),(58,'上海市高等职业院校教师说课大赛',60,'2016-10-20 09:51:04','2016-10-20 09:51:04'),(59,'shuoke ',68,'2016-10-20 10:59:36','2016-10-20 10:59:36'),(60,'《数控机床故障诊断与维修》说课',73,'2016-10-20 11:02:52','2016-10-20 11:02:52'),(61,'说课',75,'2016-10-20 11:46:43','2016-10-20 11:46:43'),(62,'软装设计制作实训课程',76,'2016-10-20 12:17:07','2016-10-20 12:17:07'),(63,'《汽车传感器及应用》课程教学改革与创新说课',78,'2016-10-20 14:30:29','2016-10-20 14:30:29'),(64,'2016年高等职业院校说课大赛',74,'2016-10-20 14:52:08','2016-10-20 14:52:08'),(65,'《汽车传感器及应用》课程教学改革与创新说课',79,'2016-10-24 12:15:16','2016-10-24 12:15:16'),(66,'汽车电器技术',NULL,'2016-10-24 12:18:02','2016-10-24 12:18:02'),(67,'汽车电器技术',65,'2016-10-24 12:38:42','2016-10-24 12:38:42'),(68,'程序设计语言JAVA说课',77,'2016-10-24 15:20:16','2016-10-24 15:20:16'),(69,'数控加工工艺制订',62,'2016-10-24 15:52:58','2016-10-24 15:52:58'),(70,'说课',80,'2016-10-31 08:12:17','2016-10-31 08:12:17'),(71,'软装设计制作实训课程',81,'2016-10-31 08:12:25','2016-10-31 08:12:25'),(72,'说课',82,'2016-10-31 08:12:29','2016-10-31 08:12:29'),(73,'计算机应用基础课程说课',83,'2016-10-31 08:12:34','2016-10-31 08:12:34'),(74,'说课',84,'2016-10-31 08:12:38','2016-10-31 08:12:38'),(75,'程序设计语言JAVA说课',85,'2016-10-31 08:12:42','2016-10-31 08:12:42'),(76,'基础会计说课',86,'2016-10-31 08:12:46','2016-10-31 08:12:46'),(77,'2016年高等职业院校说课大赛',87,'2016-10-31 08:12:50','2016-10-31 08:12:50'),(78,'国际货运代理',88,'2016-10-31 08:12:55','2016-10-31 08:12:55'),(79,'上海市高等职业院校教师说课大赛',89,'2016-10-31 08:13:15','2016-10-31 08:13:15'),(80,'课程定位、课程设计、课程实施、课程改革',90,'2016-10-31 08:13:21','2016-10-31 08:13:21'),(81,'数控加工工艺制订',91,'2016-10-31 08:13:28','2016-10-31 08:13:28'),(82,'汽车电器技术',92,'2016-10-31 08:13:33','2016-10-31 08:13:33'),(83,'建筑材料说课',93,'2016-10-31 08:13:38','2016-10-31 08:13:38'),(84,'shuoke ',94,'2016-10-31 08:13:44','2016-10-31 08:13:44'),(85,'建筑设计入门课程说课',95,'2016-10-31 08:13:49','2016-10-31 08:13:49'),(86,'《数控机床故障诊断与维修》说课',96,'2016-10-31 08:13:54','2016-10-31 08:13:54'),(87,'《汽车传感器及应用》课程教学改革与创新说课',97,'2016-10-31 08:14:06','2016-10-31 08:14:06'),(88,'《数控机床故障诊断与维修》说课',NULL,'2016-10-31 08:14:11','2016-10-31 08:14:11');
/*!40000 ALTER TABLE `talk_competition_opuses` ENABLE KEYS */;
UNLOCK TABLES;

--
-- Table structure for table `talk_competition_recruits`
--

DROP TABLE IF EXISTS `talk_competition_recruits`;
/*!40101 SET @saved_cs_client     = @@character_set_client */;
/*!40101 SET character_set_client = utf8 */;
CREATE TABLE `talk_competition_recruits` (
  `id` int(11) NOT NULL AUTO_INCREMENT,
  `player_id` int(11) DEFAULT NULL,
  `school_id` int(11) DEFAULT NULL,
  `activity_id` int(11) DEFAULT NULL,
  `created_at` datetime NOT NULL,
  `updated_at` datetime NOT NULL,
  `school_person` varchar(255) COLLATE utf8_unicode_ci DEFAULT NULL,
  `school_phone` varchar(255) COLLATE utf8_unicode_ci DEFAULT NULL,
  `name` varchar(255) COLLATE utf8_unicode_ci DEFAULT NULL,
  `comment` text COLLATE utf8_unicode_ci,
  `work_time` varchar(255) COLLATE utf8_unicode_ci DEFAULT NULL,
  `total_score` int(11) DEFAULT '0',
  `avg_score` float DEFAULT NULL,
  `score_count` int(11) DEFAULT NULL,
  `position` int(11) DEFAULT NULL,
  PRIMARY KEY (`id`),
  KEY `index_talk_competition_recruits_on_player_id` (`player_id`),
  KEY `index_talk_competition_recruits_on_school_id` (`school_id`),
  KEY `index_talk_competition_recruits_on_activity_id` (`activity_id`),
  CONSTRAINT `fk_rails_6d2d0e9c4d` FOREIGN KEY (`activity_id`) REFERENCES `activities` (`id`),
  CONSTRAINT `fk_rails_7b0a6c0542` FOREIGN KEY (`school_id`) REFERENCES `schools` (`id`),
  CONSTRAINT `fk_rails_fb78ac0920` FOREIGN KEY (`player_id`) REFERENCES `players` (`id`)
) ENGINE=InnoDB AUTO_INCREMENT=98 DEFAULT CHARSET=utf8 COLLATE=utf8_unicode_ci;
/*!40101 SET character_set_client = @saved_cs_client */;

--
-- Dumping data for table `talk_competition_recruits`
--

LOCK TABLES `talk_competition_recruits` WRITE;
/*!40000 ALTER TABLE `talk_competition_recruits` DISABLE KEYS */;
INSERT INTO `talk_competition_recruits` VALUES (6,10,16,2,'2016-07-08 00:39:38','2016-07-08 00:39:38','陈晓敏','13812903342','高级Web程序开发实训 ','1、C#语言程序设计	，一周4学时\r\n2、程序设计基础，一周6	学时\r\n3、面向对象程序设计，一周4学时\r\n4、高级Web程序开发实训，一周14学时\r\n5、网页制作，一周3学时\r\n6、毕业设计，一周12学时\r\n','2005-07',0,NULL,NULL,NULL),(7,11,32,2,'2016-07-08 01:17:43','2016-07-08 01:17:43','陆周','13671528459','导游业务','《导游业务》是我校航空旅游专业的核心课程，具有很强的实践操作性，故为理实一体课程，同时也是学生报考导游证的核心课程。在教室里系统学习理论知识，在实训室通过信息技术进行可视化教程学习，校企合作单位的特级导游员带学生到景区现场指导学生进行导游技能技巧实践。此外，通过计算机网络、手机、微信等通讯工具加强课余学习。本课程学习通过现代信息技术，实行理实一体化，校企融合，课程标准与职业标准无缝对接。','1991.8',0,NULL,NULL,NULL),(8,14,2,2,'2016-07-08 01:42:24','2016-07-08 01:42:24','周樊华','13321833668','电子书设计与制作','《电子书设计与制作》主要在图文信息处理印刷媒体设计方向，图文信息处理数字媒体制作方向，图文信息处理数字印前技术方向讲授，其教学目标是使学生掌握电子书设计与制作的相关理论和实践知识，教学内容以图形、图像素材准备，数字媒体素材准备，电子书设计制作为主。电子书的设计与制作是综合运用图形、图像，数字媒体，版设设计，颜色搭配等知识的过程，学生需要具备处理传统媒体素材、数字媒体素材、版式设计、颜色搭配等方面的综合能力。随着电子书刊需求的日益增多，具备电子书刊设计与制作能力的人才需求也会越来越多，所以本课程的开设非常有必要。','2010-07',0,NULL,NULL,NULL),(12,28,32,2,'2016-07-08 06:45:06','2016-07-08 06:45:06','陈玮','13818079264','电工学','电路基础、模拟电子、数字电子、飞机电气','2007.9',0,NULL,NULL,NULL),(13,27,12,2,'2016-07-10 04:45:52','2016-07-10 04:45:52','陈春兰','18916566065','程序设计语言JAVA','2013-2014学年：程序设计语言JAVA，数据库技术\r\n2014-2015学年：程序设计语言JAVA，数据库技术，Android应用与开发\r\n2015-2016学年：程序设计语言JAVA，数据库技术，Android应用与开发','2004-07',0,NULL,NULL,NULL),(14,32,21,2,'2016-07-10 14:52:38','2016-07-10 14:52:38','曹君','13012885388','计算机应用基础','       计算机应用基础课程是一门面向全校大一学生的必修课、基础课。\r\n1.课时：72学时。\r\n2.计算机应用基础课程的定位是：\r\n       培养学生的主动学习能力，培养学生具备良好的实践操作能力，培养学生具有较高的信息素养，培养学生具备较好的就业技能，同时课证融合使学生考取一到两个有权威的信息或计算机方面的证书。\r\n3.课程内容：\r\n        计算机基础课程充分利用高职院校灵活的教学机制，打破原有的课程结构，通过微视频和翻转课堂将原有计算机基础的内容的进行压缩，以岗位需求为前提，大力开发信息应用技术 “1+X”中，X模块的开发。即与专业相适应的特色模块的开发。X模块主要包括：	《信息技术实用教程》、	《计算机史话》、	《Photoshop高级应用》、《Word高级应用》、《PowerPoint高级应用》、《计算机伦理学概论》等。采取必修课与选修课相结合的方式提高学生的操作技能与信息素养。\r\n4.本课程的教学目标：\r\n       根据本课程的性质与作用，并结合高职教育对人才培养的定位我们确定了《计算机应用基础》课程的教学目标。即：在必要的理论知识支撑下，突出学生的技能培养，并使学生具备良好的计算机道德素养。\r\n        知识目标：\r\n                掌握信息技术的基本理论知识以及应用软件的基础知识\r\n        技能目标：\r\n                熟悉计算机操作系统的使用\r\n                具备网络基本操作技能及维护信息安全的能力\r\n                具备综合使用办公应用软件及设备完成日常工作任务的能力\r\n                具备利用多媒体技术及网站制作技术完成日常信息发布与更新的能力\r\n                具备电子商务实务能力\r\n                具备大数据初步处理能力\r\n        素养目标\r\n               具备计算机伦理道德意识\r\n               具备计算机思维能力\r\n        情感目标\r\n               学生积极进取，具备克服困难的能力\r\n               具有自主学习的能力\r\n               学生具备严谨的学习态度\r\n               学生具有解决问题的能力\r\n               具有竞争意识\r\n               具有创新能力\r\n               学生具有团队意识\r\n        发展目标\r\n               学生零适应工作岗位的办公环境\r\n               为学生后续专业发展打下坚实的基础\r\n5.教学方法\r\n     1）.专业案例法\r\n     2）.任务驱动法\r\n     3）.循环教学法\r\n     4）.个别指导法\r\n     5）.思维引导法\r\n     6）混合式教学法\r\n        此外我们也在教学中适当地引入：引导法、演示法、讨论法等多种教学法。教无定式，我们会根据不同班级，不同学生特点采取多样，灵活的教学方法。这一点就需要我们教师在教学中拥有丰富的经验，不断地在教学方法中进行研究。\r\n6.课程取得的成绩：\r\n         计算机应用基础课程参加上海市计算机等级考试，2010-2015年连续六年获得高职高专第一名的好成绩。\r\n          2014年获得了上海市级精品课程。\r\n          2013年我校参加了全国大学生计算机应用能力与素养大赛，我校学生获得MOS  Word 2010项目二等奖。\r\n          2016年全国大学生计算机应用能力与素养大赛我们是第二次参赛，本次我们参加的是Excel赛项，结果获团体二等奖，3位学生分别获一等奖、二等奖、三等奖。 ','1996.7',0,NULL,NULL,NULL),(16,39,17,2,'2016-07-11 05:50:15','2016-07-11 05:50:15','华丽丽','18017103163','移动媒体开发及应用','《移动媒体开发及应用》课程是计算机应用技术专业的专业必修课，该课程主要讲授移动端app的设计和开发，运用app inventor工具实现。该课程旨在培养学生的编程思维习惯及提高学生的逻辑思维能力和合作能力。该课程共68课时，其中实践课程40课时，理论课程28课时，因此学生动手探索的时间较多。在平时的授课中，较多的运用了任务驱动教学模式。该课程最终的考核方式包括平时成绩和期末成绩两部分，其中期末考试的方式是让学生动手实现app的设计，然后根据设计的app写出课程报告，并进行答辩。该课程难度适中，比较适合高职学生的现状，授课效果较为理想。','2015-08',0,NULL,NULL,NULL),(17,51,3,2,'2016-07-14 02:28:12','2016-07-14 02:28:12','梅智明','13818224790','基层警务信息应用——网上办案平台接报分系统应用','      从事《基层警务信息应用》课程的教授工作。自2013年以来分别在我校治安、监管二专科学员、公安部属院校、军转干部、新任民警学员中开展教学工作。本课是适用于我校各专业学员的专业基础课程。单元教学目标是通过教学实训，培养学员熟练掌握、规范使用公安信息平台接处案事件的实战技能。\r\n    本课程字开展以来在学员中广受好评，取得了良好的教学效果，实现了我校人才培养与公安实战需求的一致性。','2009-01-01',0,NULL,NULL,NULL),(18,52,6,2,'2016-07-14 02:36:45','2016-07-14 02:36:45','陈林河','15001710758','无线接入技术与设备运行维护','通信制图与概预算、通信工程设计综合实训、无线接入技术与设备运行维护、通信电源','1999-09-01',0,NULL,NULL,NULL),(19,53,6,2,'2016-07-14 02:56:29','2016-07-14 02:56:29','陈林河','15001710758','现代通信技术基础','现代通信技术基础\r\n常用仪器使用','2003-09-01',0,NULL,NULL,NULL),(20,54,3,2,'2016-07-14 03:18:12','2016-07-14 03:18:12','梅智明','13818224790','《程序设计基础》','       本人从事《程序设计基础》课程教学工作。本课程是我校网络安全与执法专业基础课程，该课程打破了以往知识传授为主的传统学科课程模式，采用了以工作任务为中心的项目课程模式。教师在课堂教学中，对于程序设计的理论知识点首先进行网上发布，便于学员开展课前预习，课中通过实例演示进行详解，让学员加深对程序设计的理解。在课后实习与作业布置环节，由教师发布任务，学生在教师指导下，自主完成小程序的设计、编写、运行。 同时，教师还在课堂上为学生进行编程示范，在规范学生编码的同时，进一步锻炼了他们自主编写程序的能力。','2010-11-01',0,NULL,NULL,NULL),(21,69,6,2,'2016-08-10 11:46:31','2016-08-10 11:46:31','张亮','18018624692','数控加工工艺制订','     本人主要讲授数控技术专业理论和实践课程。包括数控加工工艺制订、CAD/CAM软件应用、数控加工中级能力训练、数控加工综合能力训练等。获得2015年度教学教案评比一等奖，申报建设了《数控加工工艺制订》院级精品课程。主编《数控加工工艺及编程》教材一部。\r\n    本人近三年主要讲授的课程如下：\r\n课程名称	                   周学时     	      届数	    学生总人数\r\n数控加工工艺制订	      4	                3	        230\r\nCAD/CAM软件应用	      6	                3	        280\r\n数控加工中级能力训练	30学时*3周	2	        60\r\n数控加工综合能力训练	30学时*3周	2	       50\r\n    ','2001-07-01',0,NULL,NULL,NULL),(22,74,6,2,'2016-08-17 08:12:00','2016-08-17 08:12:00','张亮','18018624692','专业英语','主讲机电一体化电子电工技术，虚拟仪器，专业英语等课程。','2006-08-15',0,NULL,NULL,NULL),(23,76,6,2,'2016-08-30 12:08:49','2016-08-30 12:08:49','林军','13801743688','测量技术II','测量技术I；测量技术II；电工基础；光纤通信技术','2003-07',0,NULL,NULL,NULL),(24,77,6,2,'2016-08-30 15:24:59','2016-08-30 15:24:59','陈林河','15001710758','《生产与检验III》','主要承担应用电子技术专业专业课的授课，包括《微控制器应用》、《小型电子产品的实现与调试》、《电子产品制图与制板》、《电子产品的设计与制作》等。','2003-07-01',0,NULL,NULL,NULL),(25,79,12,2,'2016-09-02 15:34:43','2016-09-02 15:34:43','陈春兰','18916566065','社会调查方法','近三年来承担的主要课程有：\r\n（1）《社会工作概论》 57学时，三届，136 人\r\n（2）《社会学基础》57学时，三届，136 人\r\n（3）《社会调查方法》 57学时，三届，127人\r\n（4）《青少年社会工作》 34学时，三届， 127人\r\n（5）《社会工作法规与政策》 34学时，三届，117人','2005-07-01',0,NULL,NULL,NULL),(26,80,25,2,'2016-09-03 19:37:59','2016-09-03 19:37:59','黄莹','18621565471','酒店英语听说','主讲的课程情况如下：\r\n1.大学英语：考试课，学期总学时是64学时，采用的教材是《21世纪大学实用英语》综合教程，教学方式是理论讲授学生互动教学法。\r\n2.外贸函电： 考查课，学期总学时是48学时，采用的教材是《外贸函电简明教程》，教学方式是多媒体信息技术化教学法。\r\n3.酒店英语听说：考查课，学期总学时是48学时，采用的教材是《酒店英语视听说教程》，教学方式是多媒体信息技术化教学法及情景教学法。\r\n4.旅游专业英语：考查课，学期总学时是48学时，采用的教材是《21世纪实用旅游英语教程》，教学方式是多媒体信息技术化及情景教学法。\r\n5.英语专业听力：考查课，学期总学时是48学时，采用的教材是《致用英语听力教程》，教学方式是多媒体信息技术化及隐性分层教学法。\r\n6.艺术专业英语：考查课，学期总学时是42学时，采用的教材是《艺术英语阅读教程》，教学方式是多媒体信息技术化教学法。','2007-09-01',0,NULL,NULL,NULL),(27,81,3,2,'2016-09-04 11:21:16','2016-09-04 11:21:16','顾晔真','13901904745','危险物品管理','2008年8月-2010年10月，中科院上海药物研究所助理研究员，先后讲授《药物代谢学》《酶学》等研究生课程。\r\n2014年2月-2015年6月，上海市公安局兼职教官，先后讲授《派出所基础勤务》《PDA盘查》等在职民警培训课程。\r\n2015年7月至今，上海公安高等专科学校中级教官、讲师，《治安行政案件办理》课程组成员，该课程为第二专科治安管理专业的专业核心课，也是交通管理、刑事侦查、警察指挥与战术等专业的通用课程，以及相关专业在职培训的必设课程，已于2016年6月获评“上海市级精品课程”；担任《危险物品管理》课程开发建设和主讲教师，该课程是治安学专业必修的专业核心课，也是外警研修和在职民警培训课程，以及其他公安专业的拓展选修课。','2008-07-01',0,NULL,NULL,NULL),(28,82,7,2,'2016-09-04 15:15:35','2016-09-04 15:15:35','钱大海','18017900029','动物防疫与检疫技术','        近三年主要承担高职动物医学专业相关课程的教学工作，主要包括《动物防疫与检疫技术》、《兽医免疫学》、《动物疫病》、《微生物与免疫》等专业课程，总计1152学时。','2013年8月',0,NULL,NULL,NULL),(29,83,6,2,'2016-09-04 16:10:02','2016-09-04 16:10:02','郑峰','13817246760','IT职场英语','2013年9月-2016 年6月：实用英语1-2《新标准公共英语》； 实用英语3-4《IT职场英语》。','2004-07-01',0,NULL,NULL,NULL),(30,84,11,2,'2016-09-04 16:51:49','2016-09-04 16:51:49','韩明飞','13311786782','病原生物与免疫学','《精神障碍护理学》、《护理心理学》、《人际沟通》、《病原生物与免疫学》、《病理学》','202207',0,NULL,NULL,NULL),(31,86,8,2,'2016-09-04 20:31:34','2016-09-04 20:31:34','张静','18621567189','三维动画','三维动画\r\n影视数字特效','2008.7',0,NULL,NULL,NULL),(32,85,15,2,'2016-09-04 21:05:26','2016-09-04 21:05:26','张磊','13774240030','《综合西班牙语Ⅰ》','1、2003.9-2013.3  黑龙江大学西语学院西班牙专业\r\n   承担西班牙语专业主干课程的教学，主讲课程有：基础西班牙语、高级西班牙语、   西班牙语阅读、西班牙语情景会话等。周课时18—22节。\r\n\r\n2、2013.4至今    上海工商外国语职业学院西班牙语系\r\n   承担应用西班牙语专业主干课程的教学，主讲课程有：综合西班牙语、西班牙语阅读、西班牙语听力等。周课时12—16节。\r\n','2003-07-01',0,NULL,NULL,NULL),(33,87,21,2,'2016-09-04 23:54:29','2016-09-04 23:54:29','商晏铭','18621528631','《广告设计与实务》',' 课程名称                    类型      课时    学生人数\r\n1.《设计色彩》                   专业技能课  4课时/周 1届约70人\r\n2.《Illusrtator》                   专业技能课  4课时/周 3届约180人\r\n3.《版式设计》                   专业技能课  4课时/周 1届约60人\r\n4.《3Dsmax基础》                专业技能课  4课时/周 2届约120人\r\n5.《基础技能实训（平面软件综合）》专业技能课  4课时/周 3届约120人\r\n6《广告设计与实务》              专业技能课  4课时/周 1届约60人\r\n\r\n承担的实践性教学\r\n1. 《毕业创作》         16届约30人\r\n','2013-09-10',0,NULL,NULL,NULL),(34,78,19,2,'2016-09-05 09:36:33','2016-09-05 09:36:33','唐雁','13701668794','软装设计制作实训','主要讲授软装模块课程：《艺术品与软装饰赏析》、《室内空间软装设计》、《软装设计制作实训》、《家具设计与选配》、《人体工程学》等\r\n2015 晨光计划基金\r\n课题名称：《基于信息化技术高职室内设计专业软装饰课程模块的建设实践》\r\n2016上海高校优秀青年教师科研专项基金\r\n课题名称：《信息化模拟教学法在人体工程学课程中的运用》\r\n','2009.7',0,NULL,NULL,NULL),(35,88,17,2,'2016-09-05 11:30:27','2016-09-05 11:30:27','华丽丽','18017103063','二维动画制作','主要教授《动画运动规律》、《二维动画制作》、《分镜头台本设计》、《视频编辑艺术》、《视频短片创作》','2009年9月',0,NULL,NULL,NULL),(36,10,16,5,'2016-09-06 09:37:10','2016-09-10 17:24:13','陈晓敏','13812903342','高级Web程序开发实训 ','1、C#语言程序设计	，一周4学时\r\n2、程序设计基础，一周6	学时\r\n3、面向对象程序设计，一周4学时\r\n4、高级Web程序开发实训，一周14学时\r\n5、网页制作，一周3学时\r\n6、毕业设计，一周12学时\r\n','2005-07',572,81.71,7,3),(37,11,32,5,'2016-09-06 09:37:18','2016-09-10 17:23:52','陆周','13671528459','导游业务','《导游业务》是我校航空旅游专业的核心课程，具有很强的实践操作性，故为理实一体课程，同时也是学生报考导游证的核心课程。在教室里系统学习理论知识，在实训室通过信息技术进行可视化教程学习，校企合作单位的特级导游员带学生到景区现场指导学生进行导游技能技巧实践。此外，通过计算机网络、手机、微信等通讯工具加强课余学习。本课程学习通过现代信息技术，实行理实一体化，校企融合，课程标准与职业标准无缝对接。','1991.8',534,76.29,7,2),(38,88,17,6,'2016-09-07 12:13:55','2016-09-10 13:41:34','华丽丽','18017103063','二维动画制作','主要教授《动画运动规律》、《二维动画制作》、《分镜头台本设计》、《视频编辑艺术》、《视频短片创作》','2009年9月',558,79.71,7,1),(39,78,19,6,'2016-09-07 12:14:00','2016-09-10 13:45:39','唐雁','13701668794','软装设计制作实训','主要讲授软装模块课程：《艺术品与软装饰赏析》、《室内空间软装设计》、《软装设计制作实训》、《家具设计与选配》、《人体工程学》等\r\n2015 晨光计划基金\r\n课题名称：《基于信息化技术高职室内设计专业软装饰课程模块的建设实践》\r\n2016上海高校优秀青年教师科研专项基金\r\n课题名称：《信息化模拟教学法在人体工程学课程中的运用》\r\n','2009.7',600,85.71,7,6),(40,87,21,6,'2016-09-07 12:14:05','2016-09-10 13:47:16','商晏铭','18621528631','《广告设计与实务》',' 课程名称                    类型      课时    学生人数\r\n1.《设计色彩》                   专业技能课  4课时/周 1届约70人\r\n2.《Illusrtator》                   专业技能课  4课时/周 3届约180人\r\n3.《版式设计》                   专业技能课  4课时/周 1届约60人\r\n4.《3Dsmax基础》                专业技能课  4课时/周 2届约120人\r\n5.《基础技能实训（平面软件综合）》专业技能课  4课时/周 3届约120人\r\n6《广告设计与实务》              专业技能课  4课时/周 1届约60人\r\n\r\n承担的实践性教学\r\n1. 《毕业创作》         16届约30人\r\n','2013-09-10',575,82.14,7,8),(41,85,15,6,'2016-09-07 12:14:10','2016-09-10 13:43:29','张磊','13774240030','《综合西班牙语Ⅰ》','1、2003.9-2013.3  黑龙江大学西语学院西班牙专业\r\n   承担西班牙语专业主干课程的教学，主讲课程有：基础西班牙语、高级西班牙语、   西班牙语阅读、西班牙语情景会话等。周课时18—22节。\r\n\r\n2、2013.4至今    上海工商外国语职业学院西班牙语系\r\n   承担应用西班牙语专业主干课程的教学，主讲课程有：综合西班牙语、西班牙语阅读、西班牙语听力等。周课时12—16节。\r\n','2003-07-01',561,80.14,7,4),(42,86,8,6,'2016-09-07 12:14:15','2016-09-10 13:49:12','张静','18621567189','三维动画','三维动画\r\n影视数字特效','2008.7',592,84.57,7,11),(43,84,11,6,'2016-09-07 12:14:22','2016-09-10 13:43:47','韩明飞','13311786782','病原生物与免疫学','《精神障碍护理学》、《护理心理学》、《人际沟通》、《病原生物与免疫学》、《病理学》','202207',603,86.14,7,2),(44,83,6,6,'2016-09-07 12:14:39','2016-09-10 13:48:15','郑峰','13817246760','IT职场英语','2013年9月-2016 年6月：实用英语1-2《新标准公共英语》； 实用英语3-4《IT职场英语》。','2004-07-01',595,85,7,10),(45,82,7,6,'2016-09-07 12:14:45','2016-09-10 13:46:33','钱大海','18017900029','动物防疫与检疫技术','        近三年主要承担高职动物医学专业相关课程的教学工作，主要包括《动物防疫与检疫技术》、《兽医免疫学》、《动物疫病》、《微生物与免疫》等专业课程，总计1152学时。','2013年8月',586,83.71,7,7),(46,81,3,6,'2016-09-07 12:14:55','2016-09-10 13:44:05','顾晔真','13901904745','危险物品管理','2008年8月-2010年10月，中科院上海药物研究所助理研究员，先后讲授《药物代谢学》《酶学》等研究生课程。\r\n2014年2月-2015年6月，上海市公安局兼职教官，先后讲授《派出所基础勤务》《PDA盘查》等在职民警培训课程。\r\n2015年7月至今，上海公安高等专科学校中级教官、讲师，《治安行政案件办理》课程组成员，该课程为第二专科治安管理专业的专业核心课，也是交通管理、刑事侦查、警察指挥与战术等专业的通用课程，以及相关专业在职培训的必设课程，已于2016年6月获评“上海市级精品课程”；担任《危险物品管理》课程开发建设和主讲教师，该课程是治安学专业必修的专业核心课，也是外警研修和在职民警培训课程，以及其他公安专业的拓展选修课。','2008-07-01',618,88.29,7,5),(47,80,25,6,'2016-09-07 12:15:04','2016-09-10 13:47:48','黄莹','18621565471','酒店英语听说','主讲的课程情况如下：\r\n1.大学英语：考试课，学期总学时是64学时，采用的教材是《21世纪大学实用英语》综合教程，教学方式是理论讲授学生互动教学法。\r\n2.外贸函电： 考查课，学期总学时是48学时，采用的教材是《外贸函电简明教程》，教学方式是多媒体信息技术化教学法。\r\n3.酒店英语听说：考查课，学期总学时是48学时，采用的教材是《酒店英语视听说教程》，教学方式是多媒体信息技术化教学法及情景教学法。\r\n4.旅游专业英语：考查课，学期总学时是48学时，采用的教材是《21世纪实用旅游英语教程》，教学方式是多媒体信息技术化及情景教学法。\r\n5.英语专业听力：考查课，学期总学时是48学时，采用的教材是《致用英语听力教程》，教学方式是多媒体信息技术化及隐性分层教学法。\r\n6.艺术专业英语：考查课，学期总学时是42学时，采用的教材是《艺术英语阅读教程》，教学方式是多媒体信息技术化教学法。','2007-09-01',535,76.43,7,9),(48,79,12,6,'2016-09-07 12:15:13','2016-09-10 13:42:48','陈春兰','18916566065','社会调查方法','近三年来承担的主要课程有：\r\n（1）《社会工作概论》 57学时，三届，136 人\r\n（2）《社会学基础》57学时，三届，136 人\r\n（3）《社会调查方法》 57学时，三届，127人\r\n（4）《青少年社会工作》 34学时，三届， 127人\r\n（5）《社会工作法规与政策》 34学时，三届，117人','2005-07-01',515,73.57,7,3),(49,14,2,5,'2016-09-07 13:46:33','2016-09-10 17:24:40','周樊华','13321833668','电子书设计与制作','《电子书设计与制作》主要在图文信息处理印刷媒体设计方向，图文信息处理数字媒体制作方向，图文信息处理数字印前技术方向讲授，其教学目标是使学生掌握电子书设计与制作的相关理论和实践知识，教学内容以图形、图像素材准备，数字媒体素材准备，电子书设计制作为主。电子书的设计与制作是综合运用图形、图像，数字媒体，版设设计，颜色搭配等知识的过程，学生需要具备处理传统媒体素材、数字媒体素材、版式设计、颜色搭配等方面的综合能力。随着电子书刊需求的日益增多，具备电子书刊设计与制作能力的人才需求也会越来越多，所以本课程的开设非常有必要。','2010-07',579,82.71,7,4),(50,32,21,5,'2016-09-07 13:46:40','2016-09-10 17:26:50','曹君','13012885388','计算机应用基础','       计算机应用基础课程是一门面向全校大一学生的必修课、基础课。\r\n1.课时：72学时。\r\n2.计算机应用基础课程的定位是：\r\n       培养学生的主动学习能力，培养学生具备良好的实践操作能力，培养学生具有较高的信息素养，培养学生具备较好的就业技能，同时课证融合使学生考取一到两个有权威的信息或计算机方面的证书。\r\n3.课程内容：\r\n        计算机基础课程充分利用高职院校灵活的教学机制，打破原有的课程结构，通过微视频和翻转课堂将原有计算机基础的内容的进行压缩，以岗位需求为前提，大力开发信息应用技术 “1+X”中，X模块的开发。即与专业相适应的特色模块的开发。X模块主要包括：	《信息技术实用教程》、	《计算机史话》、	《Photoshop高级应用》、《Word高级应用》、《PowerPoint高级应用》、《计算机伦理学概论》等。采取必修课与选修课相结合的方式提高学生的操作技能与信息素养。\r\n4.本课程的教学目标：\r\n       根据本课程的性质与作用，并结合高职教育对人才培养的定位我们确定了《计算机应用基础》课程的教学目标。即：在必要的理论知识支撑下，突出学生的技能培养，并使学生具备良好的计算机道德素养。\r\n        知识目标：\r\n                掌握信息技术的基本理论知识以及应用软件的基础知识\r\n        技能目标：\r\n                熟悉计算机操作系统的使用\r\n                具备网络基本操作技能及维护信息安全的能力\r\n                具备综合使用办公应用软件及设备完成日常工作任务的能力\r\n                具备利用多媒体技术及网站制作技术完成日常信息发布与更新的能力\r\n                具备电子商务实务能力\r\n                具备大数据初步处理能力\r\n        素养目标\r\n               具备计算机伦理道德意识\r\n               具备计算机思维能力\r\n        情感目标\r\n               学生积极进取，具备克服困难的能力\r\n               具有自主学习的能力\r\n               学生具备严谨的学习态度\r\n               学生具有解决问题的能力\r\n               具有竞争意识\r\n               具有创新能力\r\n               学生具有团队意识\r\n        发展目标\r\n               学生零适应工作岗位的办公环境\r\n               为学生后续专业发展打下坚实的基础\r\n5.教学方法\r\n     1）.专业案例法\r\n     2）.任务驱动法\r\n     3）.循环教学法\r\n     4）.个别指导法\r\n     5）.思维引导法\r\n     6）混合式教学法\r\n        此外我们也在教学中适当地引入：引导法、演示法、讨论法等多种教学法。教无定式，我们会根据不同班级，不同学生特点采取多样，灵活的教学方法。这一点就需要我们教师在教学中拥有丰富的经验，不断地在教学方法中进行研究。\r\n6.课程取得的成绩：\r\n         计算机应用基础课程参加上海市计算机等级考试，2010-2015年连续六年获得高职高专第一名的好成绩。\r\n          2014年获得了上海市级精品课程。\r\n          2013年我校参加了全国大学生计算机应用能力与素养大赛，我校学生获得MOS  Word 2010项目二等奖。\r\n          2016年全国大学生计算机应用能力与素养大赛我们是第二次参赛，本次我们参加的是Excel赛项，结果获团体二等奖，3位学生分别获一等奖、二等奖、三等奖。 ','1996.7',610,87.14,7,10),(51,27,12,5,'2016-09-08 08:21:10','2016-09-10 17:26:29','陈春兰','18916566065','程序设计语言JAVA','2013-2014学年：程序设计语言JAVA，数据库技术\r\n2014-2015学年：程序设计语言JAVA，数据库技术，Android应用与开发\r\n2015-2016学年：程序设计语言JAVA，数据库技术，Android应用与开发','2004-07',605,86.43,7,9),(52,39,17,5,'2016-09-08 08:21:21','2016-09-10 17:25:22','华丽丽','18017103163','移动媒体开发及应用','《移动媒体开发及应用》课程是计算机应用技术专业的专业必修课，该课程主要讲授移动端app的设计和开发，运用app inventor工具实现。该课程旨在培养学生的编程思维习惯及提高学生的逻辑思维能力和合作能力。该课程共68课时，其中实践课程40课时，理论课程28课时，因此学生动手探索的时间较多。在平时的授课中，较多的运用了任务驱动教学模式。该课程最终的考核方式包括平时成绩和期末成绩两部分，其中期末考试的方式是让学生动手实现app的设计，然后根据设计的app写出课程报告，并进行答辩。该课程难度适中，比较适合高职学生的现状，授课效果较为理想。','2015-08',584,83.43,7,6),(53,51,3,5,'2016-09-08 08:21:28','2016-09-10 17:23:20','梅智明','13818224790','基层警务信息应用——网上办案平台接报分系统应用','      从事《基层警务信息应用》课程的教授工作。自2013年以来分别在我校治安、监管二专科学员、公安部属院校、军转干部、新任民警学员中开展教学工作。本课是适用于我校各专业学员的专业基础课程。单元教学目标是通过教学实训，培养学员熟练掌握、规范使用公安信息平台接处案事件的实战技能。\r\n    本课程字开展以来在学员中广受好评，取得了良好的教学效果，实现了我校人才培养与公安实战需求的一致性。','2009-01-01',565,80.71,7,1),(54,54,3,5,'2016-09-08 08:21:36','2016-09-10 17:25:45','梅智明','13818224790','《程序设计基础》','       本人从事《程序设计基础》课程教学工作。本课程是我校网络安全与执法专业基础课程，该课程打破了以往知识传授为主的传统学科课程模式，采用了以工作任务为中心的项目课程模式。教师在课堂教学中，对于程序设计的理论知识点首先进行网上发布，便于学员开展课前预习，课中通过实例演示进行详解，让学员加深对程序设计的理解。在课后实习与作业布置环节，由教师发布任务，学生在教师指导下，自主完成小程序的设计、编写、运行。 同时，教师还在课堂上为学生进行编程示范，在规范学生编码的同时，进一步锻炼了他们自主编写程序的能力。','2010-11-01',560,80,7,8),(55,76,6,5,'2016-09-08 08:22:07','2016-09-10 17:25:01','林军','13801743688','测量技术II','测量技术I；测量技术II；电工基础；光纤通信技术','2003-07',617,88.14,7,5),(56,77,6,5,'2016-09-08 14:26:43','2016-09-10 17:26:08','陈林河','15001710758','《生产与检验III》','主要承担应用电子技术专业专业课的授课，包括《微控制器应用》、《小型电子产品的实现与调试》、《电子产品制图与制板》、《电子产品的设计与制作》等。','2003-07-01',586,83.71,7,8),(57,48,6,7,'2016-10-17 13:08:26','2016-10-17 13:08:26','陈林河','15001710758','11','11','2010-02-02',0,NULL,NULL,NULL),(58,90,6,7,'2016-10-17 13:45:50','2016-10-17 13:45:50','李华','15721490062','基础会计','11111','2012年7月',0,NULL,NULL,NULL),(59,81,3,7,'2016-10-17 16:41:46','2016-10-31 08:19:36','顾晔真','13901904745','危险物品管理','2008年8月-2010年10月，中科院上海药物研究所助理研究员，先后讲授《药物代谢学》《酶学》等研究生课程。\r\n2014年2月-2015年6月，上海市公安局兼职教官，先后讲授《派出所基础勤务》《PDA盘查》等在职民警培训课程。\r\n2015年7月至今，上海公安高等专科学校中级教官、讲师，《治安行政案件办理》课程组成员，该课程为第二专科治安管理专业的专业核心课，也是交通管理、刑事侦查、警察指挥与战术等专业的通用课程，以及相关专业在职培训的必设课程，已于2016年6月获评“上海市级精品课程”；担任《危险物品管理》课程开发建设和主讲教师，该课程将是治安专业第二专、本科学员必修的专业核心课，同时也是其他公安专业的拓展选修课、外警研修和在职民警培训课程。','2008-07-01',3,3,1,1),(60,91,21,7,'2016-10-17 18:18:39','2016-10-17 18:18:39','刘毅','15821929210','建筑施工技术','《建筑施工技术》是建筑工程技术专业的核心课程，主要介绍建筑工程各主要工种的施工工艺、施工技术和方法。','2011.09',0,NULL,NULL,NULL),(61,92,19,7,'2016-10-17 19:30:54','2016-10-17 19:30:54','陈昌明','13311793627','汽车发动机电控诊断与检测','2014学年第一学期   14级  汽车检测与维修技术专业学生  主讲汽车发动机电控诊断与检测\r\n2016学年第一学期   16级  汽车检测与维修技术专业学生  主讲汽车发动机电控诊断与检测','1968-08-05',0,NULL,NULL,NULL),(62,69,6,7,'2016-10-17 19:42:06','2016-10-17 19:42:06','张亮','18018624692','数控加工工艺制订','课程名称	                             周学时	       届数       学生人数\r\n数控加工工艺制订	                4	          3	         230\r\nCAD/CAM软件应用               	6	          3	        280\r\n数控加工中级能力训练	30学时*3周	  2	         60\r\n数控加工综合能力训练	30学时*3周	  2	         50\r\n    本人主要讲授数控技术专业理论和实践课程。包括数控加工工艺制订、CAD/CAM软件应用、数控加工中级能力训练、数控加工综合能力训练等。获得2015年度教学教案评比一等奖，申报建设了《数控加工工艺制订》院级精品课程。主编《数控加工工艺及编程》教材一部。\r\n','2001-07-01',0,NULL,NULL,NULL),(63,84,11,7,'2016-10-18 08:10:14','2016-10-31 08:08:26','韩明飞','13311786782','病原生物与免疫','《精神障碍护理学》、《护理心理学》、《病理学》、《病原生物与免疫》、《人际沟通》等课程。','2002-07-01',0,NULL,NULL,3),(64,91,21,2,'2016-10-18 08:50:20','2016-10-18 08:50:20','刘毅','15821929210','建筑施工技术','近三年担任《建筑CAD》、《建筑施工技术》、《建筑施工组织》等课程的讲授。','2011-09-01',0,NULL,NULL,NULL),(65,95,21,7,'2016-10-18 13:59:21','2016-10-18 13:59:21','曹君','13012885388','汽车电器技术','<汽车发动机构造与维修>、<汽车底盘构造与维修>、<汽车故障诊断>、<汽车维修工中级实训>、<汽车维修工高级实训>','200807',0,NULL,NULL,NULL),(66,93,35,7,'2016-10-18 14:35:43','2016-10-31 08:09:18','胡菊英','13817309166','国际货运代理','2010年入职以来，主讲过的课程有：本科《港口概论》；高职《国际货运代理》、《多式联运实务与法规》、《国际海运保险》、《运输保险》、《集装箱租赁与管理》、《商品包装》等。中职：《国际货运代理实务》、《物流配送》、《国际贸易实务》、《海运经济地理》、《物流与采购》、《数字化商务管理实训》、《数字化物流仓储实训》等。','2010.7',0,NULL,NULL,9),(67,94,11,7,'2016-10-19 06:47:03','2016-10-19 06:47:03','纪永','18916206652','建筑材料','《建筑材料》是我院建筑工程技术专业非常重要的一门专业基础课，是介绍建筑工程中各种材料性质、应用和检测的一门课，它为学习后面相继而来的其它课程如建筑结构、建筑施工技术、监理等奠定了重要的基础。建筑工程技术专业学生的就业岗位主要是土建五大员，通过对五大员的岗位分析，对于材料认知、选用、检测是必备的能力之一，通过本课程的学习，使学生掌握常用建筑材料的性能及其应用，掌握常用建筑材料的检测方法和检测技术，使学生具备建筑工程行业的材料员、施工员、质量员等岗位中所必备的专业职业能力。','1999-07-01',0,NULL,NULL,NULL),(68,96,27,7,'2016-10-19 08:42:38','2016-10-19 08:42:38','杜继涛','13651807800','铣工技能实训','《铣削实训（中级）》\r\n数控机床与编程\r\n模具制造基础实训等','1993.8',0,NULL,NULL,NULL),(69,95,21,2,'2016-10-19 09:44:12','2016-10-19 09:44:12','曹君','13012885388','汽车电器技术','《汽车发动机构造与维修》《汽车底盘构造与维修》《汽车电控技术》《汽车故障诊断与维修》《汽车维修高级工实训》《汽车维修中级工实训》','2008-07-01',0,NULL,NULL,NULL),(70,97,19,7,'2016-10-19 20:10:47','2016-10-19 20:10:47','岳华','13671882258','建筑设计入门','《建筑设计入门》是为高职建筑设计专业创建的职业基础课程。作为建筑设计专业的核心主干课程，本课程在专业人才培养体系中具有重要地位。本课程理论与实践并重，以实践技能培养为重点。课程设置从最基本的建筑空间设计入手，通过系统学习使学生逐步了解建筑设计的基本知识，提升认识水平及专业素养，同时，训练学生初步掌握建筑设计的方法、过程和表达技巧，旨在提升学生的专业认识能力、表达能力、创造能力和评价能力，并为后续的建筑设计课程打下良好的基础。课程教学以真实项目引领，注重对接行业发展新趋势，企业专家深度参与教学，并注重国际化教学理念的引入及氛围的营造。本课程获得2012年上海市市级精品课程称号。','2009-09-01',0,NULL,NULL,NULL),(71,32,21,7,'2016-10-20 09:00:18','2016-10-31 08:08:34','曹君','13012885388','计算机应用基础','1)	计算机应用基础               必修课             2014年申报并获批为上海市精品课程\r\n2)	信息化技术应用               必修课             参与教材编写，副主编\r\n3)	VB.NET程序设计             选修课             主讲\r\n4)     photoshop高级应用         选修课             主讲\r\n5)     计算机伦理学概论           选修课             教材主编\r\n','1996-07-16',0,NULL,NULL,4),(72,98,20,7,'2016-10-20 09:44:21','2016-10-31 08:09:02','刘莲辉','15692185656','基础会计','基础会计、中级财务会计','2015-03-01',0,NULL,NULL,7),(73,99,12,7,'2016-10-20 10:04:57','2016-10-20 10:04:57','孙星','18917733739','数控机床故障诊断与维修','《数控机床故障诊断与维修》为机电一体化专业学生计入学习后期必须学习的一门专业核心课程。重在捶打学生专业技术水平和操作技能，培养学生综合分析数控机床故障诊断的能力。','2010-07-01',0,NULL,NULL,NULL),(74,100,8,7,'2016-10-20 10:34:55','2016-10-31 08:09:11','胡琛','13611929466','酒店餐饮服务管理','《酒店管理概论》、《酒店餐饮服务管理》、《酒水服务基础与实务》','200907',0,NULL,NULL,8),(75,76,6,7,'2016-10-20 11:09:01','2016-10-31 08:08:43','林军','13801743688','测量技术2','序号	课程名称	课程性质          	周课时数	届数	学生总数\r\n1	测量技术I	专业基础课（中德合作）	2	5	176\r\n2	测量技术II	专业基础课（中德合作）	6	5	176\r\n3	传感器原理及应用	专业课	         4	2	 80','2003.07',0,NULL,NULL,5),(76,78,19,7,'2016-10-20 11:57:03','2016-10-31 08:08:21','唐雁','13701668794','软装制作实训','主要讲授软装模块课程：如《艺术品与软装饰赏析》、《室内空间软装设计》、《软装设计制作实训》、《家具设计与选配》、《人体工程学》等。\r\n2015 晨光计划基金\r\n课题名称：《基于信息化技术高职室内设计专业软装饰课程模块的建设实践》\r\n2016上海高校优秀青年教师科研专项基金\r\n课题名称：《信息化模拟教学法在人体工程学课程中的运用》\r\n','2009-07-01',0,NULL,NULL,2),(77,27,12,7,'2016-10-20 12:18:12','2016-10-31 08:08:49','陈春兰','18916566065','程序设计语言JAVA','“程序设计语言Java”是针对计算机相关专业的学生开设的一门专业核心课程。该门课程主要培养学生基本的逻辑思维能力，抽象思维与形象思维相结合的分析问题能力等。通过面向过程程序设计课程的学习，使学生掌握基本的编程规则，调试技能，分析方法等；通过面向对象程序设计思想和逻辑思维方式进行计算机编程实践，掌握使用Java技术进行软件代码设计的基本技能，同时发展学生的理论知识和实践技能。最终使学生能运用Java的基本理念和编程技术解决实际问题。\r\n','2004-07-15',0,NULL,NULL,6),(78,101,6,2,'2016-10-20 14:02:28','2016-10-20 14:02:28','林滔','13916055075','汽车传感器及应用','汽车传感器及应用，汽车车载网络与总线技术\r\n','2010-07-19',0,NULL,NULL,NULL),(79,101,6,7,'2016-10-24 12:15:16','2016-10-24 12:15:16','林滔','13916055075','汽车传感器及应用','汽车传感器及应用，汽车车载网络与总线技术\r\n','2010-07-19',NULL,NULL,NULL,NULL),(80,81,3,8,'2016-10-31 08:12:17','2016-10-31 15:38:17','顾晔真','13901904745','危险物品管理','2008年8月-2010年10月，中科院上海药物研究所助理研究员，先后讲授《药物代谢学》《酶学》等研究生课程。\r\n2014年2月-2015年6月，上海市公安局兼职教官，先后讲授《派出所基础勤务》《PDA盘查》等在职民警培训课程。\r\n2015年7月至今，上海公安高等专科学校中级教官、讲师，《治安行政案件办理》课程组成员，该课程为第二专科治安管理专业的专业核心课，也是交通管理、刑事侦查、警察指挥与战术等专业的通用课程，以及相关专业在职培训的必设课程，已于2016年6月获评“上海市级精品课程”；担任《危险物品管理》课程开发建设和主讲教师，该课程将是治安专业第二专、本科学员必修的专业核心课，同时也是其他公安专业的拓展选修课、外警研修和在职民警培训课程。','2008-07-01',805,89.44,9,1),(81,78,19,8,'2016-10-31 08:12:25','2016-10-31 15:38:39','唐雁','13701668794','软装制作实训','主要讲授软装模块课程：如《艺术品与软装饰赏析》、《室内空间软装设计》、《软装设计制作实训》、《家具设计与选配》、《人体工程学》等。\r\n2015 晨光计划基金\r\n课题名称：《基于信息化技术高职室内设计专业软装饰课程模块的建设实践》\r\n2016上海高校优秀青年教师科研专项基金\r\n课题名称：《信息化模拟教学法在人体工程学课程中的运用》\r\n','2009-07-01',774,86,9,2),(82,84,11,8,'2016-10-31 08:12:29','2016-10-31 15:40:36','韩明飞','13311786782','病原生物与免疫','《精神障碍护理学》、《护理心理学》、《病理学》、《病原生物与免疫》、《人际沟通》等课程。','2002-07-01',806,89.56,9,3),(83,32,21,8,'2016-10-31 08:12:34','2016-10-31 15:39:21','曹君','13012885388','计算机应用基础','1)	计算机应用基础               必修课             2014年申报并获批为上海市精品课程\r\n2)	信息化技术应用               必修课             参与教材编写，副主编\r\n3)	VB.NET程序设计             选修课             主讲\r\n4)     photoshop高级应用         选修课             主讲\r\n5)     计算机伦理学概论           选修课             教材主编\r\n','1996-07-16',823,91.44,9,4),(84,76,6,8,'2016-10-31 08:12:38','2016-10-31 15:40:24','林军','13801743688','测量技术2','序号	课程名称	课程性质          	周课时数	届数	学生总数\r\n1	测量技术I	专业基础课（中德合作）	2	5	176\r\n2	测量技术II	专业基础课（中德合作）	6	5	176\r\n3	传感器原理及应用	专业课	         4	2	 80','2003.07',832,92.44,9,5),(85,27,12,8,'2016-10-31 08:12:42','2016-10-31 15:41:04','陈春兰','18916566065','程序设计语言JAVA','“程序设计语言Java”是针对计算机相关专业的学生开设的一门专业核心课程。该门课程主要培养学生基本的逻辑思维能力，抽象思维与形象思维相结合的分析问题能力等。通过面向过程程序设计课程的学习，使学生掌握基本的编程规则，调试技能，分析方法等；通过面向对象程序设计思想和逻辑思维方式进行计算机编程实践，掌握使用Java技术进行软件代码设计的基本技能，同时发展学生的理论知识和实践技能。最终使学生能运用Java的基本理念和编程技术解决实际问题。\r\n','2004-07-15',831,92.33,9,6),(86,98,20,8,'2016-10-31 08:12:46','2016-10-31 15:41:59','刘莲辉','15692185656','基础会计','基础会计、中级财务会计','2015-03-01',796,88.44,9,7),(87,100,8,8,'2016-10-31 08:12:50','2016-10-31 15:42:16','胡琛','13611929466','酒店餐饮服务管理','《酒店管理概论》、《酒店餐饮服务管理》、《酒水服务基础与实务》','200907',775,86.11,9,8),(88,93,35,8,'2016-10-31 08:12:54','2016-10-31 16:05:13','胡菊英','13817309166','国际货运代理','2010年入职以来，主讲过的课程有：本科《港口概论》；高职《国际货运代理》、《多式联运实务与法规》、《国际海运保险》、《运输保险》、《集装箱租赁与管理》、《商品包装》等。中职：《国际货运代理实务》、《物流配送》、《国际贸易实务》、《海运经济地理》、《物流与采购》、《数字化商务管理实训》、《数字化物流仓储实训》等。','2010.7',778,86.44,9,9),(89,91,21,8,'2016-10-31 08:13:15','2016-10-31 16:01:12','刘毅','15821929210','建筑施工技术','《建筑施工技术》是建筑工程技术专业的核心课程，主要介绍建筑工程各主要工种的施工工艺、施工技术和方法。','2011.09',779,86.56,9,16),(90,92,19,8,'2016-10-31 08:13:21','2016-10-31 15:43:39','陈昌明','13311793627','汽车发动机电控诊断与检测','2014学年第一学期   14级  汽车检测与维修技术专业学生  主讲汽车发动机电控诊断与检测\r\n2016学年第一学期   16级  汽车检测与维修技术专业学生  主讲汽车发动机电控诊断与检测','1968-08-05',782,86.89,9,11),(91,69,6,8,'2016-10-31 08:13:27','2016-10-31 16:00:07','张亮','18018624692','数控加工工艺制订','课程名称	                             周学时	       届数       学生人数\r\n数控加工工艺制订	                4	          3	         230\r\nCAD/CAM软件应用               	6	          3	        280\r\n数控加工中级能力训练	30学时*3周	  2	         60\r\n数控加工综合能力训练	30学时*3周	  2	         50\r\n    本人主要讲授数控技术专业理论和实践课程。包括数控加工工艺制订、CAD/CAM软件应用、数控加工中级能力训练、数控加工综合能力训练等。获得2015年度教学教案评比一等奖，申报建设了《数控加工工艺制订》院级精品课程。主编《数控加工工艺及编程》教材一部。\r\n','2001-07-01',825,91.67,9,13),(92,95,21,8,'2016-10-31 08:13:33','2016-10-31 15:43:04','曹君','13012885388','汽车电器技术','<汽车发动机构造与维修>、<汽车底盘构造与维修>、<汽车故障诊断>、<汽车维修工中级实训>、<汽车维修工高级实训>','200807',800,88.89,9,10),(93,94,11,8,'2016-10-31 08:13:38','2016-10-31 16:01:52','纪永','18916206652','建筑材料','《建筑材料》是我院建筑工程技术专业非常重要的一门专业基础课，是介绍建筑工程中各种材料性质、应用和检测的一门课，它为学习后面相继而来的其它课程如建筑结构、建筑施工技术、监理等奠定了重要的基础。建筑工程技术专业学生的就业岗位主要是土建五大员，通过对五大员的岗位分析，对于材料认知、选用、检测是必备的能力之一，通过本课程的学习，使学生掌握常用建筑材料的性能及其应用，掌握常用建筑材料的检测方法和检测技术，使学生具备建筑工程行业的材料员、施工员、质量员等岗位中所必备的专业职业能力。','1999-07-01',855,95,9,18),(94,96,27,8,'2016-10-31 08:13:44','2016-10-31 16:00:59','杜继涛','13651807800','铣工技能实训','《铣削实训（中级）》\r\n数控机床与编程\r\n模具制造基础实训等','1993.8',778,86.44,9,15),(95,97,19,8,'2016-10-31 08:13:49','2016-10-31 16:01:27','岳华','13671882258','建筑设计入门','《建筑设计入门》是为高职建筑设计专业创建的职业基础课程。作为建筑设计专业的核心主干课程，本课程在专业人才培养体系中具有重要地位。本课程理论与实践并重，以实践技能培养为重点。课程设置从最基本的建筑空间设计入手，通过系统学习使学生逐步了解建筑设计的基本知识，提升认识水平及专业素养，同时，训练学生初步掌握建筑设计的方法、过程和表达技巧，旨在提升学生的专业认识能力、表达能力、创造能力和评价能力，并为后续的建筑设计课程打下良好的基础。课程教学以真实项目引领，注重对接行业发展新趋势，企业专家深度参与教学，并注重国际化教学理念的引入及氛围的营造。本课程获得2012年上海市市级精品课程称号。','2009-09-01',804,89.33,9,17),(96,99,12,8,'2016-10-31 08:13:54','2016-10-31 16:00:28','孙星','18917733739','数控机床故障诊断与维修','《数控机床故障诊断与维修》为机电一体化专业学生计入学习后期必须学习的一门专业核心课程。重在捶打学生专业技术水平和操作技能，培养学生综合分析数控机床故障诊断的能力。','2010-07-01',815,90.56,9,14),(97,101,6,8,'2016-10-31 08:14:06','2016-10-31 15:44:10','林滔','13916055075','汽车传感器及应用','汽车传感器及应用，汽车车载网络与总线技术\r\n','2010-07-19',809,89.89,9,12);
/*!40000 ALTER TABLE `talk_competition_recruits` ENABLE KEYS */;
UNLOCK TABLES;

--
-- Table structure for table `tasks`
--

DROP TABLE IF EXISTS `tasks`;
/*!40101 SET @saved_cs_client     = @@character_set_client */;
/*!40101 SET character_set_client = utf8 */;
CREATE TABLE `tasks` (
  `id` int(11) NOT NULL AUTO_INCREMENT,
  `mark_id` int(11) DEFAULT NULL,
  `expert_id` int(11) DEFAULT NULL,
  `recruit_id` int(11) DEFAULT NULL,
  `created_at` datetime NOT NULL,
  `updated_at` datetime NOT NULL,
  PRIMARY KEY (`id`),
  KEY `index_tasks_on_mark_id` (`mark_id`),
  KEY `index_tasks_on_expert_id` (`expert_id`),
  KEY `index_tasks_on_recruit_id` (`recruit_id`)
) ENGINE=InnoDB DEFAULT CHARSET=utf8 COLLATE=utf8_unicode_ci;
/*!40101 SET character_set_client = @saved_cs_client */;

--
-- Dumping data for table `tasks`
--

LOCK TABLES `tasks` WRITE;
/*!40000 ALTER TABLE `tasks` DISABLE KEYS */;
/*!40000 ALTER TABLE `tasks` ENABLE KEYS */;
UNLOCK TABLES;

--
-- Table structure for table `user_infos`
--

DROP TABLE IF EXISTS `user_infos`;
/*!40101 SET @saved_cs_client     = @@character_set_client */;
/*!40101 SET character_set_client = utf8 */;
CREATE TABLE `user_infos` (
  `id` int(11) NOT NULL AUTO_INCREMENT,
  `name` varchar(255) COLLATE utf8_unicode_ci NOT NULL,
  `id_card_type` int(11) DEFAULT NULL,
  `id_card` varchar(255) COLLATE utf8_unicode_ci DEFAULT NULL,
  `nation` varchar(255) COLLATE utf8_unicode_ci DEFAULT NULL,
  `gender` varchar(255) COLLATE utf8_unicode_ci DEFAULT NULL,
  `tel` varchar(255) COLLATE utf8_unicode_ci DEFAULT NULL,
  `created_at` datetime NOT NULL,
  `updated_at` datetime NOT NULL,
  `user_id` int(11) DEFAULT NULL,
  PRIMARY KEY (`id`)
) ENGINE=InnoDB AUTO_INCREMENT=4 DEFAULT CHARSET=utf8 COLLATE=utf8_unicode_ci;
/*!40101 SET character_set_client = @saved_cs_client */;

--
-- Dumping data for table `user_infos`
--

LOCK TABLES `user_infos` WRITE;
/*!40000 ALTER TABLE `user_infos` DISABLE KEYS */;
/*!40000 ALTER TABLE `user_infos` ENABLE KEYS */;
UNLOCK TABLES;

--
-- Table structure for table `users`
--

DROP TABLE IF EXISTS `users`;
/*!40101 SET @saved_cs_client     = @@character_set_client */;
/*!40101 SET character_set_client = utf8 */;
CREATE TABLE `users` (
  `id` int(11) NOT NULL AUTO_INCREMENT,
  `phone` varchar(255) COLLATE utf8_unicode_ci NOT NULL DEFAULT '',
  `encrypted_password` varchar(255) COLLATE utf8_unicode_ci NOT NULL DEFAULT '',
  `email` varchar(255) COLLATE utf8_unicode_ci DEFAULT NULL,
  `reset_password_token` varchar(255) COLLATE utf8_unicode_ci DEFAULT NULL,
  `reset_password_sent_at` datetime DEFAULT NULL,
  `remember_created_at` datetime DEFAULT NULL,
  `sign_in_count` int(11) NOT NULL DEFAULT '0',
  `current_sign_in_at` datetime DEFAULT NULL,
  `last_sign_in_at` datetime DEFAULT NULL,
  `current_sign_in_ip` varchar(255) COLLATE utf8_unicode_ci DEFAULT NULL,
  `last_sign_in_ip` varchar(255) COLLATE utf8_unicode_ci DEFAULT NULL,
  `created_at` datetime NOT NULL,
  `updated_at` datetime NOT NULL,
  `school_id` int(11) DEFAULT NULL,
  `type` varchar(255) COLLATE utf8_unicode_ci DEFAULT NULL,
  `tag` varchar(255) COLLATE utf8_unicode_ci DEFAULT NULL,
  PRIMARY KEY (`id`),
  UNIQUE KEY `index_users_on_phone` (`phone`),
  UNIQUE KEY `index_users_on_reset_password_token` (`reset_password_token`),
  KEY `index_users_on_school_id` (`school_id`)
) ENGINE=InnoDB AUTO_INCREMENT=80 DEFAULT CHARSET=utf8 COLLATE=utf8_unicode_ci;
/*!40101 SET character_set_client = @saved_cs_client */;

--
-- Dumping data for table `users`
--

LOCK TABLES `users` WRITE;
/*!40000 ALTER TABLE `users` DISABLE KEYS */;
INSERT INTO `users` VALUES (1,'13761964217','$2a$11$gb41BAr7qr5LUb5/DnABCOKV13pteIVD/mpvPSGT2BO4/i6a9j/G6','shtzr840329@gmail.com',NULL,NULL,NULL,3,'2016-07-18 09:55:10','2016-07-06 14:37:58','61.165.252.33','211.22.145.206','2016-07-06 13:06:09','2016-07-18 09:55:10',NULL,'Manager',NULL),(2,'上海健康医学院','$2a$11$twBk7yG/h3YJ3hyM7MZLgetkl/4qZQIuNsMEHqpJsRv1lrJ0Djl6q',NULL,NULL,NULL,NULL,6,'2016-08-15 07:12:31','2016-07-18 09:02:37','61.165.252.33','61.165.252.33','2016-07-07 23:20:34','2016-08-15 07:12:31',1,'SchoolUser',NULL),(3,'上海出版印刷高等专科学校','$2a$11$HCfeUzxoQPFfdIcHW7jgOuzz6GJVzCByU59Hg3UVvQorUyYpMyLXu',NULL,NULL,NULL,NULL,5,'2016-07-26 02:00:21','2016-07-08 07:26:15','110.180.26.83','140.207.35.3','2016-07-07 23:20:34','2016-07-26 02:00:21',2,'SchoolUser',NULL),(4,'上海公安高等专科学校','$2a$11$1yf6ROKvg5LEub53Jnrt.uVAJ.YPAgZ0X7O0u75KhLpOH/qEGYjja',NULL,NULL,NULL,NULL,12,'2016-08-29 15:31:58','2016-08-29 09:56:14','117.184.198.53','117.184.198.53','2016-07-07 23:20:34','2016-08-29 15:31:58',3,'SchoolUser',NULL),(5,'上海工艺美术职业学院','$2a$11$zXy27A7b1y.h/1crnd641uMYobedsBLpOWGwaN3TX8oeZWMnTis3e',NULL,NULL,NULL,NULL,0,NULL,NULL,NULL,NULL,'2016-07-07 23:20:34','2016-07-07 23:20:34',4,'SchoolUser',NULL),(6,'上海旅游高等专科学校','$2a$11$ge/vYN0vDwU1Lm/3fRkRkO5BiSRq3nr4Z60q5/BKYlPS/kYf4qU06',NULL,NULL,NULL,NULL,0,NULL,NULL,NULL,NULL,'2016-07-07 23:20:35','2016-07-07 23:20:35',5,'SchoolUser',NULL),(7,'上海电子信息职业技术学院','$2a$11$tyzM2v6QNNsS2o0C10RVEeBGILayKElIVu6rB8wHUHNh5DyPikMAm',NULL,NULL,NULL,NULL,10,'2016-08-15 07:13:36','2016-08-10 00:49:25','61.165.252.33','112.64.128.10','2016-07-07 23:20:35','2016-08-15 07:13:36',6,'SchoolUser',NULL),(8,'上海农林职业技术学院','$2a$11$Ro0u9.Ce67/armBszkokYObuwl3xnvbhPEW.mPmXBZzReQKKy9.r2',NULL,NULL,NULL,NULL,5,'2016-07-18 09:03:12','2016-07-15 05:56:02','61.165.252.33','116.228.1.211','2016-07-07 23:20:35','2016-07-18 09:03:12',7,'SchoolUser',NULL),(9,'上海行健职业学院','$2a$11$kZFrQnAL1Yr/gAmciWs8VOADCBFKtvbDZuNAs4w4B5/xDagstxjdu',NULL,NULL,NULL,NULL,3,'2016-07-08 05:13:43','2016-07-08 04:58:32','58.198.25.199','58.198.25.199','2016-07-07 23:20:35','2016-07-08 05:13:43',8,'SchoolUser',NULL),(10,'上海海事职业技术学院','$2a$11$AWLiiCrAdtlDXY8XbFtt5uCRQ89KA4d8/X0y9bx97ARoVrgsAqjnC',NULL,NULL,NULL,NULL,0,NULL,NULL,NULL,NULL,'2016-07-07 23:20:35','2016-07-07 23:20:35',9,'SchoolUser',NULL),(11,'上海交通职业技术学院','$2a$11$3OicWg7458SRlhtfr92JT.XXld3KvGxM9PfQqRp6Un42gQEnBKvEa',NULL,NULL,NULL,NULL,0,NULL,NULL,NULL,NULL,'2016-07-07 23:20:35','2016-07-07 23:20:35',10,'SchoolUser',NULL),(12,'上海城建职业学院','$2a$11$4mAHe7Lnuolli6dvFTmM6eXgC.s0qAwIvUYPQzA6gwBbicUfcnFxm',NULL,NULL,NULL,NULL,0,NULL,NULL,NULL,NULL,'2016-07-07 23:20:36','2016-07-07 23:20:36',11,'SchoolUser',NULL),(13,'上海科学技术职业学院','$2a$11$oGCH/8Exp0wI1dHbi1iyA.JxmmfOcj8vYmiQJS9jV05rmye0JfDm2',NULL,NULL,NULL,NULL,8,'2016-08-08 05:19:46','2016-07-10 04:41:05','116.236.145.226','116.236.145.226','2016-07-07 23:20:36','2016-08-08 05:19:46',12,'SchoolUser',NULL),(14,'上海体育职业学院','$2a$11$hTuCr8.WZIqdNZih/IWkS.mP7dyEjC4EaNQF40EB3K373kX0JwZeK',NULL,NULL,NULL,NULL,0,NULL,NULL,NULL,NULL,'2016-07-07 23:20:36','2016-07-07 23:20:36',13,'SchoolUser',NULL),(15,'上海工会管理职业学院','$2a$11$ZztbgRfP.TIqjB.kh3gBCOWzhQSpIl/GRju3q73UJwYiUsZYQ3GnO',NULL,NULL,NULL,NULL,0,NULL,NULL,NULL,NULL,'2016-07-07 23:20:36','2016-07-07 23:20:36',14,'SchoolUser',NULL),(16,'上海工商外国语职业学院','$2a$11$BbaCleU.ceWw6RQkiGVB/.H8nfkupMHfwu5fFwdxgvCxXm5E3a5da',NULL,NULL,NULL,NULL,0,NULL,NULL,NULL,NULL,'2016-07-07 23:20:36','2016-07-07 23:20:36',15,'SchoolUser',NULL),(17,'上海立达职业技术学院','$2a$11$sn8s3Xo0sJftXGufB018OOF3DrMp0luTSmPR5O1kNlomE2VwDLDqu',NULL,NULL,NULL,NULL,5,'2016-09-02 15:12:56','2016-07-08 01:55:41','120.204.252.42','120.204.252.42','2016-07-07 23:20:36','2016-09-02 15:12:56',16,'SchoolUser',NULL),(18,'上海东海职业技术学院','$2a$11$sRa0tMtkzE/8Sf1gSmk3VutPrXetFOr2PlRhrIYn9ufGpCwzk1Ssu',NULL,NULL,NULL,NULL,14,'2016-07-12 21:57:05','2016-07-12 04:36:21','112.65.62.225','58.247.96.30','2016-07-07 23:20:37','2016-07-12 21:57:05',17,'SchoolUser',NULL),(19,'上海工商职业技术学院','$2a$11$nOGfdcXO9mNFhL04THFPHerJdW2PAsXbWQAd4oPudYmDEcGeFHE5W',NULL,NULL,NULL,NULL,1,'2016-07-08 00:00:40','2016-07-08 00:00:40','58.39.22.186','58.39.22.186','2016-07-07 23:20:37','2016-07-08 00:00:40',18,'SchoolUser',NULL),(20,'上海济光职业技术学院','$2a$11$/r4EtW24jyx9upBI6ngvCOi5JPyMnmR0GinhdTPt/g7XmuT3e.8aq',NULL,NULL,NULL,NULL,0,NULL,NULL,NULL,NULL,'2016-07-07 23:20:37','2016-07-07 23:20:37',19,'SchoolUser',NULL),(21,'上海中侨职业技术学院','$2a$11$Mx6O/skttKtTdY6U672Hn.ZdWRDdchwm92/rSGqV0sxpv3snyvolS',NULL,NULL,NULL,NULL,0,NULL,NULL,NULL,NULL,'2016-07-07 23:20:37','2016-07-07 23:20:37',20,'SchoolUser',NULL),(22,'上海思博职业技术学院','$2a$11$mp8jLIM5.YIh5/koAGhpo.yXE4QqjQ4eG8pn/nsTC/f/6K3fPMAji',NULL,NULL,NULL,NULL,1,'2016-07-12 02:38:18','2016-07-12 02:38:18','58.216.157.27','58.216.157.27','2016-07-07 23:20:37','2016-07-12 02:38:18',21,'SchoolUser',NULL),(23,'上海震旦职业学院','$2a$11$1ldauSyEwdWjeDWVc/yTIuiyFEApvfaXt4DZZIXiDH2SvWwZaS9UW',NULL,NULL,NULL,NULL,0,NULL,NULL,NULL,NULL,'2016-07-07 23:20:37','2016-07-07 23:20:37',22,'SchoolUser',NULL),(24,'上海邦德职业技术学院','$2a$11$pR3Tlag8/JKdcz8/y1Tkcu29q04y/GJrzKiElceE7zSmMQVi.BjJC',NULL,NULL,NULL,NULL,0,NULL,NULL,NULL,NULL,'2016-07-07 23:20:38','2016-07-07 23:20:38',23,'SchoolUser',NULL),(25,'上海电影艺术职业学院','$2a$11$OPSuCEMscmyuwXtt4I0i5eW7H8f3YjUwpslRQWl7l/.gviwNqQlP2',NULL,NULL,NULL,NULL,0,NULL,NULL,NULL,NULL,'2016-07-07 23:20:38','2016-07-07 23:20:38',24,'SchoolUser',NULL),(26,'上海民远职业技术学院','$2a$11$ZJguH6sPL2L8kOpmTZeFLOYEX2b7UuIHIj9IBmcYOP5bhbpvwtLHO',NULL,NULL,NULL,NULL,13,'2016-07-15 07:26:20','2016-07-15 07:19:21','139.226.155.18','139.226.155.18','2016-07-07 23:20:38','2016-07-15 07:26:20',25,'SchoolUser',NULL),(27,'上海第二工业大学高等职业技术学院','$2a$11$Mcf8OWYqfkXNmErdBKoNlu..TqmlI5YE2A4f8vryf3Lls2SsPRaiW',NULL,NULL,NULL,NULL,0,NULL,NULL,NULL,NULL,'2016-07-07 23:20:38','2016-07-07 23:20:38',26,'SchoolUser',NULL),(28,'上海工程技术大学高职学院','$2a$11$JNmOl34d.ChncOvJvb821erWCeD7uHSeUSSrSOF4TVpgP/EitQ.8O',NULL,NULL,NULL,NULL,8,'2016-08-15 08:24:32','2016-08-09 05:59:17','222.70.62.25','203.110.167.2','2016-07-07 23:20:38','2016-08-15 08:24:32',27,'SchoolUser',NULL),(29,'上海电机学院高职学院','$2a$11$afkP1GWLy3V.k8S22s0K8ejPy8vzBVYqUzz2dj0mYzEniRS2idrUq',NULL,NULL,NULL,NULL,0,NULL,NULL,NULL,NULL,'2016-07-07 23:20:38','2016-07-07 23:20:38',28,'SchoolUser',NULL),(30,'上海商学院高等技术学院','$2a$11$XKyNoVXNJ9e2Hpd5ZliWwepQ9.r6hFL2ypPrvgCeB9xEbzx6oQusi',NULL,NULL,NULL,NULL,0,NULL,NULL,NULL,NULL,'2016-07-07 23:20:39','2016-07-07 23:20:39',29,'SchoolUser',NULL),(31,'上海应用技术大学高职学院','$2a$11$PTyUw1pxlFUK/1Vd06ZzFui8ZQWtqN7BcgKJQqZtsyyVC29bvqVxW',NULL,NULL,NULL,NULL,0,NULL,NULL,NULL,NULL,'2016-07-07 23:20:39','2016-07-07 23:20:39',30,'SchoolUser',NULL),(32,'上海立信会计学院高职学院','$2a$11$AdPX9FiWCg8vcKoeYDjMOeaHpF0Bfg1hgYBpOGKizBrHghjdQbBuO',NULL,NULL,NULL,NULL,0,NULL,NULL,NULL,NULL,'2016-07-07 23:20:39','2016-07-07 23:20:39',31,'SchoolUser',NULL),(33,'上海民航职业技术学院','$2a$11$SU64O4bF7IGEUNHklIW1b.mUk6TRrlrFVoZ24c87LK57Hi8j3wGPW',NULL,NULL,NULL,NULL,0,NULL,NULL,NULL,NULL,'2016-07-07 23:20:39','2016-07-07 23:20:39',32,'SchoolUser',NULL),(34,'上海杉达学院','$2a$11$tgYThlsu.axrxnwBtHBxte5UHqSp.Kj.X/C1hUl4kxUQ2PQnIKdjG',NULL,NULL,NULL,NULL,0,NULL,NULL,NULL,NULL,'2016-07-07 23:20:39','2016-07-07 23:20:39',33,'SchoolUser',NULL),(35,'00000000','$2a$11$oB.x2yD08w.UN9T8bnf6J.xVYNYR5czPoRVy6PF.yySaBsVz35UGC','admin@email.com',NULL,NULL,NULL,86,'2016-11-04 12:52:55','2016-10-31 15:58:58','112.64.128.10','180.173.176.39','2016-07-18 14:34:53','2016-11-04 12:52:55',NULL,'Manager',NULL),(36,'信息化教学指导委员会','$2a$11$STftyepwiHWk8vOm3uqphOGV96/RwsmDNiSMgnFkJ8yfwRBWRSdCK',NULL,NULL,NULL,NULL,33,'2016-10-17 13:38:49','2016-10-14 08:39:36','112.64.128.10','112.64.128.10','2016-08-15 09:28:10','2016-10-17 13:38:49',34,'SchoolUser',NULL),(42,'杨秀英','$2a$11$UZLVnjDrvJVPQpoT13uyd.E2U3vnWbbARGxMHzurCTGHD7oZ4leeG','12345678@qq.com',NULL,NULL,NULL,31,'2016-10-24 15:44:14','2016-10-24 12:19:39','112.64.128.10','112.64.128.10','2016-08-18 10:26:59','2016-10-24 15:44:14',NULL,'Expert',NULL),(43,'胡国胜','$2a$11$hcfZ1LkgCt8j723dTMDLHuhPW2hpdmMsr3Oazf8zWfeAsytvLXt0W','12345678@qq.com',NULL,NULL,NULL,9,'2016-08-25 08:40:39','2016-08-25 02:41:37','58.215.136.115','121.77.18.206','2016-08-18 10:27:18','2016-08-25 08:40:39',NULL,'Expert',NULL),(44,'林春方','$2a$11$7K3F73VeA9gY4yOocTCCmOXs.3S6O0hOvdFxfBqXV0E5LG85NCbCC','12345678@qq.com',NULL,NULL,NULL,3,'2016-08-19 12:15:57','2016-08-18 19:53:19','222.128.118.104','218.81.2.70','2016-08-18 10:27:36','2016-08-19 12:15:57',NULL,'Expert',NULL),(45,'曾本聪','$2a$11$GK9eFH3oNVuMqG1kD6kCXuDe6Y2iJ15zGanqLUYsXiT1qrEkkBAVO','12345678@qq.com',NULL,NULL,NULL,2,'2016-08-20 08:50:59','2016-08-20 08:47:36','183.193.151.107','183.193.151.107','2016-08-18 10:27:51','2016-08-20 08:50:59',NULL,'Expert',NULL),(46,'朱咏梅','$2a$11$YIEiqGGbpTvysTHJx9YokOM97hOcZJ4YYSUGeFlyLNvNMGoGJwQIK','12345678@qq.com',NULL,NULL,NULL,2,'2016-08-20 20:51:55','2016-08-20 06:55:14','58.38.179.216','58.38.179.216','2016-08-18 10:29:01','2016-08-20 20:51:55',NULL,'Expert',NULL),(47,'贾璐','$2a$11$kR4JhKVD9lw5bgJB83ZfMeCGhcnwmlWIxxAfG9oeRwRSoGpDAmAyi','12345678@qq.com',NULL,NULL,NULL,11,'2016-08-24 13:03:13','2016-08-23 09:22:04','112.64.128.10','112.64.128.10','2016-08-18 10:29:16','2016-08-24 13:03:13',NULL,'Expert',NULL),(48,'方林中','$2a$11$RMiV/rD1DtgkDMHN9ilWxu0Wd8lcdrJ5YKlHjEZ4YVGTN/kPBmFya','12345678@qq.com',NULL,NULL,NULL,1,'2016-08-20 09:22:28','2016-08-20 09:22:28','58.33.172.206','58.33.172.206','2016-08-18 10:29:31','2016-08-20 09:22:28',NULL,'Expert',NULL),(49,'冯江华','$2a$11$52KVd7TfS4qIgrpHZCUcX.XWu90c5uf1kGCWweql3.DblHfAPdBLG','12345678@qq.com',NULL,NULL,NULL,1,'2016-08-23 20:23:05','2016-08-23 20:23:05','218.81.2.70','218.81.2.70','2016-08-18 10:29:46','2016-08-23 20:23:05',NULL,'Expert',NULL),(50,'林军','$2a$11$Scj2G0wmFBRwHjL1N8nOKO70jEw9WMfiHjEgMQUFeK3qCwngi8wDi','12345678@qq.com',NULL,NULL,NULL,2,'2016-08-20 19:28:01','2016-08-19 10:15:03','183.192.37.162','183.192.38.235','2016-08-18 10:30:05','2016-08-20 19:28:01',NULL,'Expert',NULL),(51,'李晓峰','$2a$11$70KRemtkZbSHY.oEkzcP9.h2/lrzH0X37gajcFqJH9X6ngiWTwJcK','12345678@qq.com',NULL,NULL,NULL,4,'2016-08-20 00:29:33','2016-08-19 21:32:30','180.154.114.26','180.154.114.26','2016-08-18 10:30:19','2016-08-20 00:29:33',NULL,'Expert',NULL),(52,'魏民','$2a$11$P6ZjGCR1zsaHCVueDsa9uOtsC5xQ1jCd8lyKsvFhVWiD8ehsgkjS2','12345678@qq.com',NULL,NULL,NULL,4,'2016-09-23 10:58:45','2016-08-26 08:52:18','112.64.128.10','112.64.128.10','2016-08-18 10:30:34','2016-09-23 10:58:45',NULL,'Expert',NULL),(53,'廖昌华','$2a$11$LyindrRt5Fgn4Aqks7I.DuLeFd6JaAOvmAVHmV6EOfEvGrlgbGdP6','12345678@qq.com',NULL,NULL,NULL,4,'2016-08-26 10:26:01','2016-08-26 08:33:52','222.76.252.114','222.76.252.114','2016-08-18 10:30:52','2016-08-26 10:26:01',NULL,'Expert',NULL),(54,'徐国良','$2a$11$aeaKnFcv2eqFG3rkpZ3MJuMiukR68Kzr35XTcbag02JzCMowRk2g2','12345678@qq.com',NULL,NULL,NULL,23,'2016-10-31 07:27:48','2016-10-28 08:20:09','58.215.136.42','112.64.128.10','2016-08-18 10:31:08','2016-10-31 07:27:48',NULL,'Expert',NULL),(55,'董奇','$2a$11$./g5Cm28rSqnXbB6WQVQT.e7kJOQvuxqCCxV/OLdq0wTEizqEWr8.','12345678@qq.com',NULL,NULL,NULL,5,'2016-09-24 14:41:35','2016-08-25 21:58:45','101.229.83.74','180.154.127.76','2016-08-18 10:31:22','2016-09-24 14:41:35',NULL,'Expert',NULL),(56,'唐文晶','$2a$11$bDBV8aSOHRzh/akpNnPXb.A6hbKI.UI9fG1Qbn0EOZ/wu3g16Z8NW','12345678@qq.com',NULL,NULL,NULL,3,'2016-08-25 10:23:43','2016-08-25 09:03:31','219.143.130.50','219.143.130.50','2016-08-18 10:31:42','2016-08-25 10:23:43',NULL,'Expert',NULL),(57,'姜丽萍','$2a$11$OShYKVDN8rNhmexLA/ObaeCj3lNFBrUIy.LJGu/rVi6l6S1XkFuny','12345678@qq.com',NULL,NULL,NULL,3,'2016-08-27 10:46:32','2016-08-27 10:33:19','113.226.174.69','113.226.174.69','2016-08-18 10:31:56','2016-08-27 10:46:32',NULL,'Expert',NULL),(58,'袁晓玲','$2a$11$UWjFUFr8OONNfo4fP./eC.GUpA58A9/ENozAK20R.oIKtI5LOlj8C','12345678@qq.com',NULL,NULL,NULL,8,'2016-08-27 09:06:31','2016-08-25 20:36:19','222.240.215.226','175.11.84.104','2016-08-18 10:32:10','2016-08-27 09:06:31',NULL,'Expert',NULL),(59,'李毅杰','$2a$11$FuJByCDbWKmOr7AVZHnkhuHBxjpaARSpeq84lYyrDYmezlF9nz9Le','123@qq.com',NULL,NULL,NULL,13,'2016-11-10 08:53:23','2016-11-08 17:13:45','101.85.207.44','101.85.207.44','2016-08-18 22:10:12','2016-11-10 08:53:23',NULL,'Expert',NULL),(60,'刘民','$2a$11$0z.r8aX79kg07HXgVzRPfO8wwk9lnYrBcVq8vvypIxNnK7UM7eI3W','12345678@qq.com',NULL,NULL,NULL,1,'2016-08-25 08:39:09','2016-08-25 08:39:09','112.64.128.10','112.64.128.10','2016-08-23 22:09:04','2016-08-25 08:39:09',NULL,'Expert',NULL),(61,'詹昌明','$2a$11$JLO4ygwARIaS9u7IFdq9Au/G9zcB4hM1YLGIDacMCUMWWtV.0223i','12345678@qq.com',NULL,NULL,NULL,8,'2016-10-02 18:18:23','2016-09-10 08:08:12','114.61.192.41','112.64.128.10','2016-08-23 22:09:25','2016-10-02 18:18:23',NULL,'Expert',NULL),(62,'董大奎','$2a$11$nJO66/FD1DXPK89t6tUruOVpnCsB/sC00Z3zZovMZVm5beaP8DvPG','12345678@qq.com',NULL,NULL,NULL,3,'2016-09-06 13:48:13','2016-08-25 12:48:24','112.64.128.10','112.64.128.10','2016-08-23 22:09:41','2016-09-06 13:48:13',NULL,'Expert',NULL),(63,'孙暄','$2a$11$GsdUN4tk1/rCTCclPIc7ruhB4acIsFjc2XJeEaVYQe/7Bg7fEcdMe','12345678@qq.com',NULL,NULL,NULL,2,'2016-08-26 10:50:29','2016-08-25 08:39:57','112.64.128.10','112.64.128.10','2016-08-23 22:10:00','2016-08-26 10:50:29',NULL,'Expert',NULL),(64,'谢锦平','$2a$11$6jK/fz1yETA7GgTY/pqZHOAsCSSVBpwKdrS5yBXO0M7cuiD73Qwju','12345678@qq.com',NULL,NULL,NULL,6,'2016-10-31 07:26:29','2016-10-30 22:00:51','112.64.128.10','222.72.48.77','2016-08-23 22:10:14','2016-10-31 07:26:29',NULL,'Expert',NULL),(65,'张学龙','$2a$11$vPCOAn3Xarixt8ViN6FhC.s4ZqtXWcbNrbLfXrI5/x4WcWu6VDD6K','12345678@qq.com',NULL,NULL,NULL,3,'2016-10-31 08:19:45','2016-08-25 16:44:59','112.64.128.10','112.64.128.10','2016-08-23 22:10:33','2016-10-31 08:19:45',NULL,'Expert',NULL),(66,'陈解放','$2a$11$LRa/2hMqdxEl8OZWoJgDneCfAUU3hA/am/A5U6acUzP7oCeDbktvi','12345678@qq.com',NULL,NULL,NULL,15,'2016-10-31 07:30:44','2016-10-27 22:39:34','112.64.128.10','180.155.113.219','2016-09-02 13:47:28','2016-10-31 07:30:44',NULL,'Expert',NULL),(67,'胡颂恩','$2a$11$f.PiD5oFLADZKB/ZMHq7u.W1gOkOJQfAe0BgAQUQlU5kuWKZJFqP.','11@qq.com',NULL,NULL,NULL,7,'2016-11-01 10:56:08','2016-11-01 10:48:37','101.231.99.97','61.172.128.233','2016-09-02 13:48:04','2016-11-01 10:56:08',NULL,'Expert',NULL),(68,'陈锡宝','$2a$11$l7rdwUShTI4LReFts97GSeiN46.Up60SkJdJTh2IU/v9Eyoo2f0Zq','11@qq.com',NULL,NULL,NULL,2,'2016-09-10 08:06:48','2016-09-09 12:14:39','112.64.128.10','112.64.128.10','2016-09-02 13:48:21','2016-09-10 08:06:48',NULL,'Expert',NULL),(69,'潘家俊','$2a$11$z7L8xxELdRHeQGzvHpXeZOWTMP1atuOqYApBpYLyxriNT4mQyWPIO','11@qq.com',NULL,NULL,NULL,6,'2016-10-31 10:26:12','2016-10-31 08:30:53','112.64.128.10','112.64.128.10','2016-09-02 13:48:36','2016-10-31 10:26:12',NULL,'Expert',NULL),(70,'蔡红','$2a$11$5kQWYcOZIK1wjcuyfwNlVOpUJLavpKvyDz1lIpqYPocvqf10/Ip4C','11@qq.com',NULL,NULL,NULL,4,'2016-09-10 08:06:09','2016-09-09 12:11:07','112.64.128.10','112.64.128.10','2016-09-02 13:48:54','2016-09-10 08:06:09',NULL,'Expert',NULL),(71,'培训讲师1','$2a$11$yAs3pj1/txl9nXE7WnpLHeDWXHFzfBmsuhQ9UgFGYk4wp/ZUOvLkO','1111@qq.com',NULL,NULL,NULL,2,'2016-09-23 20:57:47','2016-09-21 11:37:29','14.18.153.106','112.64.128.10','2016-09-21 11:30:12','2016-09-23 20:57:47',NULL,'Expert',NULL),(72,'培训讲师2','$2a$11$p6Qq18STcefsC.vIVzi3QucXWf6tqQDp1dk97jN44TBhWNTrpc0W2','jiangshi2@qq.com',NULL,NULL,NULL,4,'2016-09-22 16:32:53','2016-09-21 14:47:56','116.231.128.117','101.86.190.219','2016-09-21 11:31:15','2016-09-22 16:32:53',NULL,'Expert',NULL),(73,'马树超','$2a$11$gOziB.47QPIes4nhyIVBQ.q40ILsLfVYl5SZP8wZpKCBF5Eg92SUq','11@qq.com',NULL,NULL,NULL,2,'2016-10-31 07:34:31','2016-10-31 07:28:47','112.64.128.10','112.64.128.10','2016-10-19 19:04:07','2016-10-31 07:34:31',NULL,'Expert',NULL),(74,'潘飞','$2a$11$8cPPn92LFaeSyeP1kuEWROgqpbtzAtvo52uKzHfjHCuqcDIliGOMy','11@qq.com',NULL,NULL,NULL,22,'2016-10-31 15:26:26','2016-10-31 15:15:18','112.64.128.10','112.64.128.10','2016-10-19 19:04:25','2016-10-31 15:26:26',NULL,'Expert',NULL),(75,'许涛','$2a$11$qdjw3VgW0ul6dM1BW8cU.u0Wa5RBhMVxxTYCINRH5ycyB5yAu6rai','11@qq.com',NULL,NULL,NULL,2,'2016-10-31 12:37:16','2016-10-31 08:34:48','112.64.128.10','112.64.128.10','2016-10-19 19:04:47','2016-10-31 12:37:16',NULL,'Expert',NULL),(76,'娄斌超','$2a$11$wydhcV2DFmionY70r9qDU.AnOOhyQ1F6Fssi/Po3vrn6AP7yN9Kua','11@qq.com',NULL,NULL,NULL,1,'2016-10-31 07:24:37','2016-10-31 07:24:37','112.64.128.10','112.64.128.10','2016-10-19 19:05:04','2016-10-31 07:24:37',NULL,'Expert',NULL),(77,'杜国城','$2a$11$fX5y8mdTQDJUnWSD3uyvOuMUMggDqwWqBX.yjyin54KTldj97rBna','11@qq.com',NULL,NULL,NULL,5,'2016-10-31 15:59:59','2016-10-31 15:58:27','180.173.176.39','112.64.128.10','2016-10-19 19:05:21','2016-10-31 15:59:59',NULL,'Expert',NULL),(78,'滕跃民','$2a$11$EgM/rPw.osMmuAj7Zg98B.o.rDUaQgwtfKIy9.vD2Z8nHHWoeHiGm','11@qq.com',NULL,NULL,NULL,3,'2016-10-31 16:04:54','2016-10-31 08:19:59','112.64.128.10','112.64.128.10','2016-10-19 20:04:01','2016-10-31 16:04:54',NULL,'Expert',NULL),(79,'上海海事大学高等技术学院','$2a$11$KYexZw1jHKuTgv61GMGkYu2rF/5O2QNcBIMaT2PmsK3zp1YyGh89O',NULL,NULL,NULL,NULL,0,NULL,NULL,NULL,NULL,'2016-10-20 14:04:39','2016-10-20 14:04:39',35,'SchoolUser',NULL);
/*!40000 ALTER TABLE `users` ENABLE KEYS */;
UNLOCK TABLES;
/*!40103 SET TIME_ZONE=@OLD_TIME_ZONE */;

/*!40101 SET SQL_MODE=@OLD_SQL_MODE */;
/*!40014 SET FOREIGN_KEY_CHECKS=@OLD_FOREIGN_KEY_CHECKS */;
/*!40014 SET UNIQUE_CHECKS=@OLD_UNIQUE_CHECKS */;
/*!40101 SET CHARACTER_SET_CLIENT=@OLD_CHARACTER_SET_CLIENT */;
/*!40101 SET CHARACTER_SET_RESULTS=@OLD_CHARACTER_SET_RESULTS */;
/*!40101 SET COLLATION_CONNECTION=@OLD_COLLATION_CONNECTION */;
/*!40111 SET SQL_NOTES=@OLD_SQL_NOTES */;

-- Dump completed on 2016-11-14  9:14:37
